// Generated by tools/ttf2vlw.py -- do not edit.
#pragma once
#include <pgmspace.h>

// 57857 bytes
const uint8_t fontMeaning[] PROGMEM = {
  0x00, 0x00, 0x00, 0xE5, 0x00, 0x00, 0x00, 0x0B, 0x00, 0x00, 0x00, 0x19, 0x00, 0x00, 0x00, 0x00,
  0x00, 0x00, 0x00, 0x10, 0x00, 0x00, 0x00, 0x04, 0x00, 0x00, 0x00, 0x20, 0x00, 0x00, 0x00, 0x00,
  0x00, 0x00, 0x00, 0x00, 0x00, 0x00, 0x00, 0x06, 0x00, 0x00, 0x00, 0x00, 0x00, 0x00, 0x00, 0x00,
  0x00, 0x00, 0x00, 0x00, 0x00, 0x00, 0x00, 0x21, 0x00, 0x00, 0x00, 0x10, 0x00, 0x00, 0x00, 0x06,
  0x00, 0x00, 0x00, 0x06, 0x00, 0x00, 0x00, 0x10, 0x00, 0x00, 0x00, 0x00, 0x00, 0x00, 0x00, 0x00,
  0x00, 0x00, 0x00, 0x22, 0x00, 0x00, 0x00, 0x10, 0x00, 0x00, 0x00, 0x08, 0x00, 0x00, 0x00, 0x08,
  0x00, 0x00, 0x00, 0x10, 0x00, 0x00, 0x00, 0x00, 0x00, 0x00, 0x00, 0x00, 0x00, 0x00, 0x00, 0x23,
  0x00, 0x00, 0x00, 0x10, 0x00, 0x00, 0x00, 0x0C, 0x00, 0x00, 0x00, 0x0C, 0x00, 0x00, 0x00, 0x10,
  0x00, 0x00, 0x00, 0x00, 0x00, 0x00, 0x00, 0x00, 0x00, 0x00, 0x00, 0x24, 0x00, 0x00, 0x00, 0x13,
  0x00, 0x00, 0x00, 0x0C, 0x00, 0x00, 0x00, 0x0C, 0x00, 0x00, 0x00, 0x11, 0x00, 0x00, 0x00, 0x00,
  0x00, 0x00, 0x00, 0x00, 0x00, 0x00, 0x00, 0x25, 0x00, 0x00, 0x00, 0x10, 0x00, 0x00, 0x00, 0x14,
  0x00, 0x00, 0x00, 0x14, 0x00, 0x00, 0x00, 0x10, 0x00, 0x00, 0x00, 0x00, 0x00, 0x00, 0x00, 0x00,
  0x00, 0x00, 0x00, 0x26, 0x00, 0x00, 0x00, 0x10, 0x00, 0x00, 0x00, 0x0F, 0x00, 0x00, 0x00, 0x0F,
  0x00, 0x00, 0x00, 0x10, 0x00, 0x00, 0x00, 0x00, 0x00, 0x00, 0x00, 0x00, 0x00, 0x00, 0x00, 0x27,
  0x00, 0x00, 0x00, 0x10, 0x00, 0x00, 0x00, 0x04, 0x00, 0x00, 0x00, 0x04, 0x00, 0x00, 0x00, 0x10,
  0x00, 0x00, 0x00, 0x00, 0x00, 0x00, 0x00, 0x00, 0x00, 0x00, 0x00, 0x28, 0x00, 0x00, 0x00, 0x14,
  0x00, 0x00, 0x00, 0x07, 0x00, 0x00, 0x00, 0x07, 0x00, 0x00, 0x00, 0x10, 0x00, 0x00, 0x00, 0x00,
  0x00, 0x00, 0x00, 0x00, 0x00, 0x00, 0x00, 0x29, 0x00, 0x00, 0x00, 0x14, 0x00, 0x00, 0x00, 0x07,
  0x00, 0x00, 0x00, 0x07, 0x00, 0x00, 0x00, 0x10, 0x00, 0x00, 0x00, 0x00, 0x00, 0x00, 0x00, 0x00,
  0x00, 0x00, 0x00, 0x2A, 0x00, 0x00, 0x00, 0x10, 0x00, 0x00, 0x00, 0x09, 0x00, 0x00, 0x00, 0x09,
  0x00, 0x00, 0x00, 0x10, 0x00, 0x00, 0x00, 0x00, 0x00, 0x00, 0x00, 0x00, 0x00, 0x00, 0x00, 0x2B,
  0x00, 0x00, 0x00, 0x0D, 0x00, 0x00, 0x00, 0x0D, 0x00, 0x00, 0x00, 0x0D, 0x00, 0x00, 0x00, 0x0D,
  0x00, 0x00, 0x00, 0x00, 0x00, 0x00, 0x00, 0x00, 0x00, 0x00, 0x00, 0x2C, 0x00, 0x00, 0x00, 0x05,
  0x00, 0x00, 0x00, 0x06, 0x00, 0x00, 0x00, 0x06, 0x00, 0x00, 0x00, 0x02, 0x00, 0x00, 0x00, 0x00,
  0x00, 0x00, 0x00, 0x00, 0x00, 0x00, 0x00, 0x2D, 0x00, 0x00, 0x00, 0x07, 0x00, 0x00, 0x00, 0x07,
  0x00, 0x00, 0x00, 0x07, 0x00, 0x00, 0x00, 0x07, 0x00, 0x00, 0x00, 0x00, 0x00, 0x00, 0x00, 0x00,
  0x00, 0x00, 0x00, 0x2E, 0x00, 0x00, 0x00, 0x02, 0x00, 0x00, 0x00, 0x06, 0x00, 0x00, 0x00, 0x06,
  0x00, 0x00, 0x00, 0x02, 0x00, 0x00, 0x00, 0x00, 0x00, 0x00, 0x00, 0x00, 0x00, 0x00, 0x00, 0x2F,
  0x00, 0x00, 0x00, 0x10, 0x00, 0x00, 0x00, 0x07, 0x00, 0x00, 0x00, 0x06, 0x00, 0x00, 0x00, 0x10,
  0x00, 0x00, 0x00, 0x00, 0x00, 0x00, 0x00, 0x00, 0x00, 0x00, 0x00, 0x30, 0x00, 0x00, 0x00, 0x10,
  0x00, 0x00, 0x00, 0x0C, 0x00, 0x00, 0x00, 0x0C, 0x00, 0x00, 0x00, 0x10, 0x00, 0x00, 0x00, 0x00,
  0x00, 0x00, 0x00, 0x00, 0x00, 0x00, 0x00, 0x31, 0x00, 0x00, 0x00, 0x10, 0x00, 0x00, 0x00, 0x0C,
  0x00, 0x00, 0x00, 0x0C, 0x00, 0x00, 0x00, 0x10, 0x00, 0x00, 0x00, 0x00, 0x00, 0x00, 0x00, 0x00,
  0x00, 0x00, 0x00, 0x32, 0x00, 0x00, 0x00, 0x10, 0x00, 0x00, 0x00, 0x0C, 0x00, 0x00, 0x00, 0x0C,
  0x00, 0x00, 0x00, 0x10, 0x00, 0x00, 0x00, 0x00, 0x00, 0x00, 0x00, 0x00, 0x00, 0x00, 0x00, 0x33,
  0x00, 0x00, 0x00, 0x10, 0x00, 0x00, 0x00, 0x0C, 0x00, 0x00, 0x00, 0x0C, 0x00, 0x00, 0x00, 0x10,
  0x00, 0x00, 0x00, 0x00, 0x00, 0x00, 0x00, 0x00, 0x00, 0x00, 0x00, 0x34, 0x00, 0x00, 0x00, 0x10,
  0x00, 0x00, 0x00, 0x0C, 0x00, 0x00, 0x00, 0x0C, 0x00, 0x00, 0x00, 0x10, 0x00, 0x00, 0x00, 0x00,
  0x00, 0x00, 0x00, 0x00, 0x00, 0x00, 0x00, 0x35, 0x00, 0x00, 0x00, 0x10, 0x00, 0x00, 0x00, 0x0C,
  0x00, 0x00, 0x00, 0x0C, 0x00, 0x00, 0x00, 0x10, 0x00, 0x00, 0x00, 0x00, 0x00, 0x00, 0x00, 0x00,
  0x00, 0x00, 0x00, 0x36, 0x00, 0x00, 0x00, 0x10, 0x00, 0x00, 0x00, 0x0C, 0x00, 0x00, 0x00, 0x0C,
  0x00, 0x00, 0x00, 0x10, 0x00, 0x00, 0x00, 0x00, 0x00, 0x00, 0x00, 0x00, 0x00, 0x00, 0x00, 0x37,
  0x00, 0x00, 0x00, 0x10, 0x00, 0x00, 0x00, 0x0C, 0x00, 0x00, 0x00, 0x0C, 0x00, 0x00, 0x00, 0x10,
  0x00, 0x00, 0x00, 0x00, 0x00, 0x00, 0x00, 0x00, 0x00, 0x00, 0x00, 0x38, 0x00, 0x00, 0x00, 0x10,
  0x00, 0x00, 0x00, 0x0C, 0x00, 0x00, 0x00, 0x0C, 0x00, 0x00, 0x00, 0x10, 0x00, 0x00, 0x00, 0x00,
  0x00, 0x00, 0x00, 0x00, 0x00, 0x00, 0x00, 0x39, 0x00, 0x00, 0x00, 0x10, 0x00, 0x00, 0x00, 0x0C,
  0x00, 0x00, 0x00, 0x0C, 0x00, 0x00, 0x00, 0x10, 0x00, 0x00, 0x00, 0x00, 0x00, 0x00, 0x00, 0x00,
  0x00, 0x00, 0x00, 0x3A, 0x00, 0x00, 0x00, 0x0C, 0x00, 0x00, 0x00, 0x06, 0x00, 0x00, 0x00, 0x06,
  0x00, 0x00, 0x00, 0x0C, 0x00, 0x00, 0x00, 0x00, 0x00, 0x00, 0x00, 0x00, 0x00, 0x00, 0x00, 0x3B,
  0x00, 0x00, 0x00, 0x0F, 0x00, 0x00, 0x00, 0x06, 0x00, 0x00, 0x00, 0x06, 0x00, 0x00, 0x00, 0x0C,
  0x00, 0x00, 0x00, 0x00, 0x00, 0x00, 0x00, 0x00, 0x00, 0x00, 0x00, 0x3C, 0x00, 0x00, 0x00, 0x0D,
  0x00, 0x00, 0x00, 0x0D, 0x00, 0x00, 0x00, 0x0D, 0x00, 0x00, 0x00, 0x0D, 0x00, 0x00, 0x00, 0x00,
  0x00, 0x00, 0x00, 0x00, 0x00, 0x00, 0x00, 0x3D, 0x00, 0x00, 0x00, 0x0B, 0x00, 0x00, 0x00, 0x0D,
  0x00, 0x00, 0x00, 0x0D, 0x00, 0x00, 0x00, 0x0B, 0x00, 0x00, 0x00, 0x00, 0x00, 0x00, 0x00, 0x00,
  0x00, 0x00, 0x00, 0x3E, 0x00, 0x00, 0x00, 0x0D, 0x00, 0x00, 0x00, 0x0D, 0x00, 0x00, 0x00, 0x0D,
  0x00, 0x00, 0x00, 0x0D, 0x00, 0x00, 0x00, 0x00, 0x00, 0x00, 0x00, 0x00, 0x00, 0x00, 0x00, 0x3F,
  0x00, 0x00, 0x00, 0x10, 0x00, 0x00, 0x00, 0x0C, 0x00, 0x00, 0x00, 0x0C, 0x00, 0x00, 0x00, 0x10,
  0x00, 0x00, 0x00, 0x00, 0x00, 0x00, 0x00, 0x00, 0x00, 0x00, 0x00, 0x40, 0x00, 0x00, 0x00, 0x15,
  0x00, 0x00, 0x00, 0x16, 0x00, 0x00, 0x00, 0x16, 0x00, 0x00, 0x00, 0x10, 0x00, 0x00, 0x00, 0x00,
  0x00, 0x00, 0x00, 0x00, 0x00, 0x00, 0x00, 0x41, 0x00, 0x00, 0x00, 0x10, 0x00, 0x00, 0x00, 0x10,
  0x00, 0x00, 0x00, 0x0F, 0x00, 0x00, 0x00, 0x10, 0xFF, 0xFF, 0xFF, 0xFF, 0x00, 0x00, 0x00, 0x00,
  0x00, 0x00, 0x00, 0x42, 0x00, 0x00, 0x00, 0x10, 0x00, 0x00, 0x00, 0x0F, 0x00, 0x00, 0x00, 0x0F,
  0x00, 0x00, 0x00, 0x10, 0x00, 0x00, 0x00, 0x00, 0x00, 0x00, 0x00, 0x00, 0x00, 0x00, 0x00, 0x43,
  0x00, 0x00, 0x00, 0x10, 0x00, 0x00, 0x00, 0x10, 0x00, 0x00, 0x00, 0x10, 0x00, 0x00, 0x00, 0x10,
  0x00, 0x00, 0x00, 0x00, 0x00, 0x00, 0x00, 0x00, 0x00, 0x00, 0x00, 0x44, 0x00, 0x00, 0x00, 0x10,
  0x00, 0x00, 0x00, 0x10, 0x00, 0x00, 0x00, 0x10, 0x00, 0x00, 0x00, 0x10, 0x00, 0x00, 0x00, 0x00,
  0x00, 0x00, 0x00, 0x00, 0x00, 0x00, 0x00, 0x45, 0x00, 0x00, 0x00, 0x10, 0x00, 0x00, 0x00, 0x0F,
  0x00, 0x00, 0x00, 0x0F, 0x00, 0x00, 0x00, 0x10, 0x00, 0x00, 0x00, 0x00, 0x00, 0x00, 0x00, 0x00,
  0x00, 0x00, 0x00, 0x46, 0x00, 0x00, 0x00, 0x10, 0x00, 0x00, 0x00, 0x0D, 0x00, 0x00, 0x00, 0x0D,
  0x00, 0x00, 0x00, 0x10, 0x00, 0x00, 0x00, 0x00, 0x00, 0x00, 0x00, 0x00, 0x00, 0x00, 0x00, 0x47,
  0x00, 0x00, 0x00, 0x10, 0x00, 0x00, 0x00, 0x11, 0x00, 0x00, 0x00, 0x11, 0x00, 0x00, 0x00, 0x10,
  0x00, 0x00, 0x00, 0x00, 0x00, 0x00, 0x00, 0x00, 0x00, 0x00, 0x00, 0x48, 0x00, 0x00, 0x00, 0x10,
  0x00, 0x00, 0x00, 0x10, 0x00, 0x00, 0x00, 0x10, 0x00, 0x00, 0x00, 0x10, 0x00, 0x00, 0x00, 0x00,
  0x00, 0x00, 0x00, 0x00, 0x00, 0x00, 0x00, 0x49, 0x00, 0x00, 0x00, 0x10, 0x00, 0x00, 0x00, 0x06,
  0x00, 0x00, 0x00, 0x06, 0x00, 0x00, 0x00, 0x10, 0x00, 0x00, 0x00, 0x00, 0x00, 0x00, 0x00, 0x00,
  0x00, 0x00, 0x00, 0x4A, 0x00, 0x00, 0x00, 0x10, 0x00, 0x00, 0x00, 0x0B, 0x00, 0x00, 0x00, 0x0B,
  0x00, 0x00, 0x00, 0x10, 0x00, 0x00, 0x00, 0x00, 0x00, 0x00, 0x00, 0x00, 0x00, 0x00, 0x00, 0x4B,
  0x00, 0x00, 0x00, 0x10, 0x00, 0x00, 0x00, 0x0F, 0x00, 0x00, 0x00, 0x0F, 0x00, 0x00, 0x00, 0x10,
  0x00, 0x00, 0x00, 0x00, 0x00, 0x00, 0x00, 0x00, 0x00, 0x00, 0x00, 0x4C, 0x00, 0x00, 0x00, 0x10,
  0x00, 0x00, 0x00, 0x0C, 0x00, 0x00, 0x00, 0x0C, 0x00, 0x00, 0x00, 0x10, 0x00, 0x00, 0x00, 0x00,
  0x00, 0x00, 0x00, 0x00, 0x00, 0x00, 0x00, 0x4D, 0x00, 0x00, 0x00, 0x10, 0x00, 0x00, 0x00, 0x12,
  0x00, 0x00, 0x00, 0x12, 0x00, 0x00, 0x00, 0x10, 0x00, 0x00, 0x00, 0x00, 0x00, 0x00, 0x00, 0x00,
  0x00, 0x00, 0x00, 0x4E, 0x00, 0x00, 0x00, 0x10, 0x00, 0x00, 0x00, 0x10, 0x00, 0x00, 0x00, 0x10,
  0x00, 0x00, 0x00, 0x10, 0x00, 0x00, 0x00, 0x00, 0x00, 0x00, 0x00, 0x00, 0x00, 0x00, 0x00, 0x4F,
  0x00, 0x00, 0x00, 0x10, 0x00, 0x00, 0x00, 0x11, 0x00, 0x00, 0x00, 0x11, 0x00, 0x00, 0x00, 0x10,
  0x00, 0x00, 0x00, 0x00, 0x00, 0x00, 0x00, 0x00, 0x00, 0x00, 0x00, 0x50, 0x00, 0x00, 0x00, 0x10,
  0x00, 0x00, 0x00, 0x0F, 0x00, 0x00, 0x00, 0x0F, 0x00, 0x00, 0x00, 0x10, 0x00, 0x00, 0x00, 0x00,
  0x00, 0x00, 0x00, 0x00, 0x00, 0x00, 0x00, 0x51, 0x00, 0x00, 0x00, 0x11, 0x00, 0x00, 0x00, 0x11,
  0x00, 0x00, 0x00, 0x11, 0x00, 0x00, 0x00, 0x10, 0x00, 0x00, 0x00, 0x00, 0x00, 0x00, 0x00, 0x00,
  0x00, 0x00, 0x00, 0x52, 0x00, 0x00, 0x00, 0x10, 0x00, 0x00, 0x00, 0x10, 0x00, 0x00, 0x00, 0x10,
  0x00, 0x00, 0x00, 0x10, 0x00, 0x00, 0x00, 0x00, 0x00, 0x00, 0x00, 0x00, 0x00, 0x00, 0x00, 0x53,
  0x00, 0x00, 0x00, 0x10, 0x00, 0x00, 0x00, 0x0F, 0x00, 0x00, 0x00, 0x0F, 0x00, 0x00, 0x00, 0x10,
  0x00, 0x00, 0x00, 0x00, 0x00, 0x00, 0x00, 0x00, 0x00, 0x00, 0x00, 0x54, 0x00, 0x00, 0x00, 0x10,
  0x00, 0x00, 0x00, 0x0D, 0x00, 0x00, 0x00, 0x0D, 0x00, 0x00, 0x00, 0x10, 0x00, 0x00, 0x00, 0x00,
  0x00, 0x00, 0x00, 0x00, 0x00, 0x00, 0x00, 0x55, 0x00, 0x00, 0x00, 0x10, 0x00, 0x00, 0x00, 0x10,
  0x00, 0x00, 0x00, 0x10, 0x00, 0x00, 0x00, 0x10, 0x00, 0x00, 0x00, 0x00, 0x00, 0x00, 0x00, 0x00,
  0x00, 0x00, 0x00, 0x56, 0x00, 0x00, 0x00, 0x10, 0x00, 0x00, 0x00, 0x0F, 0x00, 0x00, 0x00, 0x0F,
  0x00, 0x00, 0x00, 0x10, 0x00, 0x00, 0x00, 0x00, 0x00, 0x00, 0x00, 0x00, 0x00, 0x00, 0x00, 0x57,
  0x00, 0x00, 0x00, 0x10, 0x00, 0x00, 0x00, 0x15, 0x00, 0x00, 0x00, 0x15, 0x00, 0x00, 0x00, 0x10,
  0x00, 0x00, 0x00, 0x00, 0x00, 0x00, 0x00, 0x00, 0x00, 0x00, 0x00, 0x58, 0x00, 0x00, 0x00, 0x10,
  0x00, 0x00, 0x00, 0x0F, 0x00, 0x00, 0x00, 0x0F, 0x00, 0x00, 0x00, 0x10, 0x00, 0x00, 0x00, 0x00,
  0x00, 0x00, 0x00, 0x00, 0x00, 0x00, 0x00, 0x59, 0x00, 0x00, 0x00, 0x10, 0x00, 0x00, 0x00, 0x0F,
  0x00, 0x00, 0x00, 0x0F, 0x00, 0x00, 0x00, 0x10, 0x00, 0x00, 0x00, 0x00, 0x00, 0x00, 0x00, 0x00,
  0x00, 0x00, 0x00, 0x5A, 0x00, 0x00, 0x00, 0x10, 0x00, 0x00, 0x00, 0x0D, 0x00, 0x00, 0x00, 0x0D,
  0x00, 0x00, 0x00, 0x10, 0x00, 0x00, 0x00, 0x00, 0x00, 0x00, 0x00, 0x00, 0x00, 0x00, 0x00, 0x5B,
  0x00, 0x00, 0x00, 0x14, 0x00, 0x00, 0x00, 0x06, 0x00, 0x00, 0x00, 0x06, 0x00, 0x00, 0x00, 0x10,
  0x00, 0x00, 0x00, 0x00, 0x00, 0x00, 0x00, 0x00, 0x00, 0x00, 0x00, 0x5C, 0x00, 0x00, 0x00, 0x10,
  0x00, 0x00, 0x00, 0x07, 0x00, 0x00, 0x00, 0x06, 0x00, 0x00, 0x00, 0x10, 0x00, 0x00, 0x00, 0x00,
  0x00, 0x00, 0x00, 0x00, 0x00, 0x00, 0x00, 0x5D, 0x00, 0x00, 0x00, 0x14, 0x00, 0x00, 0x00, 0x06,
  0x00, 0x00, 0x00, 0x06, 0x00, 0x00, 0x00, 0x10, 0x00, 0x00, 0x00, 0x00, 0x00, 0x00, 0x00, 0x00,
  0x00, 0x00, 0x00, 0x5E, 0x00, 0x00, 0x00, 0x10, 0x00, 0x00, 0x00, 0x0A, 0x00, 0x00, 0x00, 0x0A,
  0x00, 0x00, 0x00, 0x10, 0x00, 0x00, 0x00, 0x00, 0x00, 0x00, 0x00, 0x00, 0x00, 0x00, 0x00, 0x5F,
  0x00, 0x00, 0x00, 0x04, 0x00, 0x00, 0x00, 0x0E, 0x00, 0x00, 0x00, 0x0C, 0x00, 0x00, 0x00, 0x00,
  0xFF, 0xFF, 0xFF, 0xFF, 0x00, 0x00, 0x00, 0x00, 0x00, 0x00, 0x00, 0x60, 0x00, 0x00, 0x00, 0x10,
  0x00, 0x00, 0x00, 0x07, 0x00, 0x00, 0x00, 0x07, 0x00, 0x00, 0x00, 0x10, 0x00, 0x00, 0x00, 0x00,
  0x00, 0x00, 0x00, 0x00, 0x00, 0x00, 0x00, 0x61, 0x00, 0x00, 0x00, 0x0C, 0x00, 0x00, 0x00, 0x0C,
  0x00, 0x00, 0x00, 0x0C, 0x00, 0x00, 0x00, 0x0C, 0x00, 0x00, 0x00, 0x00, 0x00, 0x00, 0x00, 0x00,
  0x00, 0x00, 0x00, 0x62, 0x00, 0x00, 0x00, 0x10, 0x00, 0x00, 0x00, 0x0C, 0x00, 0x00, 0x00, 0x0C,
  0x00, 0x00, 0x00, 0x10, 0x00, 0x00, 0x00, 0x00, 0x00, 0x00, 0x00, 0x00, 0x00, 0x00, 0x00, 0x63,
  0x00, 0x00, 0x00, 0x0C, 0x00, 0x00, 0x00, 0x0B, 0x00, 0x00, 0x00, 0x0B, 0x00, 0x00, 0x00, 0x0C,
  0x00, 0x00, 0x00, 0x00, 0x00, 0x00, 0x00, 0x00, 0x00, 0x00, 0x00, 0x64, 0x00, 0x00, 0x00, 0x10,
  0x00, 0x00, 0x00, 0x0C, 0x00, 0x00, 0x00, 0x0C, 0x00, 0x00, 0x00, 0x10, 0x00, 0x00, 0x00, 0x00,
  0x00, 0x00, 0x00, 0x00, 0x00, 0x00, 0x00, 0x65, 0x00, 0x00, 0x00, 0x0C, 0x00, 0x00, 0x00, 0x0C,
  0x00, 0x00, 0x00, 0x0C, 0x00, 0x00, 0x00, 0x0C, 0x00, 0x00, 0x00, 0x00, 0x00, 0x00, 0x00, 0x00,
  0x00, 0x00, 0x00, 0x66, 0x00, 0x00, 0x00, 0x10, 0x00, 0x00, 0x00, 0x07, 0x00, 0x00, 0x00, 0x06,
  0x00, 0x00, 0x00, 0x10, 0x00, 0x00, 0x00, 0x00, 0x00, 0x00, 0x00, 0x00, 0x00, 0x00, 0x00, 0x67,
  0x00, 0x00, 0x00, 0x10, 0x00, 0x00, 0x00, 0x0C, 0x00, 0x00, 0x00, 0x0C, 0x00, 0x00, 0x00, 0x0C,
  0x00, 0x00, 0x00, 0x00, 0x00, 0x00, 0x00, 0x00, 0x00, 0x00, 0x00, 0x68, 0x00, 0x00, 0x00, 0x10,
  0x00, 0x00, 0x00, 0x0C, 0x00, 0x00, 0x00, 0x0C, 0x00, 0x00, 0x00, 0x10, 0x00, 0x00, 0x00, 0x00,
  0x00, 0x00, 0x00, 0x00, 0x00, 0x00, 0x00, 0x69, 0x00, 0x00, 0x00, 0x10, 0x00, 0x00, 0x00, 0x05,
  0x00, 0x00, 0x00, 0x05, 0x00, 0x00, 0x00, 0x10, 0x00, 0x00, 0x00, 0x00, 0x00, 0x00, 0x00, 0x00,
  0x00, 0x00, 0x00, 0x6A, 0x00, 0x00, 0x00, 0x14, 0x00, 0x00, 0x00, 0x07, 0x00, 0x00, 0x00, 0x05,
  0x00, 0x00, 0x00, 0x10, 0xFF, 0xFF, 0xFF, 0xFE, 0x00, 0x00, 0x00, 0x00, 0x00, 0x00, 0x00, 0x6B,
  0x00, 0x00, 0x00, 0x10, 0x00, 0x00, 0x00, 0x0B, 0x00, 0x00, 0x00, 0x0B, 0x00, 0x00, 0x00, 0x10,
  0x00, 0x00, 0x00, 0x00, 0x00, 0x00, 0x00, 0x00, 0x00, 0x00, 0x00, 0x6C, 0x00, 0x00, 0x00, 0x10,
  0x00, 0x00, 0x00, 0x05, 0x00, 0x00, 0x00, 0x05, 0x00, 0x00, 0x00, 0x10, 0x00, 0x00, 0x00, 0x00,
  0x00, 0x00, 0x00, 0x00, 0x00, 0x00, 0x00, 0x6D, 0x00, 0x00, 0x00, 0x0C, 0x00, 0x00, 0x00, 0x12,
  0x00, 0x00, 0x00, 0x12, 0x00, 0x00, 0x00, 0x0C, 0x00, 0x00, 0x00, 0x00, 0x00, 0x00, 0x00, 0x00,
  0x00, 0x00, 0x00, 0x6E, 0x00, 0x00, 0x00, 0x0C, 0x00, 0x00, 0x00, 0x0C, 0x00, 0x00, 0x00, 0x0C,
  0x00, 0x00, 0x00, 0x0C, 0x00, 0x00, 0x00, 0x00, 0x00, 0x00, 0x00, 0x00, 0x00, 0x00, 0x00, 0x6F,
  0x00, 0x00, 0x00, 0x0C, 0x00, 0x00, 0x00, 0x0C, 0x00, 0x00, 0x00, 0x0C, 0x00, 0x00, 0x00, 0x0C,
  0x00, 0x00, 0x00, 0x00, 0x00, 0x00, 0x00, 0x00, 0x00, 0x00, 0x00, 0x70, 0x00, 0x00, 0x00, 0x10,
  0x00, 0x00, 0x00, 0x0C, 0x00, 0x00, 0x00, 0x0C, 0x00, 0x00, 0x00, 0x0C, 0x00, 0x00, 0x00, 0x00,
  0x00, 0x00, 0x00, 0x00, 0x00, 0x00, 0x00, 0x71, 0x00, 0x00, 0x00, 0x10, 0x00, 0x00, 0x00, 0x0C,
  0x00, 0x00, 0x00, 0x0C, 0x00, 0x00, 0x00, 0x0C, 0x00, 0x00, 0x00, 0x00, 0x00, 0x00, 0x00, 0x00,
  0x00, 0x00, 0x00, 0x72, 0x00, 0x00, 0x00, 0x0C, 0x00, 0x00, 0x00, 0x08, 0x00, 0x00, 0x00, 0x07,
  0x00, 0x00, 0x00, 0x0C, 0x00, 0x00, 0x00, 0x00, 0x00, 0x00, 0x00, 0x00, 0x00, 0x00, 0x00, 0x73,
  0x00, 0x00, 0x00, 0x0C, 0x00, 0x00, 0x00, 0x0B, 0x00, 0x00, 0x00, 0x0B, 0x00, 0x00, 0x00, 0x0C,
  0x00, 0x00, 0x00, 0x00, 0x00, 0x00, 0x00, 0x00, 0x00, 0x00, 0x00, 0x74, 0x00, 0x00, 0x00, 0x10,
  0x00, 0x00, 0x00, 0x06, 0x00, 0x00, 0x00, 0x06, 0x00, 0x00, 0x00, 0x10, 0x00, 0x00, 0x00, 0x00,
  0x00, 0x00, 0x00, 0x00, 0x00, 0x00, 0x00, 0x75, 0x00, 0x00, 0x00, 0x0C, 0x00, 0x00, 0x00, 0x0C,
  0x00, 0x00, 0x00, 0x0C, 0x00, 0x00, 0x00, 0x0C, 0x00, 0x00, 0x00, 0x00, 0x00, 0x00, 0x00, 0x00,
  0x00, 0x00, 0x00, 0x76, 0x00, 0x00, 0x00, 0x0C, 0x00, 0x00, 0x00, 0x0B, 0x00, 0x00, 0x00, 0x0B,
  0x00, 0x00, 0x00, 0x0C, 0x00, 0x00, 0x00, 0x00, 0x00, 0x00, 0x00, 0x00, 0x00, 0x00, 0x00, 0x77,
  0x00, 0x00, 0x00, 0x0C, 0x00, 0x00, 0x00, 0x10, 0x00, 0x00, 0x00, 0x10, 0x00, 0x00, 0x00, 0x0C,
  0x00, 0x00, 0x00, 0x00, 0x00, 0x00, 0x00, 0x00, 0x00, 0x00, 0x00, 0x78, 0x00, 0x00, 0x00, 0x0C,
  0x00, 0x00, 0x00, 0x0B, 0x00, 0x00, 0x00, 0x0B, 0x00, 0x00, 0x00, 0x0C, 0x00, 0x00, 0x00, 0x00,
  0x00, 0x00, 0x00, 0x00, 0x00, 0x00, 0x00, 0x79, 0x00, 0x00, 0x00, 0x10, 0x00, 0x00, 0x00, 0x0B,
  0x00, 0x00, 0x00, 0x0B, 0x00, 0x00, 0x00, 0x0C, 0x00, 0x00, 0x00, 0x00, 0x00, 0x00, 0x00, 0x00,
  0x00, 0x00, 0x00, 0x7A, 0x00, 0x00, 0x00, 0x0C, 0x00, 0x00, 0x00, 0x0B, 0x00, 0x00, 0x00, 0x0B,
  0x00, 0x00, 0x00, 0x0C, 0x00, 0x00, 0x00, 0x00, 0x00, 0x00, 0x00, 0x00, 0x00, 0x00, 0x00, 0x7B,
  0x00, 0x00, 0x00, 0x14, 0x00, 0x00, 0x00, 0x07, 0x00, 0x00, 0x00, 0x07, 0x00, 0x00, 0x00, 0x10,
  0x00, 0x00, 0x00, 0x00, 0x00, 0x00, 0x00, 0x00, 0x00, 0x00, 0x00, 0x7C, 0x00, 0x00, 0x00, 0x15,
  0x00, 0x00, 0x00, 0x06, 0x00, 0x00, 0x00, 0x06, 0x00, 0x00, 0x00, 0x10, 0x00, 0x00, 0x00, 0x00,
  0x00, 0x00, 0x00, 0x00, 0x00, 0x00, 0x00, 0x7D, 0x00, 0x00, 0x00, 0x14, 0x00, 0x00, 0x00, 0x07,
  0x00, 0x00, 0x00, 0x07, 0x00, 0x00, 0x00, 0x10, 0x00, 0x00, 0x00, 0x00, 0x00, 0x00, 0x00, 0x00,
  0x00, 0x00, 0x00, 0x7E, 0x00, 0x00, 0x00, 0x0A, 0x00, 0x00, 0x00, 0x0D, 0x00, 0x00, 0x00, 0x0D,
  0x00, 0x00, 0x00, 0x0A, 0x00, 0x00, 0x00, 0x00, 0x00, 0x00, 0x00, 0x00, 0x00, 0x00, 0x00, 0xC0,
  0x00, 0x00, 0x00, 0x14, 0x00, 0x00, 0x00, 0x10, 0x00, 0x00, 0x00, 0x0F, 0x00, 0x00, 0x00, 0x14,
  0xFF, 0xFF, 0xFF, 0xFF, 0x00, 0x00, 0x00, 0x00, 0x00, 0x00, 0x00, 0xC1, 0x00, 0x00, 0x00, 0x14,
  0x00, 0x00, 0x00, 0x10, 0x00, 0x00, 0x00, 0x0F, 0x00, 0x00, 0x00, 0x14, 0xFF, 0xFF, 0xFF, 0xFF,
  0x00, 0x00, 0x00, 0x00, 0x00, 0x00, 0x00, 0xC2, 0x00, 0x00, 0x00, 0x14, 0x00, 0x00, 0x00, 0x10,
  0x00, 0x00, 0x00, 0x0F, 0x00, 0x00, 0x00, 0x14, 0xFF, 0xFF, 0xFF, 0xFF, 0x00, 0x00, 0x00, 0x00,
  0x00, 0x00, 0x00, 0xC3, 0x00, 0x00, 0x00, 0x14, 0x00, 0x00, 0x00, 0x10, 0x00, 0x00, 0x00, 0x0F,
  0x00, 0x00, 0x00, 0x14, 0xFF, 0xFF, 0xFF, 0xFF, 0x00, 0x00, 0x00, 0x00, 0x00, 0x00, 0x00, 0xC8,
  0x00, 0x00, 0x00, 0x14, 0x00, 0x00, 0x00, 0x0F, 0x00, 0x00, 0x00, 0x0F, 0x00, 0x00, 0x00, 0x14,
  0x00, 0x00, 0x00, 0x00, 0x00, 0x00, 0x00, 0x00, 0x00, 0x00, 0x00, 0xC9, 0x00, 0x00, 0x00, 0x14,
  0x00, 0x00, 0x00, 0x0F, 0x00, 0x00, 0x00, 0x0F, 0x00, 0x00, 0x00, 0x14, 0x00, 0x00, 0x00, 0x00,
  0x00, 0x00, 0x00, 0x00, 0x00, 0x00, 0x00, 0xCA, 0x00, 0x00, 0x00, 0x14, 0x00, 0x00, 0x00, 0x0F,
  0x00, 0x00, 0x00, 0x0F, 0x00, 0x00, 0x00, 0x14, 0x00, 0x00, 0x00, 0x00, 0x00, 0x00, 0x00, 0x00,
  0x00, 0x00, 0x00, 0xCC, 0x00, 0x00, 0x00, 0x14, 0x00, 0x00, 0x00, 0x06, 0x00, 0x00, 0x00, 0x06,
  0x00, 0x00, 0x00, 0x14, 0x00, 0x00, 0x00, 0x00, 0x00, 0x00, 0x00, 0x00, 0x00, 0x00, 0x00, 0xCD,
  0x00, 0x00, 0x00, 0x14, 0x00, 0x00, 0x00, 0x06, 0x00, 0x00, 0x00, 0x06, 0x00, 0x00, 0x00, 0x14,
  0x00, 0x00, 0x00, 0x00, 0x00, 0x00, 0x00, 0x00, 0x00, 0x00, 0x00, 0xD2, 0x00, 0x00, 0x00, 0x14,
  0x00, 0x00, 0x00, 0x11, 0x00, 0x00, 0x00, 0x11, 0x00, 0x00, 0x00, 0x14, 0x00, 0x00, 0x00, 0x00,
  0x00, 0x00, 0x00, 0x00, 0x00, 0x00, 0x00, 0xD3, 0x00, 0x00, 0x00, 0x14, 0x00, 0x00, 0x00, 0x11,
  0x00, 0x00, 0x00, 0x11, 0x00, 0x00, 0x00, 0x14, 0x00, 0x00, 0x00, 0x00, 0x00, 0x00, 0x00, 0x00,
  0x00, 0x00, 0x00, 0xD4, 0x00, 0x00, 0x00, 0x14, 0x00, 0x00, 0x00, 0x11, 0x00, 0x00, 0x00, 0x11,
  0x00, 0x00, 0x00, 0x14, 0x00, 0x00, 0x00, 0x00, 0x00, 0x00, 0x00, 0x00, 0x00, 0x00, 0x00, 0xD5,
  0x00, 0x00, 0x00, 0x14, 0x00, 0x00, 0x00, 0x11, 0x00, 0x00, 0x00, 0x11, 0x00, 0x00, 0x00, 0x14,
  0x00, 0x00, 0x00, 0x00, 0x00, 0x00, 0x00, 0x00, 0x00, 0x00, 0x00, 0xD9, 0x00, 0x00, 0x00, 0x14,
  0x00, 0x00, 0x00, 0x10, 0x00, 0x00, 0x00, 0x10, 0x00, 0x00, 0x00, 0x14, 0x00, 0x00, 0x00, 0x00,
  0x00, 0x00, 0x00, 0x00, 0x00, 0x00, 0x00, 0xDA, 0x00, 0x00, 0x00, 0x14, 0x00, 0x00, 0x00, 0x10,
  0x00, 0x00, 0x00, 0x10, 0x00, 0x00, 0x00, 0x14, 0x00, 0x00, 0x00, 0x00, 0x00, 0x00, 0x00, 0x00,
  0x00, 0x00, 0x00, 0xDD, 0x00, 0x00, 0x00, 0x14, 0x00, 0x00, 0x00, 0x0F, 0x00, 0x00, 0x00, 0x0F,
  0x00, 0x00, 0x00, 0x14, 0x00, 0x00, 0x00, 0x00, 0x00, 0x00, 0x00, 0x00, 0x00, 0x00, 0x00, 0xE0,
  0x00, 0x00, 0x00, 0x10, 0x00, 0x00, 0x00, 0x0C, 0x00, 0x00, 0x00, 0x0C, 0x00, 0x00, 0x00, 0x10,
  0x00, 0x00, 0x00, 0x00, 0x00, 0x00, 0x00, 0x00, 0x00, 0x00, 0x00, 0xE1, 0x00, 0x00, 0x00, 0x10,
  0x00, 0x00, 0x00, 0x0C, 0x00, 0x00, 0x00, 0x0C, 0x00, 0x00, 0x00, 0x10, 0x00, 0x00, 0x00, 0x00,
  0x00, 0x00, 0x00, 0x00, 0x00, 0x00, 0x00, 0xE2, 0x00, 0x00, 0x00, 0x10, 0x00, 0x00, 0x00, 0x0C,
  0x00, 0x00, 0x00, 0x0C, 0x00, 0x00, 0x00, 0x10, 0x00, 0x00, 0x00, 0x00, 0x00, 0x00, 0x00, 0x00,
  0x00, 0x00, 0x00, 0xE3, 0x00, 0x00, 0x00, 0x10, 0x00, 0x00, 0x00, 0x0C, 0x00, 0x00, 0x00, 0x0C,
  0x00, 0x00, 0x00, 0x10, 0x00, 0x00, 0x00, 0x00, 0x00, 0x00, 0x00, 0x00, 0x00, 0x00, 0x00, 0xE8,
  0x00, 0x00, 0x00, 0x10, 0x00, 0x00, 0x00, 0x0C, 0x00, 0x00, 0x00, 0x0C, 0x00, 0x00, 0x00, 0x10,
  0x00, 0x00, 0x00, 0x00, 0x00, 0x00, 0x00, 0x00, 0x00, 0x00, 0x00, 0xE9, 0x00, 0x00, 0x00, 0x10,
  0x00, 0x00, 0x00, 0x0C, 0x00, 0x00, 0x00, 0x0C, 0x00, 0x00, 0x00, 0x10, 0x00, 0x00, 0x00, 0x00,
  0x00, 0x00, 0x00, 0x00, 0x00, 0x00, 0x00, 0xEA, 0x00, 0x00, 0x00, 0x10, 0x00, 0x00, 0x00, 0x0C,
  0x00, 0x00, 0x00, 0x0C, 0x00, 0x00, 0x00, 0x10, 0x00, 0x00, 0x00, 0x00, 0x00, 0x00, 0x00, 0x00,
  0x00, 0x00, 0x00, 0xEC, 0x00, 0x00, 0x00, 0x10, 0x00, 0x00, 0x00, 0x06, 0x00, 0x00, 0x00, 0x06,
  0x00, 0x00, 0x00, 0x10, 0x00, 0x00, 0x00, 0x00, 0x00, 0x00, 0x00, 0x00, 0x00, 0x00, 0x00, 0xED,
  0x00, 0x00, 0x00, 0x10, 0x00, 0x00, 0x00, 0x06, 0x00, 0x00, 0x00, 0x06, 0x00, 0x00, 0x00, 0x10,
  0x00, 0x00, 0x00, 0x00, 0x00, 0x00, 0x00, 0x00, 0x00, 0x00, 0x00, 0xF2, 0x00, 0x00, 0x00, 0x10,
  0x00, 0x00, 0x00, 0x0C, 0x00, 0x00, 0x00, 0x0C, 0x00, 0x00, 0x00, 0x10, 0x00, 0x00, 0x00, 0x00,
  0x00, 0x00, 0x00, 0x00, 0x00, 0x00, 0x00, 0xF3, 0x00, 0x00, 0x00, 0x10, 0x00, 0x00, 0x00, 0x0C,
  0x00, 0x00, 0x00, 0x0C, 0x00, 0x00, 0x00, 0x10, 0x00, 0x00, 0x00, 0x00, 0x00, 0x00, 0x00, 0x00,
  0x00, 0x00, 0x00, 0xF4, 0x00, 0x00, 0x00, 0x10, 0x00, 0x00, 0x00, 0x0C, 0x00, 0x00, 0x00, 0x0C,
  0x00, 0x00, 0x00, 0x10, 0x00, 0x00, 0x00, 0x00, 0x00, 0x00, 0x00, 0x00, 0x00, 0x00, 0x00, 0xF5,
  0x00, 0x00, 0x00, 0x10, 0x00, 0x00, 0x00, 0x0C, 0x00, 0x00, 0x00, 0x0C, 0x00, 0x00, 0x00, 0x10,
  0x00, 0x00, 0x00, 0x00, 0x00, 0x00, 0x00, 0x00, 0x00, 0x00, 0x00, 0xF9, 0x00, 0x00, 0x00, 0x10,
  0x00, 0x00, 0x00, 0x0C, 0x00, 0x00, 0x00, 0x0C, 0x00, 0x00, 0x00, 0x10, 0x00, 0x00, 0x00, 0x00,
  0x00, 0x00, 0x00, 0x00, 0x00, 0x00, 0x00, 0xFA, 0x00, 0x00, 0x00, 0x10, 0x00, 0x00, 0x00, 0x0C,
  0x00, 0x00, 0x00, 0x0C, 0x00, 0x00, 0x00, 0x10, 0x00, 0x00, 0x00, 0x00, 0x00, 0x00, 0x00, 0x00,
  0x00, 0x00, 0x00, 0xFD, 0x00, 0x00, 0x00, 0x14, 0x00, 0x00, 0x00, 0x0B, 0x00, 0x00, 0x00, 0x0B,
  0x00, 0x00, 0x00, 0x10, 0x00, 0x00, 0x00, 0x00, 0x00, 0x00, 0x00, 0x00, 0x00, 0x00, 0x01, 0x02,
  0x00, 0x00, 0x00, 0x14, 0x00, 0x00, 0x00, 0x10, 0x00, 0x00, 0x00, 0x0F, 0x00, 0x00, 0x00, 0x14,
  0xFF, 0xFF, 0xFF, 0xFF, 0x00, 0x00, 0x00, 0x00, 0x00, 0x00, 0x01, 0x03, 0x00, 0x00, 0x00, 0x10,
  0x00, 0x00, 0x00, 0x0C, 0x00, 0x00, 0x00, 0x0C, 0x00, 0x00, 0x00, 0x10, 0x00, 0x00, 0x00, 0x00,
  0x00, 0x00, 0x00, 0x00, 0x00, 0x00, 0x01, 0x10, 0x00, 0x00, 0x00, 0x10, 0x00, 0x00, 0x00, 0x11,
  0x00, 0x00, 0x00, 0x10, 0x00, 0x00, 0x00, 0x10, 0xFF, 0xFF, 0xFF, 0xFF, 0x00, 0x00, 0x00, 0x00,
  0x00, 0x00, 0x01, 0x11, 0x00, 0x00, 0x00, 0x10, 0x00, 0x00, 0x00, 0x0D, 0x00, 0x00, 0x00, 0x0C,
  0x00, 0x00, 0x00, 0x10, 0x00, 0x00, 0x00, 0x00, 0x00, 0x00, 0x00, 0x00, 0x00, 0x00, 0x01, 0x28,
  0x00, 0x00, 0x00, 0x14, 0x00, 0x00, 0x00, 0x08, 0x00, 0x00, 0x00, 0x06, 0x00, 0x00, 0x00, 0x14,
  0xFF, 0xFF, 0xFF, 0xFF, 0x00, 0x00, 0x00, 0x00, 0x00, 0x00, 0x01, 0x29, 0x00, 0x00, 0x00, 0x10,
  0x00, 0x00, 0x00, 0x08, 0x00, 0x00, 0x00, 0x06, 0x00, 0x00, 0x00, 0x10, 0xFF, 0xFF, 0xFF, 0xFF,
  0x00, 0x00, 0x00, 0x00, 0x00, 0x00, 0x01, 0x68, 0x00, 0x00, 0x00, 0x14, 0x00, 0x00, 0x00, 0x10,
  0x00, 0x00, 0x00, 0x10, 0x00, 0x00, 0x00, 0x14, 0x00, 0x00, 0x00, 0x00, 0x00, 0x00, 0x00, 0x00,
  0x00, 0x00, 0x01, 0x69, 0x00, 0x00, 0x00, 0x10, 0x00, 0x00, 0x00, 0x0C, 0x00, 0x00, 0x00, 0x0C,
  0x00, 0x00, 0x00, 0x10, 0x00, 0x00, 0x00, 0x00, 0x00, 0x00, 0x00, 0x00, 0x00, 0x00, 0x01, 0xA0,
  0x00, 0x00, 0x00, 0x10, 0x00, 0x00, 0x00, 0x13, 0x00, 0x00, 0x00, 0x13, 0x00, 0x00, 0x00, 0x10,
  0x00, 0x00, 0x00, 0x00, 0x00, 0x00, 0x00, 0x00, 0x00, 0x00, 0x01, 0xA1, 0x00, 0x00, 0x00, 0x0C,
  0x00, 0x00, 0x00, 0x0E, 0x00, 0x00, 0x00, 0x0E, 0x00, 0x00, 0x00, 0x0C, 0x00, 0x00, 0x00, 0x00,
  0x00, 0x00, 0x00, 0x00, 0x00, 0x00, 0x01, 0xAF, 0x00, 0x00, 0x00, 0x10, 0x00, 0x00, 0x00, 0x13,
  0x00, 0x00, 0x00, 0x13, 0x00, 0x00, 0x00, 0x10, 0x00, 0x00, 0x00, 0x00, 0x00, 0x00, 0x00, 0x00,
  0x00, 0x00, 0x01, 0xB0, 0x00, 0x00, 0x00, 0x0C, 0x00, 0x00, 0x00, 0x0F, 0x00, 0x00, 0x00, 0x0F,
  0x00, 0x00, 0x00, 0x0C, 0x00, 0x00, 0x00, 0x00, 0x00, 0x00, 0x00, 0x00, 0x00, 0x00, 0x1E, 0xA0,
  0x00, 0x00, 0x00, 0x13, 0x00, 0x00, 0x00, 0x10, 0x00, 0x00, 0x00, 0x0F, 0x00, 0x00, 0x00, 0x10,
  0xFF, 0xFF, 0xFF, 0xFF, 0x00, 0x00, 0x00, 0x00, 0x00, 0x00, 0x1E, 0xA1, 0x00, 0x00, 0x00, 0x0F,
  0x00, 0x00, 0x00, 0x0C, 0x00, 0x00, 0x00, 0x0C, 0x00, 0x00, 0x00, 0x0C, 0x00, 0x00, 0x00, 0x00,
  0x00, 0x00, 0x00, 0x00, 0x00, 0x00, 0x1E, 0xA2, 0x00, 0x00, 0x00, 0x14, 0x00, 0x00, 0x00, 0x10,
  0x00, 0x00, 0x00, 0x0F, 0x00, 0x00, 0x00, 0x14, 0xFF, 0xFF, 0xFF, 0xFF, 0x00, 0x00, 0x00, 0x00,
  0x00, 0x00, 0x1E, 0xA3, 0x00, 0x00, 0x00, 0x12, 0x00, 0x00, 0x00, 0x0C, 0x00, 0x00, 0x00, 0x0C,
  0x00, 0x00, 0x00, 0x12, 0x00, 0x00, 0x00, 0x00, 0x00, 0x00, 0x00, 0x00, 0x00, 0x00, 0x1E, 0xA4,
  0x00, 0x00, 0x00, 0x14, 0x00, 0x00, 0x00, 0x10, 0x00, 0x00, 0x00, 0x0F, 0x00, 0x00, 0x00, 0x14,
  0xFF, 0xFF, 0xFF, 0xFF, 0x00, 0x00, 0x00, 0x00, 0x00, 0x00, 0x1E, 0xA5, 0x00, 0x00, 0x00, 0x14,
  0x00, 0x00, 0x00, 0x0C, 0x00, 0x00, 0x00, 0x0C, 0x00, 0x00, 0x00, 0x14, 0x00, 0x00, 0x00, 0x00,
  0x00, 0x00, 0x00, 0x00, 0x00, 0x00, 0x1E, 0xA6, 0x00, 0x00, 0x00, 0x14, 0x00, 0x00, 0x00, 0x10,
  0x00, 0x00, 0x00, 0x0F, 0x00, 0x00, 0x00, 0x14, 0xFF, 0xFF, 0xFF, 0xFF, 0x00, 0x00, 0x00, 0x00,
  0x00, 0x00, 0x1E, 0xA7, 0x00, 0x00, 0x00, 0x14, 0x00, 0x00, 0x00, 0x0C, 0x00, 0x00, 0x00, 0x0C,
  0x00, 0x00, 0x00, 0x14, 0x00, 0x00, 0x00, 0x00, 0x00, 0x00, 0x00, 0x00, 0x00, 0x00, 0x1E, 0xA8,
  0x00, 0x00, 0x00, 0x14, 0x00, 0x00, 0x00, 0x10, 0x00, 0x00, 0x00, 0x0F, 0x00, 0x00, 0x00, 0x14,
  0xFF, 0xFF, 0xFF, 0xFF, 0x00, 0x00, 0x00, 0x00, 0x00, 0x00, 0x1E, 0xA9, 0x00, 0x00, 0x00, 0x14,
  0x00, 0x00, 0x00, 0x0C, 0x00, 0x00, 0x00, 0x0C, 0x00, 0x00, 0x00, 0x14, 0x00, 0x00, 0x00, 0x00,
  0x00, 0x00, 0x00, 0x00, 0x00, 0x00, 0x1E, 0xAA, 0x00, 0x00, 0x00, 0x14, 0x00, 0x00, 0x00, 0x10,
  0x00, 0x00, 0x00, 0x0F, 0x00, 0x00, 0x00, 0x14, 0xFF, 0xFF, 0xFF, 0xFF, 0x00, 0x00, 0x00, 0x00,
  0x00, 0x00, 0x1E, 0xAB, 0x00, 0x00, 0x00, 0x13, 0x00, 0x00, 0x00, 0x0C, 0x00, 0x00, 0x00, 0x0C,
  0x00, 0x00, 0x00, 0x13, 0x00, 0x00, 0x00, 0x00, 0x00, 0x00, 0x00, 0x00, 0x00, 0x00, 0x1E, 0xAC,
  0x00, 0x00, 0x00, 0x16, 0x00, 0x00, 0x00, 0x10, 0x00, 0x00, 0x00, 0x0F, 0x00, 0x00, 0x00, 0x13,
  0xFF, 0xFF, 0xFF, 0xFF, 0x00, 0x00, 0x00, 0x00, 0x00, 0x00, 0x1E, 0xAD, 0x00, 0x00, 0x00, 0x13,
  0x00, 0x00, 0x00, 0x0C, 0x00, 0x00, 0x00, 0x0C, 0x00, 0x00, 0x00, 0x10, 0x00, 0x00, 0x00, 0x00,
  0x00, 0x00, 0x00, 0x00, 0x00, 0x00, 0x1E, 0xAE, 0x00, 0x00, 0x00, 0x14, 0x00, 0x00, 0x00, 0x10,
  0x00, 0x00, 0x00, 0x0F, 0x00, 0x00, 0x00, 0x14, 0xFF, 0xFF, 0xFF, 0xFF, 0x00, 0x00, 0x00, 0x00,
  0x00, 0x00, 0x1E, 0xAF, 0x00, 0x00, 0x00, 0x14, 0x00, 0x00, 0x00, 0x0C, 0x00, 0x00, 0x00, 0x0C,
  0x00, 0x00, 0x00, 0x14, 0x00, 0x00, 0x00, 0x00, 0x00, 0x00, 0x00, 0x00, 0x00, 0x00, 0x1E, 0xB0,
  0x00, 0x00, 0x00, 0x14, 0x00, 0x00, 0x00, 0x10, 0x00, 0x00, 0x00, 0x0F, 0x00, 0x00, 0x00, 0x14,
  0xFF, 0xFF, 0xFF, 0xFF, 0x00, 0x00, 0x00, 0x00, 0x00, 0x00, 0x1E, 0xB1, 0x00, 0x00, 0x00, 0x14,
  0x00, 0x00, 0x00, 0x0C, 0x00, 0x00, 0x00, 0x0C, 0x00, 0x00, 0x00, 0x14, 0x00, 0x00, 0x00, 0x00,
  0x00, 0x00, 0x00, 0x00, 0x00, 0x00, 0x1E, 0xB2, 0x00, 0x00, 0x00, 0x14, 0x00, 0x00, 0x00, 0x10,
  0x00, 0x00, 0x00, 0x0F, 0x00, 0x00, 0x00, 0x14, 0xFF, 0xFF, 0xFF, 0xFF, 0x00, 0x00, 0x00, 0x00,
  0x00, 0x00, 0x1E, 0xB3, 0x00, 0x00, 0x00, 0x14, 0x00, 0x00, 0x00, 0x0C, 0x00, 0x00, 0x00, 0x0C,
  0x00, 0x00, 0x00, 0x14, 0x00, 0x00, 0x00, 0x00, 0x00, 0x00, 0x00, 0x00, 0x00, 0x00, 0x1E, 0xB4,
  0x00, 0x00, 0x00, 0x14, 0x00, 0x00, 0x00, 0x10, 0x00, 0x00, 0x00, 0x0F, 0x00, 0x00, 0x00, 0x14,
  0xFF, 0xFF, 0xFF, 0xFF, 0x00, 0x00, 0x00, 0x00, 0x00, 0x00, 0x1E, 0xB5, 0x00, 0x00, 0x00, 0x13,
  0x00, 0x00, 0x00, 0x0C, 0x00, 0x00, 0x00, 0x0C, 0x00, 0x00, 0x00, 0x13, 0x00, 0x00, 0x00, 0x00,
  0x00, 0x00, 0x00, 0x00, 0x00, 0x00, 0x1E, 0xB6, 0x00, 0x00, 0x00, 0x16, 0x00, 0x00, 0x00, 0x10,
  0x00, 0x00, 0x00, 0x0F, 0x00, 0x00, 0x00, 0x13, 0xFF, 0xFF, 0xFF, 0xFF, 0x00, 0x00, 0x00, 0x00,
  0x00, 0x00, 0x1E, 0xB7, 0x00, 0x00, 0x00, 0x13, 0x00, 0x00, 0x00, 0x0C, 0x00, 0x00, 0x00, 0x0C,
  0x00, 0x00, 0x00, 0x10, 0x00, 0x00, 0x00, 0x00, 0x00, 0x00, 0x00, 0x00, 0x00, 0x00, 0x1E, 0xB8,
  0x00, 0x00, 0x00, 0x13, 0x00, 0x00, 0x00, 0x0F, 0x00, 0x00, 0x00, 0x0F, 0x00, 0x00, 0x00, 0x10,
  0x00, 0x00, 0x00, 0x00, 0x00, 0x00, 0x00, 0x00, 0x00, 0x00, 0x1E, 0xB9, 0x00, 0x00, 0x00, 0x0F,
  0x00, 0x00, 0x00, 0x0C, 0x00, 0x00, 0x00, 0x0C, 0x00, 0x00, 0x00, 0x0C, 0x00, 0x00, 0x00, 0x00,
  0x00, 0x00, 0x00, 0x00, 0x00, 0x00, 0x1E, 0xBA, 0x00, 0x00, 0x00, 0x14, 0x00, 0x00, 0x00, 0x0F,
  0x00, 0x00, 0x00, 0x0F, 0x00, 0x00, 0x00, 0x14, 0x00, 0x00, 0x00, 0x00, 0x00, 0x00, 0x00, 0x00,
  0x00, 0x00, 0x1E, 0xBB, 0x00, 0x00, 0x00, 0x12, 0x00, 0x00, 0x00, 0x0C, 0x00, 0x00, 0x00, 0x0C,
  0x00, 0x00, 0x00, 0x12, 0x00, 0x00, 0x00, 0x00, 0x00, 0x00, 0x00, 0x00, 0x00, 0x00, 0x1E, 0xBC,
  0x00, 0x00, 0x00, 0x14, 0x00, 0x00, 0x00, 0x0F, 0x00, 0x00, 0x00, 0x0F, 0x00, 0x00, 0x00, 0x14,
  0x00, 0x00, 0x00, 0x00, 0x00, 0x00, 0x00, 0x00, 0x00, 0x00, 0x1E, 0xBD, 0x00, 0x00, 0x00, 0x10,
  0x00, 0x00, 0x00, 0x0C, 0x00, 0x00, 0x00, 0x0C, 0x00, 0x00, 0x00, 0x10, 0x00, 0x00, 0x00, 0x00,
  0x00, 0x00, 0x00, 0x00, 0x00, 0x00, 0x1E, 0xBE, 0x00, 0x00, 0x00, 0x14, 0x00, 0x00, 0x00, 0x0F,
  0x00, 0x00, 0x00, 0x0F, 0x00, 0x00, 0x00, 0x14, 0x00, 0x00, 0x00, 0x00, 0x00, 0x00, 0x00, 0x00,
  0x00, 0x00, 0x1E, 0xBF, 0x00, 0x00, 0x00, 0x14, 0x00, 0x00, 0x00, 0x0C, 0x00, 0x00, 0x00, 0x0C,
  0x00, 0x00, 0x00, 0x14, 0x00, 0x00, 0x00, 0x00, 0x00, 0x00, 0x00, 0x00, 0x00, 0x00, 0x1E, 0xC0,
  0x00, 0x00, 0x00, 0x14, 0x00, 0x00, 0x00, 0x0F, 0x00, 0x00, 0x00, 0x0F, 0x00, 0x00, 0x00, 0x14,
  0x00, 0x00, 0x00, 0x00, 0x00, 0x00, 0x00, 0x00, 0x00, 0x00, 0x1E, 0xC1, 0x00, 0x00, 0x00, 0x14,
  0x00, 0x00, 0x00, 0x0C, 0x00, 0x00, 0x00, 0x0C, 0x00, 0x00, 0x00, 0x14, 0x00, 0x00, 0x00, 0x00,
  0x00, 0x00, 0x00, 0x00, 0x00, 0x00, 0x1E, 0xC2, 0x00, 0x00, 0x00, 0x14, 0x00, 0x00, 0x00, 0x0F,
  0x00, 0x00, 0x00, 0x0F, 0x00, 0x00, 0x00, 0x14, 0x00, 0x00, 0x00, 0x00, 0x00, 0x00, 0x00, 0x00,
  0x00, 0x00, 0x1E, 0xC3, 0x00, 0x00, 0x00, 0x14, 0x00, 0x00, 0x00, 0x0C, 0x00, 0x00, 0x00, 0x0C,
  0x00, 0x00, 0x00, 0x14, 0x00, 0x00, 0x00, 0x00, 0x00, 0x00, 0x00, 0x00, 0x00, 0x00, 0x1E, 0xC4,
  0x00, 0x00, 0x00, 0x14, 0x00, 0x00, 0x00, 0x0F, 0x00, 0x00, 0x00, 0x0F, 0x00, 0x00, 0x00, 0x14,
  0x00, 0x00, 0x00, 0x00, 0x00, 0x00, 0x00, 0x00, 0x00, 0x00, 0x1E, 0xC5, 0x00, 0x00, 0x00, 0x13,
  0x00, 0x00, 0x00, 0x0C, 0x00, 0x00, 0x00, 0x0C, 0x00, 0x00, 0x00, 0x13, 0x00, 0x00, 0x00, 0x00,
  0x00, 0x00, 0x00, 0x00, 0x00, 0x00, 0x1E, 0xC6, 0x00, 0x00, 0x00, 0x16, 0x00, 0x00, 0x00, 0x0F,
  0x00, 0x00, 0x00, 0x0F, 0x00, 0x00, 0x00, 0x13, 0x00, 0x00, 0x00, 0x00, 0x00, 0x00, 0x00, 0x00,
  0x00, 0x00, 0x1E, 0xC7, 0x00, 0x00, 0x00, 0x13, 0x00, 0x00, 0x00, 0x0C, 0x00, 0x00, 0x00, 0x0C,
  0x00, 0x00, 0x00, 0x10, 0x00, 0x00, 0x00, 0x00, 0x00, 0x00, 0x00, 0x00, 0x00, 0x00, 0x1E, 0xC8,
  0x00, 0x00, 0x00, 0x14, 0x00, 0x00, 0x00, 0x06, 0x00, 0x00, 0x00, 0x06, 0x00, 0x00, 0x00, 0x14,
  0x00, 0x00, 0x00, 0x00, 0x00, 0x00, 0x00, 0x00, 0x00, 0x00, 0x1E, 0xC9, 0x00, 0x00, 0x00, 0x12,
  0x00, 0x00, 0x00, 0x06, 0x00, 0x00, 0x00, 0x05, 0x00, 0x00, 0x00, 0x12, 0x00, 0x00, 0x00, 0x00,
  0x00, 0x00, 0x00, 0x00, 0x00, 0x00, 0x1E, 0xCA, 0x00, 0x00, 0x00, 0x13, 0x00, 0x00, 0x00, 0x06,
  0x00, 0x00, 0x00, 0x06, 0x00, 0x00, 0x00, 0x10, 0x00, 0x00, 0x00, 0x00, 0x00, 0x00, 0x00, 0x00,
  0x00, 0x00, 0x1E, 0xCB, 0x00, 0x00, 0x00, 0x13, 0x00, 0x00, 0x00, 0x05, 0x00, 0x00, 0x00, 0x05,
  0x00, 0x00, 0x00, 0x10, 0x00, 0x00, 0x00, 0x00, 0x00, 0x00, 0x00, 0x00, 0x00, 0x00, 0x1E, 0xCC,
  0x00, 0x00, 0x00, 0x13, 0x00, 0x00, 0x00, 0x11, 0x00, 0x00, 0x00, 0x11, 0x00, 0x00, 0x00, 0x10,
  0x00, 0x00, 0x00, 0x00, 0x00, 0x00, 0x00, 0x00, 0x00, 0x00, 0x1E, 0xCD, 0x00, 0x00, 0x00, 0x0F,
  0x00, 0x00, 0x00, 0x0C, 0x00, 0x00, 0x00, 0x0C, 0x00, 0x00, 0x00, 0x0C, 0x00, 0x00, 0x00, 0x00,
  0x00, 0x00, 0x00, 0x00, 0x00, 0x00, 0x1E, 0xCE, 0x00, 0x00, 0x00, 0x14, 0x00, 0x00, 0x00, 0x11,
  0x00, 0x00, 0x00, 0x11, 0x00, 0x00, 0x00, 0x14, 0x00, 0x00, 0x00, 0x00, 0x00, 0x00, 0x00, 0x00,
  0x00, 0x00, 0x1E, 0xCF, 0x00, 0x00, 0x00, 0x12, 0x00, 0x00, 0x00, 0x0C, 0x00, 0x00, 0x00, 0x0C,
  0x00, 0x00, 0x00, 0x12, 0x00, 0x00, 0x00, 0x00, 0x00, 0x00, 0x00, 0x00, 0x00, 0x00, 0x1E, 0xD0,
  0x00, 0x00, 0x00, 0x14, 0x00, 0x00, 0x00, 0x11, 0x00, 0x00, 0x00, 0x11, 0x00, 0x00, 0x00, 0x14,
  0x00, 0x00, 0x00, 0x00, 0x00, 0x00, 0x00, 0x00, 0x00, 0x00, 0x1E, 0xD1, 0x00, 0x00, 0x00, 0x14,
  0x00, 0x00, 0x00, 0x0C, 0x00, 0x00, 0x00, 0x0C, 0x00, 0x00, 0x00, 0x14, 0x00, 0x00, 0x00, 0x00,
  0x00, 0x00, 0x00, 0x00, 0x00, 0x00, 0x1E, 0xD2, 0x00, 0x00, 0x00, 0x14, 0x00, 0x00, 0x00, 0x11,
  0x00, 0x00, 0x00, 0x11, 0x00, 0x00, 0x00, 0x14, 0x00, 0x00, 0x00, 0x00, 0x00, 0x00, 0x00, 0x00,
  0x00, 0x00, 0x1E, 0xD3, 0x00, 0x00, 0x00, 0x14, 0x00, 0x00, 0x00, 0x0C, 0x00, 0x00, 0x00, 0x0C,
  0x00, 0x00, 0x00, 0x14, 0x00, 0x00, 0x00, 0x00, 0x00, 0x00, 0x00, 0x00, 0x00, 0x00, 0x1E, 0xD4,
  0x00, 0x00, 0x00, 0x14, 0x00, 0x00, 0x00, 0x11, 0x00, 0x00, 0x00, 0x11, 0x00, 0x00, 0x00, 0x14,
  0x00, 0x00, 0x00, 0x00, 0x00, 0x00, 0x00, 0x00, 0x00, 0x00, 0x1E, 0xD5, 0x00, 0x00, 0x00, 0x14,
  0x00, 0x00, 0x00, 0x0C, 0x00, 0x00, 0x00, 0x0C, 0x00, 0x00, 0x00, 0x14, 0x00, 0x00, 0x00, 0x00,
  0x00, 0x00, 0x00, 0x00, 0x00, 0x00, 0x1E, 0xD6, 0x00, 0x00, 0x00, 0x14, 0x00, 0x00, 0x00, 0x11,
  0x00, 0x00, 0x00, 0x11, 0x00, 0x00, 0x00, 0x14, 0x00, 0x00, 0x00, 0x00, 0x00, 0x00, 0x00, 0x00,
  0x00, 0x00, 0x1E, 0xD7, 0x00, 0x00, 0x00, 0x13, 0x00, 0x00, 0x00, 0x0C, 0x00, 0x00, 0x00, 0x0C,
  0x00, 0x00, 0x00, 0x13, 0x00, 0x00, 0x00, 0x00, 0x00, 0x00, 0x00, 0x00, 0x00, 0x00, 0x1E, 0xD8,
  0x00, 0x00, 0x00, 0x16, 0x00, 0x00, 0x00, 0x11, 0x00, 0x00, 0x00, 0x11, 0x00, 0x00, 0x00, 0x13,
  0x00, 0x00, 0x00, 0x00, 0x00, 0x00, 0x00, 0x00, 0x00, 0x00, 0x1E, 0xD9, 0x00, 0x00, 0x00, 0x13,
  0x00, 0x00, 0x00, 0x0C, 0x00, 0x00, 0x00, 0x0C, 0x00, 0x00, 0x00, 0x10, 0x00, 0x00, 0x00, 0x00,
  0x00, 0x00, 0x00, 0x00, 0x00, 0x00, 0x1E, 0xDA, 0x00, 0x00, 0x00, 0x14, 0x00, 0x00, 0x00, 0x13,
  0x00, 0x00, 0x00, 0x13, 0x00, 0x00, 0x00, 0x14, 0x00, 0x00, 0x00, 0x00, 0x00, 0x00, 0x00, 0x00,
  0x00, 0x00, 0x1E, 0xDB, 0x00, 0x00, 0x00, 0x10, 0x00, 0x00, 0x00, 0x0E, 0x00, 0x00, 0x00, 0x0E,
  0x00, 0x00, 0x00, 0x10, 0x00, 0x00, 0x00, 0x00, 0x00, 0x00, 0x00, 0x00, 0x00, 0x00, 0x1E, 0xDC,
  0x00, 0x00, 0x00, 0x14, 0x00, 0x00, 0x00, 0x13, 0x00, 0x00, 0x00, 0x13, 0x00, 0x00, 0x00, 0x14,
  0x00, 0x00, 0x00, 0x00, 0x00, 0x00, 0x00, 0x00, 0x00, 0x00, 0x1E, 0xDD, 0x00, 0x00, 0x00, 0x10,
  0x00, 0x00, 0x00, 0x0E, 0x00, 0x00, 0x00, 0x0E, 0x00, 0x00, 0x00, 0x10, 0x00, 0x00, 0x00, 0x00,
  0x00, 0x00, 0x00, 0x00, 0x00, 0x00, 0x1E, 0xDE, 0x00, 0x00, 0x00, 0x14, 0x00, 0x00, 0x00, 0x13,
  0x00, 0x00, 0x00, 0x13, 0x00, 0x00, 0x00, 0x14, 0x00, 0x00, 0x00, 0x00, 0x00, 0x00, 0x00, 0x00,
  0x00, 0x00, 0x1E, 0xDF, 0x00, 0x00, 0x00, 0x12, 0x00, 0x00, 0x00, 0x0E, 0x00, 0x00, 0x00, 0x0E,
  0x00, 0x00, 0x00, 0x12, 0x00, 0x00, 0x00, 0x00, 0x00, 0x00, 0x00, 0x00, 0x00, 0x00, 0x1E, 0xE0,
  0x00, 0x00, 0x00, 0x14, 0x00, 0x00, 0x00, 0x13, 0x00, 0x00, 0x00, 0x13, 0x00, 0x00, 0x00, 0x14,
  0x00, 0x00, 0x00, 0x00, 0x00, 0x00, 0x00, 0x00, 0x00, 0x00, 0x1E, 0xE1, 0x00, 0x00, 0x00, 0x10,
  0x00, 0x00, 0x00, 0x0E, 0x00, 0x00, 0x00, 0x0E, 0x00, 0x00, 0x00, 0x10, 0x00, 0x00, 0x00, 0x00,
  0x00, 0x00, 0x00, 0x00, 0x00, 0x00, 0x1E, 0xE2, 0x00, 0x00, 0x00, 0x13, 0x00, 0x00, 0x00, 0x13,
  0x00, 0x00, 0x00, 0x13, 0x00, 0x00, 0x00, 0x10, 0x00, 0x00, 0x00, 0x00, 0x00, 0x00, 0x00, 0x00,
  0x00, 0x00, 0x1E, 0xE3, 0x00, 0x00, 0x00, 0x0F, 0x00, 0x00, 0x00, 0x0E, 0x00, 0x00, 0x00, 0x0E,
  0x00, 0x00, 0x00, 0x0C, 0x00, 0x00, 0x00, 0x00, 0x00, 0x00, 0x00, 0x00, 0x00, 0x00, 0x1E, 0xE4,
  0x00, 0x00, 0x00, 0x13, 0x00, 0x00, 0x00, 0x10, 0x00, 0x00, 0x00, 0x10, 0x00, 0x00, 0x00, 0x10,
  0x00, 0x00, 0x00, 0x00, 0x00, 0x00, 0x00, 0x00, 0x00, 0x00, 0x1E, 0xE5, 0x00, 0x00, 0x00, 0x0F,
  0x00, 0x00, 0x00, 0x0C, 0x00, 0x00, 0x00, 0x0C, 0x00, 0x00, 0x00, 0x0C, 0x00, 0x00, 0x00, 0x00,
  0x00, 0x00, 0x00, 0x00, 0x00, 0x00, 0x1E, 0xE6, 0x00, 0x00, 0x00, 0x14, 0x00, 0x00, 0x00, 0x10,
  0x00, 0x00, 0x00, 0x10, 0x00, 0x00, 0x00, 0x14, 0x00, 0x00, 0x00, 0x00, 0x00, 0x00, 0x00, 0x00,
  0x00, 0x00, 0x1E, 0xE7, 0x00, 0x00, 0x00, 0x12, 0x00, 0x00, 0x00, 0x0C, 0x00, 0x00, 0x00, 0x0C,
  0x00, 0x00, 0x00, 0x12, 0x00, 0x00, 0x00, 0x00, 0x00, 0x00, 0x00, 0x00, 0x00, 0x00, 0x1E, 0xE8,
  0x00, 0x00, 0x00, 0x14, 0x00, 0x00, 0x00, 0x13, 0x00, 0x00, 0x00, 0x13, 0x00, 0x00, 0x00, 0x14,
  0x00, 0x00, 0x00, 0x00, 0x00, 0x00, 0x00, 0x00, 0x00, 0x00, 0x1E, 0xE9, 0x00, 0x00, 0x00, 0x10,
  0x00, 0x00, 0x00, 0x0F, 0x00, 0x00, 0x00, 0x0F, 0x00, 0x00, 0x00, 0x10, 0x00, 0x00, 0x00, 0x00,
  0x00, 0x00, 0x00, 0x00, 0x00, 0x00, 0x1E, 0xEA, 0x00, 0x00, 0x00, 0x14, 0x00, 0x00, 0x00, 0x13,
  0x00, 0x00, 0x00, 0x13, 0x00, 0x00, 0x00, 0x14, 0x00, 0x00, 0x00, 0x00, 0x00, 0x00, 0x00, 0x00,
  0x00, 0x00, 0x1E, 0xEB, 0x00, 0x00, 0x00, 0x10, 0x00, 0x00, 0x00, 0x0F, 0x00, 0x00, 0x00, 0x0F,
  0x00, 0x00, 0x00, 0x10, 0x00, 0x00, 0x00, 0x00, 0x00, 0x00, 0x00, 0x00, 0x00, 0x00, 0x1E, 0xEC,
  0x00, 0x00, 0x00, 0x14, 0x00, 0x00, 0x00, 0x13, 0x00, 0x00, 0x00, 0x13, 0x00, 0x00, 0x00, 0x14,
  0x00, 0x00, 0x00, 0x00, 0x00, 0x00, 0x00, 0x00, 0x00, 0x00, 0x1E, 0xED, 0x00, 0x00, 0x00, 0x12,
  0x00, 0x00, 0x00, 0x0F, 0x00, 0x00, 0x00, 0x0F, 0x00, 0x00, 0x00, 0x12, 0x00, 0x00, 0x00, 0x00,
  0x00, 0x00, 0x00, 0x00, 0x00, 0x00, 0x1E, 0xEE, 0x00, 0x00, 0x00, 0x14, 0x00, 0x00, 0x00, 0x13,
  0x00, 0x00, 0x00, 0x13, 0x00, 0x00, 0x00, 0x14, 0x00, 0x00, 0x00, 0x00, 0x00, 0x00, 0x00, 0x00,
  0x00, 0x00, 0x1E, 0xEF, 0x00, 0x00, 0x00, 0x10, 0x00, 0x00, 0x00, 0x0F, 0x00, 0x00, 0x00, 0x0F,
  0x00, 0x00, 0x00, 0x10, 0x00, 0x00, 0x00, 0x00, 0x00, 0x00, 0x00, 0x00, 0x00, 0x00, 0x1E, 0xF0,
  0x00, 0x00, 0x00, 0x13, 0x00, 0x00, 0x00, 0x13, 0x00, 0x00, 0x00, 0x13, 0x00, 0x00, 0x00, 0x10,
  0x00, 0x00, 0x00, 0x00, 0x00, 0x00, 0x00, 0x00, 0x00, 0x00, 0x1E, 0xF1, 0x00, 0x00, 0x00, 0x0F,
  0x00, 0x00, 0x00, 0x0F, 0x00, 0x00, 0x00, 0x0F, 0x00, 0x00, 0x00, 0x0C, 0x00, 0x00, 0x00, 0x00,
  0x00, 0x00, 0x00, 0x00, 0x00, 0x00, 0x1E, 0xF2, 0x00, 0x00, 0x00, 0x14, 0x00, 0x00, 0x00, 0x0F,
  0x00, 0x00, 0x00, 0x0F, 0x00, 0x00, 0x00, 0x14, 0x00, 0x00, 0x00, 0x00, 0x00, 0x00, 0x00, 0x00,
  0x00, 0x00, 0x1E, 0xF3, 0x00, 0x00, 0x00, 0x14, 0x00, 0x00, 0x00, 0x0B, 0x00, 0x00, 0x00, 0x0B,
  0x00, 0x00, 0x00, 0x10, 0x00, 0x00, 0x00, 0x00, 0x00, 0x00, 0x00, 0x00, 0x00, 0x00, 0x1E, 0xF4,
  0x00, 0x00, 0x00, 0x13, 0x00, 0x00, 0x00, 0x0F, 0x00, 0x00, 0x00, 0x0F, 0x00, 0x00, 0x00, 0x10,
  0x00, 0x00, 0x00, 0x00, 0x00, 0x00, 0x00, 0x00, 0x00, 0x00, 0x1E, 0xF5, 0x00, 0x00, 0x00, 0x10,
  0x00, 0x00, 0x00, 0x0B, 0x00, 0x00, 0x00, 0x0B, 0x00, 0x00, 0x00, 0x0C, 0x00, 0x00, 0x00, 0x00,
  0x00, 0x00, 0x00, 0x00, 0x00, 0x00, 0x1E, 0xF6, 0x00, 0x00, 0x00, 0x14, 0x00, 0x00, 0x00, 0x0F,
  0x00, 0x00, 0x00, 0x0F, 0x00, 0x00, 0x00, 0x14, 0x00, 0x00, 0x00, 0x00, 0x00, 0x00, 0x00, 0x00,
  0x00, 0x00, 0x1E, 0xF7, 0x00, 0x00, 0x00, 0x16, 0x00, 0x00, 0x00, 0x0B, 0x00, 0x00, 0x00, 0x0B,
  0x00, 0x00, 0x00, 0x12, 0x00, 0x00, 0x00, 0x00, 0x00, 0x00, 0x00, 0x00, 0x00, 0x00, 0x1E, 0xF8,
  0x00, 0x00, 0x00, 0x14, 0x00, 0x00, 0x00, 0x0F, 0x00, 0x00, 0x00, 0x0F, 0x00, 0x00, 0x00, 0x14,
  0x00, 0x00, 0x00, 0x00, 0x00, 0x00, 0x00, 0x00, 0x00, 0x00, 0x1E, 0xF9, 0x00, 0x00, 0x00, 0x14,
  0x00, 0x00, 0x00, 0x0B, 0x00, 0x00, 0x00, 0x0B, 0x00, 0x00, 0x00, 0x10, 0x00, 0x00, 0x00, 0x00,
  0x00, 0x00, 0x00, 0x00, 0x00, 0x1C, 0xFF, 0xFF, 0x48, 0x00, 0x00, 0x1C, 0xFF, 0xFF, 0x48, 0x00,
  0x00, 0x1C, 0xFF, 0xFF, 0x48, 0x00, 0x00, 0x1A, 0xFF, 0xFF, 0x46, 0x00, 0x00, 0x0B, 0xFF, 0xFF,
  0x37, 0x00, 0x00, 0x00, 0xF8, 0xFF, 0x27, 0x00, 0x00, 0x00, 0xE7, 0xFF, 0x16, 0x00, 0x00, 0x00,
  0xD5, 0xFF, 0x06, 0x00, 0x00, 0x00, 0xC3, 0xF5, 0x00, 0x00, 0x00, 0x00, 0xB1, 0xE5, 0x00, 0x00,
  0x00, 0x00, 0x9F, 0xD4, 0x00, 0x00, 0x00, 0x00, 0x8D, 0xC4, 0x00, 0x00, 0x00, 0x00, 0x00, 0x00,
  0x00, 0x00, 0x00, 0x00, 0x00, 0x00, 0x00, 0x00, 0x00, 0x04, 0xFF, 0xFF, 0x34, 0x00, 0x00, 0x04,
  0xFF, 0xFF, 0x34, 0x00, 0x00, 0xFC, 0xFF, 0x38, 0x6C, 0xFF, 0xC8, 0x00, 0x00, 0xFC, 0xFF, 0x38,
  0x6C, 0xFF, 0xC8, 0x00, 0x00, 0xFB, 0xFF, 0x37, 0x6B, 0xFF, 0xC7, 0x00, 0x00, 0xDE, 0xFF, 0x1C,
  0x4E, 0xFF, 0xAA, 0x00, 0x00, 0xB4, 0xF4, 0x01, 0x24, 0xFF, 0x81, 0x00, 0x00, 0x89, 0xCF, 0x00,
  0x02, 0xF6, 0x58, 0x00, 0x00, 0x00, 0x00, 0x00, 0x00, 0x00, 0x00, 0x00, 0x00, 0x00, 0x00, 0x00,
  0x00, 0x00, 0x00, 0x00, 0x00, 0x00, 0x00, 0x00, 0x00, 0x00, 0x00, 0x00, 0x00, 0x00, 0x00, 0x00,
  0x00, 0x00, 0x00, 0x00, 0x00, 0x00, 0x00, 0x00, 0x00, 0x00, 0x00, 0x00, 0x00, 0x00, 0x00, 0x00,
  0x00, 0x00, 0x00, 0x00, 0x00, 0x00, 0x00, 0x00, 0x00, 0x00, 0x00, 0x00, 0x00, 0x00, 0x00, 0x00,
  0x00, 0x00, 0x00, 0x00, 0x00, 0x00, 0x00, 0x00, 0x00, 0x00, 0x00, 0x00, 0x00, 0x00, 0x00, 0x00,
  0x00, 0x00, 0x00, 0x00, 0x00, 0x00, 0x00, 0x00, 0xAF, 0xEC, 0x00, 0x00, 0x00, 0xB3, 0xEC, 0x00,
  0x00, 0x00, 0x00, 0x00, 0xE4, 0xB7, 0x00, 0x00, 0x00, 0xE7, 0xB7, 0x00, 0x00, 0x00, 0x00, 0x18,
  0xFF, 0x82, 0x00, 0x00, 0x1D, 0xFF, 0x82, 0x00, 0x00, 0x00, 0x00, 0x4E, 0xFF, 0x4E, 0x00, 0x00,
  0x52, 0xFF, 0x4E, 0x00, 0xC8, 0xFF, 0xFF, 0xFF, 0xFF, 0xFF, 0xFF, 0xFF, 0xFF, 0xFF, 0xFF, 0xF4,
  0xC8, 0xFF, 0xFF, 0xFF, 0xFF, 0xFF, 0xFF, 0xFF, 0xFF, 0xFF, 0xFF, 0xF4, 0x00, 0x00, 0x00, 0xEA,
  0xB0, 0x00, 0x00, 0x00, 0xEE, 0xB0, 0x00, 0x00, 0x00, 0x00, 0x20, 0xFF, 0x7B, 0x00, 0x00, 0x24,
  0xFF, 0x7B, 0x00, 0x00, 0x00, 0x00, 0x55, 0xFF, 0x46, 0x00, 0x00, 0x59, 0xFF, 0x46, 0x00, 0x00,
  0x00, 0x00, 0x8A, 0xFF, 0x12, 0x00, 0x00, 0x8E, 0xFF, 0x12, 0x00, 0x00, 0xC8, 0xFF, 0xFF, 0xFF,
  0xFF, 0xFF, 0xFF, 0xFF, 0xFF, 0xFF, 0xFF, 0xF4, 0xC8, 0xFF, 0xFF, 0xFF, 0xFF, 0xFF, 0xFF, 0xFF,
  0xFF, 0xFF, 0xFF, 0xF4, 0x00, 0x2B, 0xFF, 0x70, 0x00, 0x00, 0x2B, 0xFF, 0x70, 0x00, 0x00, 0x00,
  0x00, 0x60, 0xFF, 0x3B, 0x00, 0x00, 0x60, 0xFF, 0x3B, 0x00, 0x00, 0x00, 0x00, 0x95, 0xFC, 0x0A,
  0x00, 0x00, 0x95, 0xFC, 0x0A, 0x00, 0x00, 0x00, 0x00, 0xCA, 0xD2, 0x00, 0x00, 0x00, 0xCA, 0xD2,
  0x00, 0x00, 0x00, 0x00, 0x00, 0x00, 0x00, 0x00, 0x00, 0x84, 0xA0, 0x00, 0x00, 0x00, 0x00, 0x00,
  0x00, 0x00, 0x0D, 0x7E, 0xCD, 0xF9, 0xFB, 0xCD, 0x71, 0x05, 0x00, 0x00, 0x00, 0x11, 0xD7, 0xFF,
  0xFF, 0xFF, 0xFF, 0xFF, 0xFF, 0xB9, 0x02, 0x00, 0x00, 0x8A, 0xFF, 0xDD, 0x4A, 0x8B, 0xA5, 0x4D,
  0xE9, 0xFF, 0x5E, 0x00, 0x00, 0xD0, 0xFF, 0x38, 0x00, 0x84, 0xA0, 0x00, 0x5E, 0xFF, 0xB4, 0x00,
  0x00, 0xD3, 0xFF, 0x20, 0x00, 0x84, 0xA0, 0x00, 0x00, 0x00, 0x00, 0x00, 0x00, 0x98, 0xFF, 0xB1,
  0x0F, 0x84, 0xA0, 0x00, 0x00, 0x00, 0x00, 0x00, 0x00, 0x1B, 0xE4, 0xFF, 0xF4, 0xDE, 0xBA, 0x14,
  0x00, 0x00, 0x00, 0x00, 0x00, 0x00, 0x15, 0x96, 0xF7, 0xFF, 0xFF, 0xFD, 0xB8, 0x31, 0x00, 0x00,
  0x00, 0x00, 0x00, 0x00, 0x0E, 0xA6, 0xE7, 0xF1, 0xFF, 0xF8, 0x3F, 0x00, 0x00, 0x00, 0x00, 0x00,
  0x00, 0x84, 0xA0, 0x0A, 0x92, 0xFF, 0xD4, 0x00, 0x00, 0x00, 0x00, 0x00, 0x00, 0x84, 0xA0, 0x00,
  0x03, 0xE8, 0xFF, 0x1E, 0x23, 0xFF, 0xDC, 0x00, 0x00, 0x84, 0xA0, 0x00, 0x00, 0xD6, 0xFF, 0x2C,
  0x02, 0xEC, 0xFF, 0x3D, 0x00, 0x84, 0xA0, 0x00, 0x27, 0xFC, 0xFB, 0x0D, 0x00, 0x86, 0xFF, 0xE9,
  0x53, 0x8C, 0xA4, 0x44, 0xDB, 0xFF, 0xAA, 0x00, 0x00, 0x08, 0xC7, 0xFF, 0xFF, 0xFF, 0xFF, 0xFF,
  0xFF, 0xDC, 0x17, 0x00, 0x00, 0x00, 0x07, 0x76, 0xCC, 0xF9, 0xFD, 0xDF, 0x8D, 0x12, 0x00, 0x00,
  0x00, 0x00, 0x00, 0x00, 0x00, 0x84, 0xA0, 0x00, 0x00, 0x00, 0x00, 0x00, 0x00, 0x00, 0x00, 0x00,
  0x00, 0x84, 0xA0, 0x00, 0x00, 0x00, 0x00, 0x00, 0x00, 0x00, 0x32, 0xC9, 0xF8, 0xD9, 0x56, 0x00,
  0x00, 0x00, 0x00, 0x00, 0x11, 0xEF, 0x8E, 0x00, 0x00, 0x00, 0x00, 0x00, 0x00, 0x0B, 0xE9, 0xB2,
  0x14, 0x72, 0xFE, 0x47, 0x00, 0x00, 0x00, 0x00, 0x8B, 0xF1, 0x14, 0x00, 0x00, 0x00, 0x00, 0x00,
  0x00, 0x68, 0xFF, 0x2D, 0x00, 0x00, 0xE0, 0xBB, 0x00, 0x00, 0x00, 0x1D, 0xF7, 0x7C, 0x00, 0x00,
  0x00, 0x00, 0x00, 0x00, 0x00, 0x9C, 0xFF, 0x05, 0x00, 0x00, 0xB7, 0xF0, 0x00, 0x00, 0x00, 0x9F,
  0xE7, 0x0B, 0x00, 0x00, 0x00, 0x00, 0x00, 0x00, 0x00, 0xB3, 0xF9, 0x00, 0x00, 0x00, 0xAE, 0xFD,
  0x00, 0x00, 0x2B, 0xFD, 0x69, 0x00, 0x00, 0x00, 0x00, 0x00, 0x00, 0x00, 0x00, 0xA4, 0xFE, 0x04,
  0x00, 0x00, 0xB9, 0xE2, 0x00, 0x00, 0xB2, 0xDB, 0x05, 0x00, 0x00, 0x00, 0x00, 0x00, 0x00, 0x00,
  0x00, 0x6F, 0xFF, 0x2C, 0x00, 0x00, 0xE2, 0xB1, 0x00, 0x3B, 0xFF, 0x57, 0x00, 0x00, 0x00, 0x00,
  0x00, 0x00, 0x00, 0x00, 0x00, 0x12, 0xEA, 0xB3, 0x14, 0x72, 0xFD, 0x36, 0x00, 0xC4, 0xCC, 0x01,
  0x1C, 0xB5, 0xF6, 0xE5, 0x78, 0x00, 0x00, 0x00, 0x00, 0x00, 0x2E, 0xC4, 0xF9, 0xD9, 0x52, 0x00,
  0x4F, 0xFF, 0x44, 0x00, 0xC5, 0xD4, 0x1D, 0x4B, 0xFA, 0x75, 0x00, 0x00, 0x00, 0x00, 0x00, 0x00,
  0x00, 0x00, 0x00, 0x03, 0xD5, 0xBC, 0x00, 0x38, 0xFF, 0x5D, 0x00, 0x00, 0xB1, 0xEA, 0x01, 0x00,
  0x00, 0x00, 0x00, 0x00, 0x00, 0x00, 0x00, 0x63, 0xFE, 0x33, 0x00, 0x6D, 0xFF, 0x34, 0x00, 0x00,
  0x87, 0xFF, 0x20, 0x00, 0x00, 0x00, 0x00, 0x00, 0x00, 0x00, 0x08, 0xE3, 0xA9, 0x00, 0x00, 0x83,
  0xFF, 0x29, 0x00, 0x00, 0x7E, 0xFF, 0x2D, 0x00, 0x00, 0x00, 0x00, 0x00, 0x00, 0x00, 0x76, 0xFB,
  0x24, 0x00, 0x00, 0x73, 0xFF, 0x32, 0x00, 0x00, 0x89, 0xFF, 0x12, 0x00, 0x00, 0x00, 0x00, 0x00,
  0x00, 0x11, 0xEE, 0x96, 0x00, 0x00, 0x00, 0x3F, 0xFF, 0x5C, 0x00, 0x00, 0xB3, 0xE1, 0x00, 0x00,
  0x00, 0x00, 0x00, 0x00, 0x00, 0x8A, 0xF5, 0x18, 0x00, 0x00, 0x00, 0x02, 0xCB, 0xD5, 0x1E, 0x4A,
  0xFA, 0x63, 0x00, 0x00, 0x00, 0x00, 0x00, 0x00, 0x1C, 0xF7, 0x84, 0x00, 0x00, 0x00, 0x00, 0x00,
  0x18, 0xAF, 0xF6, 0xE5, 0x74, 0x00, 0x00, 0x00, 0x00, 0x00, 0x00, 0x00, 0x4C, 0xC8, 0xF8, 0xE2,
  0x99, 0x12, 0x00, 0x00, 0x00, 0x00, 0x00, 0x00, 0x00, 0x00, 0x59, 0xFF, 0xFF, 0xFF, 0xFF, 0xFF,
  0xD4, 0x07, 0x00, 0x00, 0x00, 0x00, 0x00, 0x00, 0x01, 0xE4, 0xFF, 0x84, 0x0D, 0x37, 0xEA, 0xFF,
  0x5A, 0x00, 0x00, 0x00, 0x00, 0x00, 0x00, 0x0D, 0xFF, 0xF5, 0x01, 0x00, 0x00, 0x8A, 0xFF, 0x76,
  0x00, 0x00, 0x00, 0x00, 0x00, 0x00, 0x00, 0xE3, 0xFF, 0x2D, 0x00, 0x00, 0xA6, 0xFF, 0x44, 0x00,
  0x00, 0x00, 0x00, 0x00, 0x00, 0x00, 0x69, 0xFF, 0xD1, 0x0E, 0x6F, 0xFE, 0xB5, 0x00, 0x00, 0x00,
  0x00, 0x00, 0x00, 0x00, 0x00, 0x00, 0xAC, 0xFF, 0xEE, 0xFF, 0xA7, 0x09, 0x00, 0x00, 0x00, 0x00,
  0x00, 0x00, 0x00, 0x00, 0x5D, 0xE5, 0xFF, 0xFF, 0xC6, 0x00, 0x00, 0x00, 0x00, 0x00, 0x00, 0x00,
  0x00, 0x02, 0x97, 0xFF, 0xE2, 0x67, 0xEE, 0xFF, 0x77, 0x00, 0x00, 0x35, 0x09, 0x00, 0x00, 0x00,
  0x6B, 0xFF, 0xCD, 0x12, 0x00, 0x47, 0xFD, 0xFC, 0x44, 0x21, 0xFF, 0xED, 0x04, 0x00, 0x00, 0xDC,
  0xFF, 0x38, 0x00, 0x00, 0x00, 0x77, 0xFF, 0xEC, 0x9C, 0xFF, 0xA4, 0x00, 0x00, 0x04, 0xFE, 0xFF,
  0x18, 0x00, 0x00, 0x00, 0x00, 0xA8, 0xFF, 0xFF, 0xFD, 0x30, 0x00, 0x00, 0x00, 0xE9, 0xFF, 0x74,
  0x00, 0x00, 0x00, 0x00, 0x10, 0xF1, 0xFF, 0xE2, 0x0E, 0x00, 0x00, 0x00, 0x84, 0xFF, 0xF8, 0x6C,
  0x15, 0x10, 0x52, 0xCC, 0xFF, 0xFE, 0xFF, 0xC3, 0x11, 0x00, 0x00, 0x07, 0xBC, 0xFF, 0xFF, 0xFF,
  0xFF, 0xFF, 0xFF, 0xBF, 0x2B, 0xD9, 0xFF, 0xD8, 0x07, 0x00, 0x00, 0x06, 0x72, 0xD0, 0xF6, 0xF2,
  0xC4, 0x63, 0x02, 0x00, 0x16, 0xB6, 0x56, 0x00, 0x08, 0xFF, 0xFF, 0x2C, 0x08, 0xFF, 0xFF, 0x2C,
  0x07, 0xFF, 0xFF, 0x2B, 0x00, 0xED, 0xFF, 0x0F, 0x00, 0xC5, 0xE6, 0x00, 0x00, 0x9C, 0xBC, 0x00,
  0x00, 0x00, 0x00, 0x00, 0x00, 0x00, 0x00, 0x00, 0x00, 0x00, 0x00, 0x00, 0x00, 0x00, 0x00, 0x00,
  0x00, 0x00, 0x00, 0x00, 0x00, 0x00, 0x00, 0x00, 0x00, 0x00, 0x00, 0x00, 0x00, 0x00, 0x00, 0x00,
  0x00, 0x00, 0x00, 0x00, 0x00, 0x00, 0x00, 0x00, 0x00, 0x00, 0x00, 0x00, 0x3B, 0xFB, 0x3C, 0x00,
  0x00, 0x00, 0x0B, 0xDF, 0xA8, 0x00, 0x00, 0x00, 0x00, 0x88, 0xFA, 0x21, 0x00, 0x00, 0x00, 0x1A,
  0xF7, 0xA6, 0x00, 0x00, 0x00, 0x00, 0x89, 0xFF, 0x42, 0x00, 0x00, 0x00, 0x00, 0xE7, 0xEF, 0x04,
  0x00, 0x00, 0x00, 0x2E, 0xFF, 0xB5, 0x00, 0x00, 0x00, 0x00, 0x6E, 0xFF, 0x86, 0x00, 0x00, 0x00,
  0x00, 0x8C, 0xFF, 0x66, 0x00, 0x00, 0x00, 0x00, 0xA1, 0xFF, 0x57, 0x00, 0x00, 0x00, 0x00, 0xA6,
  0xFF, 0x59, 0x00, 0x00, 0x00, 0x00, 0x94, 0xFF, 0x6E, 0x00, 0x00, 0x00, 0x00, 0x6E, 0xFF, 0x87,
  0x00, 0x00, 0x00, 0x00, 0x34, 0xFF, 0xC0, 0x00, 0x00, 0x00, 0x00, 0x02, 0xE4, 0xF7, 0x07, 0x00,
  0x00, 0x00, 0x00, 0x83, 0xFF, 0x50, 0x00, 0x00, 0x00, 0x00, 0x13, 0xF2, 0xB7, 0x00, 0x00, 0x00,
  0x00, 0x00, 0x85, 0xFD, 0x26, 0x00, 0x00, 0x00, 0x00, 0x0B, 0xDB, 0xAF, 0x00, 0x00, 0x00, 0x00,
  0x00, 0x38, 0xFC, 0x40, 0x00, 0x61, 0xF1, 0x21, 0x00, 0x00, 0x00, 0x00, 0x01, 0xCA, 0xC4, 0x01,
  0x00, 0x00, 0x00, 0x00, 0x40, 0xFF, 0x64, 0x00, 0x00, 0x00, 0x00, 0x00, 0xCA, 0xE4, 0x08, 0x00,
  0x00, 0x00, 0x00, 0x67, 0xFF, 0x63, 0x00, 0x00, 0x00, 0x00, 0x1A, 0xFF, 0xC3, 0x00, 0x00, 0x00,
  0x00, 0x00, 0xDB, 0xFB, 0x0E, 0x00, 0x00, 0x00, 0x00, 0xAC, 0xFF, 0x49, 0x00, 0x00, 0x00, 0x00,
  0x8B, 0xFF, 0x67, 0x00, 0x00, 0x00, 0x00, 0x7C, 0xFF, 0x7D, 0x00, 0x00, 0x00, 0x00, 0x7F, 0xFF,
  0x80, 0x00, 0x00, 0x00, 0x00, 0x93, 0xFF, 0x6E, 0x00, 0x00, 0x00, 0x00, 0xAD, 0xFF, 0x49, 0x00,
  0x00, 0x00, 0x00, 0xE5, 0xFD, 0x11, 0x00, 0x00, 0x00, 0x23, 0xFF, 0xC1, 0x00, 0x00, 0x00, 0x00,
  0x76, 0xFF, 0x5E, 0x00, 0x00, 0x00, 0x01, 0xDB, 0xDD, 0x04, 0x00, 0x00, 0x00, 0x49, 0xFF, 0x60,
  0x00, 0x00, 0x00, 0x02, 0xD1, 0xC0, 0x02, 0x00, 0x00, 0x00, 0x64, 0xF1, 0x1F, 0x00, 0x00, 0x00,
  0x00, 0x00, 0x00, 0x86, 0xF7, 0x00, 0x00, 0x00, 0x00, 0x00, 0x48, 0x08, 0x73, 0xE1, 0x00, 0x2C,
  0x27, 0x00, 0x24, 0xFF, 0xEE, 0xC1, 0xE7, 0xC9, 0xFF, 0x9D, 0x00, 0x03, 0x36, 0x77, 0xEE, 0xFF,
  0xAF, 0x64, 0x18, 0x00, 0x00, 0x00, 0x5F, 0xFD, 0xD1, 0xCD, 0x09, 0x00, 0x00, 0x00, 0x2A, 0xF5,
  0xA6, 0x35, 0xFF, 0x9D, 0x00, 0x00, 0x00, 0x13, 0xB5, 0x21, 0x00, 0x96, 0x57, 0x00, 0x00, 0x00,
  0x00, 0x00, 0x00, 0x00, 0x00, 0x00, 0x00, 0x00, 0x00, 0x00, 0x00, 0x00, 0x00, 0x00, 0x00, 0x00,
  0x00, 0x00, 0x00, 0x00, 0x00, 0x00, 0x00, 0x00, 0x00, 0x00, 0x00, 0x00, 0x00, 0x00, 0x00, 0x00,
  0x00, 0x00, 0x00, 0x00, 0x00, 0x00, 0x00, 0x00, 0x00, 0x00, 0x00, 0x00, 0x00, 0x00, 0x00, 0x00,
  0x00, 0x00, 0x00, 0x00, 0x00, 0x00, 0x00, 0x00, 0x00, 0x00, 0x00, 0x00, 0x00, 0x00, 0x00, 0x00,
  0x00, 0x00, 0x00, 0x00, 0x00, 0x00, 0x00, 0x00, 0x00, 0x00, 0x00, 0x00, 0x00, 0x00, 0x00, 0x00,
  0x00, 0x00, 0x00, 0x00, 0x00, 0x7C, 0xFF, 0x58, 0x00, 0x00, 0x00, 0x00, 0x00, 0x00, 0x00, 0x00,
  0x00, 0x00, 0x7C, 0xFF, 0x58, 0x00, 0x00, 0x00, 0x00, 0x00, 0x00, 0x00, 0x00, 0x00, 0x00, 0x7C,
  0xFF, 0x58, 0x00, 0x00, 0x00, 0x00, 0x00, 0x00, 0x00, 0x00, 0x00, 0x00, 0x7C, 0xFF, 0x58, 0x00,
  0x00, 0x00, 0x00, 0x00, 0x00, 0xC8, 0xFF, 0xFF, 0xFF, 0xFF, 0xFF, 0xFF, 0xFF, 0xFF, 0xFF, 0xA0,
  0x00, 0x00, 0xC8, 0xFF, 0xFF, 0xFF, 0xFF, 0xFF, 0xFF, 0xFF, 0xFF, 0xFF, 0xA0, 0x00, 0x00, 0x00,
  0x00, 0x00, 0x00, 0x7C, 0xFF, 0x58, 0x00, 0x00, 0x00, 0x00, 0x00, 0x00, 0x00, 0x00, 0x00, 0x00,
  0x7C, 0xFF, 0x58, 0x00, 0x00, 0x00, 0x00, 0x00, 0x00, 0x00, 0x00, 0x00, 0x00, 0x7C, 0xFF, 0x58,
  0x00, 0x00, 0x00, 0x00, 0x00, 0x00, 0x00, 0x00, 0x00, 0x00, 0x7C, 0xFF, 0x58, 0x00, 0x00, 0x00,
  0x00, 0x00, 0x00, 0x00, 0x00, 0x00, 0x00, 0x00, 0x00, 0x00, 0x00, 0x00, 0x00, 0x00, 0x00, 0x00,
  0x00, 0x00, 0x00, 0x00, 0x00, 0x00, 0x00, 0x00, 0x00, 0x00, 0x00, 0x00, 0x00, 0x00, 0x00, 0x00,
  0x00, 0x00, 0x00, 0x00, 0x00, 0x00, 0x00, 0x00, 0x00, 0x00, 0x0C, 0xFF, 0xFF, 0x28, 0x00, 0x00,
  0x0C, 0xFF, 0xFF, 0x28, 0x00, 0x00, 0x00, 0x08, 0xFD, 0x1A, 0x00, 0x00, 0x02, 0x81, 0xDD, 0x01,
  0x00, 0x00, 0x07, 0xC2, 0x37, 0x00, 0x00, 0x4C, 0xFF, 0xFF, 0xFF, 0xFF, 0xFF, 0xA4, 0x4C, 0xFF,
  0xFF, 0xFF, 0xFF, 0xFF, 0xA4, 0x00, 0x00, 0x00, 0x00, 0x00, 0x00, 0x00, 0x00, 0x00, 0x00, 0x00,
  0x00, 0x00, 0x00, 0x00, 0x00, 0x00, 0x00, 0x00, 0x00, 0x00, 0x00, 0x00, 0x00, 0x00, 0x00, 0x00,
  0x00, 0x00, 0x00, 0x00, 0x00, 0x00, 0x00, 0x00, 0x00, 0x00, 0xFF, 0xFF, 0x34, 0x00, 0x00, 0x00,
  0xFF, 0xFF, 0x34, 0x00, 0x00, 0x00, 0x00, 0x00, 0x95, 0xF2, 0x05, 0x00, 0x00, 0x00, 0x00, 0xDD,
  0xAE, 0x00, 0x00, 0x00, 0x00, 0x27, 0xFF, 0x65, 0x00, 0x00, 0x00, 0x00, 0x70, 0xFF, 0x1D, 0x00,
  0x00, 0x00, 0x00, 0xB9, 0xD4, 0x00, 0x00, 0x00, 0x00, 0x0A, 0xF7, 0x8B, 0x00, 0x00, 0x00, 0x00,
  0x4B, 0xFF, 0x42, 0x00, 0x00, 0x00, 0x00, 0x94, 0xF3, 0x06, 0x00, 0x00, 0x00, 0x00, 0xDC, 0xB1,
  0x00, 0x00, 0x00, 0x00, 0x26, 0xFF, 0x68, 0x00, 0x00, 0x00, 0x00, 0x6F, 0xFF, 0x20, 0x00, 0x00,
  0x00, 0x00, 0xB8, 0xD6, 0x00, 0x00, 0x00, 0x00, 0x09, 0xF7, 0x8E, 0x00, 0x00, 0x00, 0x00, 0x4A,
  0xFF, 0x45, 0x00, 0x00, 0x00, 0x00, 0x93, 0xF5, 0x07, 0x00, 0x00, 0x00, 0x00, 0xDC, 0xB4, 0x00,
  0x00, 0x00, 0x00, 0x00, 0x00, 0x00, 0x00, 0x3E, 0xBA, 0xEB, 0xF3, 0xC3, 0x4F, 0x00, 0x00, 0x00,
  0x00, 0x00, 0x55, 0xFD, 0xFF, 0xFF, 0xFF, 0xFF, 0xFF, 0x75, 0x00, 0x00, 0x00, 0x12, 0xF3, 0xFF,
  0x82, 0x13, 0x11, 0x78, 0xFE, 0xFC, 0x26, 0x00, 0x00, 0x7A, 0xFF, 0xAA, 0x00, 0x00, 0x00, 0x00,
  0x8B, 0xFF, 0x91, 0x00, 0x00, 0xC5, 0xFF, 0x48, 0x00, 0x00, 0x00, 0x00, 0x27, 0xFF, 0xDA, 0x00,
  0x00, 0xF0, 0xFF, 0x14, 0x00, 0x00, 0x00, 0x00, 0x00, 0xF5, 0xFD, 0x09, 0x0A, 0xFF, 0xF7, 0x00,
  0x00, 0x00, 0x00, 0x00, 0x00, 0xDB, 0xFF, 0x1E, 0x15, 0xFF, 0xEC, 0x00, 0x00, 0x00, 0x00, 0x00,
  0x00, 0xD1, 0xFF, 0x2A, 0x12, 0xFF, 0xEB, 0x00, 0x00, 0x00, 0x00, 0x00, 0x00, 0xD1, 0xFF, 0x2B,
  0x05, 0xFF, 0xF5, 0x00, 0x00, 0x00, 0x00, 0x00, 0x00, 0xDB, 0xFF, 0x20, 0x00, 0xEC, 0xFF, 0x11,
  0x00, 0x00, 0x00, 0x00, 0x00, 0xF5, 0xFE, 0x09, 0x00, 0xC0, 0xFF, 0x43, 0x00, 0x00, 0x00, 0x00,
  0x29, 0xFF, 0xDB, 0x00, 0x00, 0x78, 0xFF, 0xA7, 0x00, 0x00, 0x00, 0x00, 0x8E, 0xFF, 0x92, 0x00,
  0x00, 0x1A, 0xF3, 0xFF, 0x8B, 0x16, 0x10, 0x78, 0xFE, 0xFC, 0x22, 0x00, 0x00, 0x00, 0x62, 0xFE,
  0xFF, 0xFF, 0xFF, 0xFF, 0xFF, 0x6C, 0x00, 0x00, 0x00, 0x00, 0x00, 0x48, 0xBF, 0xF3, 0xEF, 0xC3,
  0x4B, 0x00, 0x00, 0x00, 0x00, 0x00, 0x00, 0x00, 0x00, 0x00, 0x5F, 0xFF, 0x34, 0x00, 0x00, 0x00,
  0x00, 0x00, 0x00, 0x00, 0x00, 0x35, 0xF2, 0xFF, 0x34, 0x00, 0x00, 0x00, 0x00, 0x00, 0x00, 0x00,
  0x4D, 0xEF, 0xFF, 0xFF, 0x34, 0x00, 0x00, 0x00, 0x00, 0x00, 0x1A, 0x9D, 0xFE, 0xF6, 0xE7, 0xFF,
  0x34, 0x00, 0x00, 0x00, 0x00, 0x00, 0x9C, 0xFF, 0xCE, 0x2F, 0xBC, 0xFF, 0x34, 0x00, 0x00, 0x00,
  0x00, 0x00, 0x75, 0x60, 0x02, 0x00, 0xBC, 0xFF, 0x34, 0x00, 0x00, 0x00, 0x00, 0x00, 0x00, 0x00,
  0x00, 0x00, 0xBC, 0xFF, 0x34, 0x00, 0x00, 0x00, 0x00, 0x00, 0x00, 0x00, 0x00, 0x00, 0xBC, 0xFF,
  0x34, 0x00, 0x00, 0x00, 0x00, 0x00, 0x00, 0x00, 0x00, 0x00, 0xBC, 0xFF, 0x34, 0x00, 0x00, 0x00,
  0x00, 0x00, 0x00, 0x00, 0x00, 0x00, 0xBC, 0xFF, 0x34, 0x00, 0x00, 0x00, 0x00, 0x00, 0x00, 0x00,
  0x00, 0x00, 0xBC, 0xFF, 0x34, 0x00, 0x00, 0x00, 0x00, 0x00, 0x00, 0x00, 0x00, 0x00, 0xBC, 0xFF,
  0x34, 0x00, 0x00, 0x00, 0x00, 0x00, 0x00, 0x00, 0x00, 0x00, 0xBC, 0xFF, 0x34, 0x00, 0x00, 0x00,
  0x00, 0x00, 0x00, 0x00, 0x00, 0x00, 0xBC, 0xFF, 0x34, 0x00, 0x00, 0x00, 0x00, 0x00, 0x00, 0x00,
  0x00, 0x00, 0xBC, 0xFF, 0x34, 0x00, 0x00, 0x00, 0x00, 0x00, 0x00, 0x00, 0x00, 0x00, 0xBC, 0xFF,
  0x34, 0x00, 0x00, 0x00, 0x00, 0x00, 0x0B, 0x7E, 0xD1, 0xF5, 0xF8, 0xD7, 0x83, 0x0C, 0x00, 0x00,
  0x00, 0x11, 0xD4, 0xFF, 0xFF, 0xFF, 0xFF, 0xFF, 0xFF, 0xD2, 0x10, 0x00, 0x00, 0x8F, 0xFF, 0xD2,
  0x46, 0x10, 0x11, 0x58, 0xEA, 0xFF, 0x95, 0x00, 0x00, 0xDF, 0xFF, 0x27, 0x00, 0x00, 0x00, 0x00,
  0x48, 0xFF, 0xEC, 0x00, 0x00, 0x00, 0x00, 0x00, 0x00, 0x00, 0x00, 0x00, 0x03, 0xFB, 0xFF, 0x05,
  0x00, 0x00, 0x00, 0x00, 0x00, 0x00, 0x00, 0x00, 0x1C, 0xFF, 0xE7, 0x00, 0x00, 0x00, 0x00, 0x00,
  0x00, 0x00, 0x00, 0x00, 0x91, 0xFF, 0x90, 0x00, 0x00, 0x00, 0x00, 0x00, 0x00, 0x00, 0x00, 0x4B,
  0xFC, 0xE7, 0x15, 0x00, 0x00, 0x00, 0x00, 0x00, 0x00, 0x00, 0x49, 0xF7, 0xF5, 0x3A, 0x00, 0x00,
  0x00, 0x00, 0x00, 0x00, 0x00, 0x5F, 0xFA, 0xF0, 0x3E, 0x00, 0x00, 0x00, 0x00, 0x00, 0x00, 0x00,
  0x82, 0xFF, 0xDF, 0x2B, 0x00, 0x00, 0x00, 0x00, 0x00, 0x00, 0x03, 0xA2, 0xFF, 0xC2, 0x15, 0x00,
  0x00, 0x00, 0x00, 0x00, 0x00, 0x00, 0xA4, 0xFF, 0xA7, 0x06, 0x00, 0x00, 0x00, 0x00, 0x00, 0x00,
  0x00, 0x70, 0xFF, 0xBD, 0x03, 0x00, 0x00, 0x00, 0x00, 0x00, 0x00, 0x00, 0x0E, 0xF0, 0xFF, 0xFF,
  0xFF, 0xFF, 0xFF, 0xFF, 0xFF, 0xFF, 0xFF, 0x14, 0x49, 0xFF, 0xFF, 0xFF, 0xFF, 0xFF, 0xFF, 0xFF,
  0xFF, 0xFF, 0xFF, 0x14, 0x00, 0x00, 0x03, 0x6E, 0xD1, 0xF8, 0xEE, 0xBB, 0x4F, 0x00, 0x00, 0x00,
  0x00, 0x00, 0xA1, 0xFF, 0xFF, 0xFF, 0xFF, 0xFF, 0xFF, 0x86, 0x00, 0x00, 0x00, 0x56, 0xFF, 0xE2,
  0x49, 0x0C, 0x15, 0x74, 0xFD, 0xFE, 0x2B, 0x00, 0x00, 0xB4, 0xFF, 0x40, 0x00, 0x00, 0x00, 0x00,
  0xA5, 0xFF, 0x6A, 0x00, 0x00, 0x00, 0x00, 0x00, 0x00, 0x00, 0x00, 0x00, 0xB0, 0xFF, 0x57, 0x00,
  0x00, 0x00, 0x00, 0x00, 0x00, 0x02, 0x25, 0x8E, 0xFF, 0xD6, 0x08, 0x00, 0x00, 0x00, 0x00, 0x00,
  0x1A, 0xFD, 0xFF, 0xFF, 0xC1, 0x16, 0x00, 0x00, 0x00, 0x00, 0x00, 0x00, 0x34, 0xD9, 0xDA, 0xFD,
  0xFF, 0xB2, 0x0B, 0x00, 0x00, 0x00, 0x00, 0x00, 0x00, 0x00, 0x00, 0x26, 0xCF, 0xFF, 0x9F, 0x00,
  0x00, 0x00, 0x00, 0x00, 0x00, 0x00, 0x00, 0x00, 0x24, 0xFE, 0xFB, 0x0E, 0x00, 0x00, 0x00, 0x00,
  0x00, 0x00, 0x00, 0x00, 0x00, 0xDF, 0xFF, 0x30, 0x00, 0x00, 0x00, 0x00, 0x00, 0x00, 0x00, 0x00,
  0x01, 0xF1, 0xFF, 0x2B, 0x04, 0xF5, 0xFA, 0x20, 0x00, 0x00, 0x00, 0x00, 0x5B, 0xFF, 0xEE, 0x04,
  0x00, 0x9E, 0xFF, 0xD6, 0x44, 0x0C, 0x19, 0x6F, 0xF5, 0xFF, 0x7C, 0x00, 0x00, 0x13, 0xD2, 0xFF,
  0xFF, 0xFF, 0xFF, 0xFF, 0xFF, 0xAB, 0x03, 0x00, 0x00, 0x00, 0x0A, 0x7E, 0xD4, 0xF9, 0xF4, 0xC6,
  0x61, 0x01, 0x00, 0x00, 0x00, 0x00, 0x00, 0x00, 0x00, 0x00, 0x0B, 0xD9, 0xFF, 0x0C, 0x00, 0x00,
  0x00, 0x00, 0x00, 0x00, 0x00, 0x00, 0x9D, 0xFF, 0xFF, 0x0C, 0x00, 0x00, 0x00, 0x00, 0x00, 0x00,
  0x00, 0x54, 0xFF, 0xFF, 0xFF, 0x0C, 0x00, 0x00, 0x00, 0x00, 0x00, 0x00, 0x1D, 0xEE, 0xD3, 0xEA,
  0xFF, 0x0C, 0x00, 0x00, 0x00, 0x00, 0x00, 0x02, 0xC1, 0xF7, 0x2C, 0xE4, 0xFF, 0x0C, 0x00, 0x00,
  0x00, 0x00, 0x00, 0x7D, 0xFF, 0x6C, 0x00, 0xE4, 0xFF, 0x0C, 0x00, 0x00, 0x00, 0x00, 0x38, 0xFB,
  0xB3, 0x00, 0x00, 0xE4, 0xFF, 0x0C, 0x00, 0x00, 0x00, 0x0E, 0xDE, 0xE7, 0x15, 0x00, 0x00, 0xE4,
  0xFF, 0x0C, 0x00, 0x00, 0x00, 0xA4, 0xFE, 0x45, 0x00, 0x00, 0x00, 0xE4, 0xFF, 0x0C, 0x00, 0x00,
  0x5B, 0xFF, 0x8C, 0x00, 0x00, 0x00, 0x00, 0xE4, 0xFF, 0x0C, 0x00, 0x00, 0xB8, 0xFF, 0xFF, 0xFF,
  0xFF, 0xFF, 0xFF, 0xFF, 0xFF, 0xFF, 0xFF, 0x2C, 0xB8, 0xFF, 0xFF, 0xFF, 0xFF, 0xFF, 0xFF, 0xFF,
  0xFF, 0xFF, 0xFF, 0x2C, 0x00, 0x00, 0x00, 0x00, 0x00, 0x00, 0x00, 0xE4, 0xFF, 0x0C, 0x00, 0x00,
  0x00, 0x00, 0x00, 0x00, 0x00, 0x00, 0x00, 0xE4, 0xFF, 0x0C, 0x00, 0x00, 0x00, 0x00, 0x00, 0x00,
  0x00, 0x00, 0x00, 0xE4, 0xFF, 0x0C, 0x00, 0x00, 0x00, 0x00, 0x00, 0x00, 0x00, 0x00, 0x00, 0xE4,
  0xFF, 0x0C, 0x00, 0x00, 0x00, 0x00, 0x51, 0xFF, 0xFF, 0xFF, 0xFF, 0xFF, 0xFF, 0xFF, 0x9C, 0x00,
  0x00, 0x00, 0x82, 0xFF, 0xFF, 0xFF, 0xFF, 0xFF, 0xFF, 0xFF, 0x9C, 0x00, 0x00, 0x00, 0xB3, 0xFF,
  0x39, 0x00, 0x00, 0x00, 0x00, 0x00, 0x00, 0x00, 0x00, 0x00, 0xE4, 0xFC, 0x09, 0x00, 0x00, 0x00,
  0x00, 0x00, 0x00, 0x00, 0x00, 0x15, 0xFF, 0xD2, 0x00, 0x00, 0x00, 0x00, 0x00, 0x00, 0x00, 0x00,
  0x00, 0x46, 0xFF, 0xA5, 0x7D, 0xDC, 0xF9, 0xDE, 0x89, 0x0E, 0x00, 0x00, 0x00, 0x77, 0xFF, 0xFC,
  0xFF, 0xFF, 0xFF, 0xFF, 0xFF, 0xD6, 0x14, 0x00, 0x00, 0xA8, 0xFF, 0xB1, 0x39, 0x09, 0x18, 0x61,
  0xEC, 0xFF, 0xAB, 0x00, 0x00, 0x00, 0x00, 0x00, 0x00, 0x00, 0x00, 0x00, 0x41, 0xFE, 0xFE, 0x19,
  0x00, 0x00, 0x00, 0x00, 0x00, 0x00, 0x00, 0x00, 0x00, 0xDA, 0xFF, 0x4C, 0x00, 0x00, 0x00, 0x00,
  0x00, 0x00, 0x00, 0x00, 0x00, 0xBF, 0xFF, 0x55, 0x00, 0x00, 0x00, 0x00, 0x00, 0x00, 0x00, 0x00,
  0x00, 0xE4, 0xFF, 0x39, 0x06, 0xF9, 0xFE, 0x28, 0x00, 0x00, 0x00, 0x00, 0x5A, 0xFF, 0xEB, 0x06,
  0x00, 0xA6, 0xFF, 0xDB, 0x49, 0x0D, 0x19, 0x6E, 0xF5, 0xFF, 0x74, 0x00, 0x00, 0x18, 0xDA, 0xFF,
  0xFF, 0xFF, 0xFF, 0xFF, 0xFF, 0xA5, 0x02, 0x00, 0x00, 0x00, 0x0D, 0x82, 0xD5, 0xF8, 0xF3, 0xC7,
  0x60, 0x01, 0x00, 0x00, 0x00, 0x00, 0x00, 0x22, 0x9F, 0xE5, 0xFA, 0xE3, 0x94, 0x12, 0x00, 0x00,
  0x00, 0x00, 0x3A, 0xF2, 0xFF, 0xFF, 0xFF, 0xFF, 0xFF, 0xD2, 0x09, 0x00, 0x00, 0x0B, 0xE0, 0xFF,
  0xBC, 0x2C, 0x0A, 0x40, 0xD6, 0xFF, 0x80, 0x00, 0x00, 0x68, 0xFF, 0xD1, 0x07, 0x00, 0x00, 0x00,
  0x2D, 0xFF, 0xCF, 0x00, 0x00, 0xBB, 0xFF, 0x4D, 0x00, 0x00, 0x00, 0x00, 0x00, 0x00, 0x00, 0x00,
  0x00, 0xED, 0xF8, 0x06, 0x00, 0x00, 0x00, 0x00, 0x00, 0x00, 0x00, 0x00, 0x12, 0xFF, 0xD7, 0x04,
  0x77, 0xD7, 0xF8, 0xE3, 0x91, 0x12, 0x00, 0x00, 0x21, 0xFF, 0xC8, 0xB9, 0xFF, 0xFF, 0xFF, 0xFF,
  0xFF, 0xDB, 0x16, 0x00, 0x28, 0xFF, 0xFF, 0xF8, 0x78, 0x1C, 0x0E, 0x4A, 0xDC, 0xFF, 0xA9, 0x00,
  0x1E, 0xFF, 0xFF, 0x70, 0x00, 0x00, 0x00, 0x00, 0x28, 0xFB, 0xFB, 0x0D, 0x0A, 0xFE, 0xFF, 0x1E,
  0x00, 0x00, 0x00, 0x00, 0x00, 0xD4, 0xFF, 0x2F, 0x00, 0xDC, 0xFF, 0x25, 0x00, 0x00, 0x00, 0x00,
  0x00, 0xDA, 0xFF, 0x24, 0x00, 0x94, 0xFF, 0x8C, 0x00, 0x00, 0x00, 0x00, 0x32, 0xFD, 0xED, 0x05,
  0x00, 0x27, 0xF8, 0xFE, 0x86, 0x1D, 0x0D, 0x4E, 0xE2, 0xFF, 0x89, 0x00, 0x00, 0x00, 0x60, 0xFD,
  0xFF, 0xFF, 0xFF, 0xFF, 0xFF, 0xC7, 0x08, 0x00, 0x00, 0x00, 0x00, 0x36, 0xAF, 0xEC, 0xF7, 0xD6,
  0x7B, 0x07, 0x00, 0x00, 0x00, 0xF4, 0xFF, 0xFF, 0xFF, 0xFF, 0xFF, 0xFF, 0xFF, 0xFF, 0xFF, 0x3C,
  0x00, 0xF4, 0xFF, 0xFF, 0xFF, 0xFF, 0xFF, 0xFF, 0xFF, 0xFF, 0xFF, 0x2D, 0x00, 0x00, 0x00, 0x00,
  0x00, 0x00, 0x00, 0x00, 0xA0, 0xFF, 0x83, 0x00, 0x00, 0x00, 0x00, 0x00, 0x00, 0x00, 0x00, 0x5E,
  0xFF, 0xC4, 0x03, 0x00, 0x00, 0x00, 0x00, 0x00, 0x00, 0x00, 0x16, 0xF0, 0xF8, 0x27, 0x00, 0x00,
  0x00, 0x00, 0x00, 0x00, 0x00, 0x00, 0x9D, 0xFF, 0x89, 0x00, 0x00, 0x00, 0x00, 0x00, 0x00, 0x00,
  0x00, 0x2A, 0xFD, 0xF2, 0x10, 0x00, 0x00, 0x00, 0x00, 0x00, 0x00, 0x00, 0x00, 0x9C, 0xFF, 0x89,
  0x00, 0x00, 0x00, 0x00, 0x00, 0x00, 0x00, 0x00, 0x16, 0xF8, 0xF8, 0x18, 0x00, 0x00, 0x00, 0x00,
  0x00, 0x00, 0x00, 0x00, 0x6B, 0xFF, 0xAF, 0x00, 0x00, 0x00, 0x00, 0x00, 0x00, 0x00, 0x00, 0x00,
  0xBD, 0xFF, 0x57, 0x00, 0x00, 0x00, 0x00, 0x00, 0x00, 0x00, 0x00, 0x0E, 0xFC, 0xF6, 0x0A, 0x00,
  0x00, 0x00, 0x00, 0x00, 0x00, 0x00, 0x00, 0x43, 0xFF, 0xC2, 0x00, 0x00, 0x00, 0x00, 0x00, 0x00,
  0x00, 0x00, 0x00, 0x78, 0xFF, 0x8B, 0x00, 0x00, 0x00, 0x00, 0x00, 0x00, 0x00, 0x00, 0x00, 0x9D,
  0xFF, 0x67, 0x00, 0x00, 0x00, 0x00, 0x00, 0x00, 0x00, 0x00, 0x00, 0xB4, 0xFF, 0x4A, 0x00, 0x00,
  0x00, 0x00, 0x00, 0x00, 0x00, 0x00, 0x00, 0x5E, 0xC9, 0xF5, 0xF6, 0xCF, 0x6C, 0x02, 0x00, 0x00,
  0x00, 0x00, 0x90, 0xFF, 0xFF, 0xFF, 0xFF, 0xFF, 0xFF, 0xAB, 0x00, 0x00, 0x00, 0x30, 0xFF, 0xFD,
  0x74, 0x15, 0x11, 0x61, 0xF6, 0xFF, 0x50, 0x00, 0x00, 0x6E, 0xFF, 0x9F, 0x00, 0x00, 0x00, 0x00,
  0x80, 0xFF, 0x94, 0x00, 0x00, 0x60, 0xFF, 0xA2, 0x00, 0x00, 0x00, 0x00, 0x7B, 0xFF, 0x89, 0x00,
  0x00, 0x11, 0xEB, 0xFC, 0x6F, 0x14, 0x0E, 0x59, 0xF3, 0xFA, 0x2E, 0x00, 0x00, 0x00, 0x2B, 0xC1,
  0xFF, 0xFF, 0xFF, 0xFF, 0xD6, 0x42, 0x00, 0x00, 0x00, 0x00, 0x5B, 0xE0, 0xFF, 0xFF, 0xFF, 0xFF,
  0xEA, 0x6A, 0x00, 0x00, 0x00, 0x57, 0xFF, 0xF1, 0x68, 0x18, 0x14, 0x5A, 0xE7, 0xFF, 0x6D, 0x00,
  0x00, 0xD7, 0xFF, 0x52, 0x00, 0x00, 0x00, 0x00, 0x33, 0xFB, 0xED, 0x08, 0x0A, 0xFF, 0xF4, 0x02,
  0x00, 0x00, 0x00, 0x00, 0x00, 0xCF, 0xFF, 0x2E, 0x12, 0xFF, 0xF1, 0x01, 0x00, 0x00, 0x00, 0x00,
  0x00, 0xCB, 0xFF, 0x3A, 0x00, 0xE4, 0xFF, 0x51, 0x00, 0x00, 0x00, 0x00, 0x2A, 0xFA, 0xFC, 0x11,
  0x00, 0x7A, 0xFF, 0xF0, 0x64, 0x13, 0x10, 0x51, 0xE0, 0xFF, 0xA3, 0x00, 0x00, 0x04, 0xB3, 0xFF,
  0xFF, 0xFF, 0xFF, 0xFF, 0xFF, 0xCF, 0x10, 0x00, 0x00, 0x00, 0x02, 0x68, 0xC9, 0xF5, 0xF7, 0xD3,
  0x7C, 0x0A, 0x00, 0x00, 0x00, 0x00, 0x03, 0x6E, 0xCF, 0xF7, 0xE8, 0xB1, 0x3A, 0x00, 0x00, 0x00,
  0x00, 0x04, 0xB6, 0xFF, 0xFF, 0xFF, 0xFF, 0xFF, 0xFD, 0x6B, 0x00, 0x00, 0x00, 0x79, 0xFF, 0xF9,
  0x7B, 0x1D, 0x12, 0x5F, 0xEE, 0xFD, 0x32, 0x00, 0x00, 0xDF, 0xFF, 0x6D, 0x00, 0x00, 0x00, 0x00,
  0x4F, 0xFF, 0xB3, 0x00, 0x0D, 0xFF, 0xFD, 0x0A, 0x00, 0x00, 0x00, 0x00, 0x02, 0xF5, 0xF7, 0x05,
  0x0F, 0xFF, 0xF6, 0x03, 0x00, 0x00, 0x00, 0x00, 0x01, 0xF3, 0xFF, 0x25, 0x00, 0xE9, 0xFF, 0x4D,
  0x00, 0x00, 0x00, 0x00, 0x45, 0xFF, 0xFF, 0x3A, 0x00, 0x8C, 0xFF, 0xEE, 0x63, 0x15, 0x12, 0x58,
  0xE8, 0xFF, 0xFF, 0x41, 0x00, 0x0C, 0xCD, 0xFF, 0xFF, 0xFF, 0xFF, 0xFF, 0xCE, 0xB8, 0xFF, 0x3C,
  0x00, 0x00, 0x0B, 0x85, 0xDE, 0xF9, 0xDF, 0x85, 0x0A, 0xBF, 0xFF, 0x2C, 0x00, 0x00, 0x00, 0x00,
  0x00, 0x00, 0x00, 0x00, 0x01, 0xEC, 0xFF, 0x0F, 0x00, 0x00, 0x00, 0x00, 0x00, 0x00, 0x00, 0x00,
  0x37, 0xFF, 0xDA, 0x00, 0x00, 0xA9, 0xFF, 0x40, 0x00, 0x00, 0x00, 0x00, 0xB2, 0xFF, 0x85, 0x00,
  0x00, 0x5C, 0xFF, 0xD9, 0x3A, 0x08, 0x22, 0xA0, 0xFF, 0xF1, 0x12, 0x00, 0x00, 0x01, 0xB8, 0xFF,
  0xFF, 0xFF, 0xFF, 0xFF, 0xF6, 0x43, 0x00, 0x00, 0x00, 0x00, 0x0A, 0x86, 0xDF, 0xFA, 0xE1, 0xA3,
  0x29, 0x00, 0x00, 0x00, 0x00, 0x04, 0xFF, 0xFF, 0x30, 0x00, 0x00, 0x04, 0xFF, 0xFF, 0x30, 0x00,
  0x00, 0x00, 0x00, 0x00, 0x00, 0x00, 0x00, 0x00, 0x00, 0x00, 0x00, 0x00, 0x00, 0x00, 0x00, 0x00,
  0x00, 0x00, 0x00, 0x00, 0x00, 0x00, 0x00, 0x00, 0x00, 0x00, 0x00, 0x00, 0x00, 0x00, 0x00, 0x00,
  0x00, 0x00, 0x00, 0x00, 0x00, 0x00, 0x00, 0x00, 0x00, 0x00, 0x00, 0x00, 0x00, 0x00, 0x00, 0x00,
  0x00, 0x04, 0xFF, 0xFF, 0x30, 0x00, 0x00, 0x04, 0xFF, 0xFF, 0x30, 0x00, 0x00, 0x0C, 0xFF, 0xFF,
  0x28, 0x00, 0x00, 0x0C, 0xFF, 0xFF, 0x28, 0x00, 0x00, 0x00, 0x00, 0x00, 0x00, 0x00, 0x00, 0x00,
  0x00, 0x00, 0x00, 0x00, 0x00, 0x00, 0x00, 0x00, 0x00, 0x00, 0x00, 0x00, 0x00, 0x00, 0x00, 0x00,
  0x00, 0x00, 0x00, 0x00, 0x00, 0x00, 0x00, 0x00, 0x00, 0x00, 0x00, 0x00, 0x00, 0x00, 0x00, 0x00,
  0x00, 0x00, 0x00, 0x00, 0x00, 0x00, 0x00, 0x00, 0x00, 0x0C, 0xFF, 0xFF, 0x28, 0x00, 0x00, 0x0C,
  0xFF, 0xFF, 0x28, 0x00, 0x00, 0x00, 0x08, 0xFD, 0x1A, 0x00, 0x00, 0x02, 0x81, 0xDD, 0x01, 0x00,
  0x00, 0x07, 0xC2, 0x37, 0x00, 0x00, 0x00, 0x00, 0x00, 0x00, 0x00, 0x00, 0x00, 0x00, 0x00, 0x0C,
  0x73, 0x8A, 0x00, 0x00, 0x00, 0x00, 0x00, 0x00, 0x00, 0x00, 0x11, 0x7E, 0xED, 0xFF, 0xA4, 0x00,
  0x00, 0x00, 0x00, 0x00, 0x00, 0x17, 0x89, 0xF2, 0xFF, 0xE3, 0x7C, 0x16, 0x00, 0x00, 0x00, 0x00,
  0x1E, 0x93, 0xF7, 0xFF, 0xC0, 0x54, 0x04, 0x00, 0x00, 0x00, 0x00, 0x26, 0x9E, 0xFA, 0xF4, 0x99,
  0x2C, 0x00, 0x00, 0x00, 0x00, 0x00, 0x00, 0x00, 0xCC, 0xFF, 0xD3, 0x1F, 0x00, 0x00, 0x00, 0x00,
  0x00, 0x00, 0x00, 0x00, 0x00, 0x27, 0x9F, 0xFA, 0xF4, 0x98, 0x2C, 0x00, 0x00, 0x00, 0x00, 0x00,
  0x00, 0x00, 0x00, 0x00, 0x1E, 0x94, 0xF7, 0xFF, 0xBF, 0x53, 0x03, 0x00, 0x00, 0x00, 0x00, 0x00,
  0x00, 0x00, 0x00, 0x18, 0x8A, 0xF2, 0xFF, 0xE3, 0x7B, 0x16, 0x00, 0x00, 0x00, 0x00, 0x00, 0x00,
  0x00, 0x00, 0x11, 0x7F, 0xED, 0xFF, 0xA4, 0x00, 0x00, 0x00, 0x00, 0x00, 0x00, 0x00, 0x00, 0x00,
  0x00, 0x0C, 0x74, 0x8B, 0x00, 0x00, 0x00, 0x00, 0x00, 0x00, 0x00, 0x00, 0x00, 0x00, 0x00, 0x00,
  0x00, 0x00, 0x00, 0x00, 0x00, 0x00, 0x00, 0x00, 0x00, 0x00, 0x00, 0x00, 0x00, 0x00, 0x00, 0x00,
  0xC8, 0xFF, 0xFF, 0xFF, 0xFF, 0xFF, 0xFF, 0xFF, 0xFF, 0xFF, 0xA0, 0x00, 0x00, 0xC8, 0xFF, 0xFF,
  0xFF, 0xFF, 0xFF, 0xFF, 0xFF, 0xFF, 0xFF, 0xA0, 0x00, 0x00, 0x00, 0x00, 0x00, 0x00, 0x00, 0x00,
  0x00, 0x00, 0x00, 0x00, 0x00, 0x00, 0x00, 0x00, 0x00, 0x00, 0x00, 0x00, 0x00, 0x00, 0x00, 0x00,
  0x00, 0x00, 0x00, 0x00, 0x00, 0x00, 0x00, 0x00, 0x00, 0x00, 0x00, 0x00, 0x00, 0x00, 0x00, 0x00,
  0x00, 0xC8, 0xFF, 0xFF, 0xFF, 0xFF, 0xFF, 0xFF, 0xFF, 0xFF, 0xFF, 0xA0, 0x00, 0x00, 0xC8, 0xFF,
  0xFF, 0xFF, 0xFF, 0xFF, 0xFF, 0xFF, 0xFF, 0xFF, 0xA0, 0x00, 0x00, 0x00, 0x00, 0x00, 0x00, 0x00,
  0x00, 0x00, 0x00, 0x00, 0x00, 0x00, 0x00, 0x00, 0x00, 0x00, 0x00, 0x00, 0x00, 0x00, 0x00, 0x00,
  0x00, 0x00, 0x00, 0x00, 0x00, 0x00, 0x00, 0x00, 0x00, 0x00, 0x00, 0x00, 0x00, 0x00, 0x00, 0x00,
  0x00, 0x00, 0x00, 0x00, 0x00, 0x00, 0x00, 0x00, 0x00, 0x00, 0x00, 0x00, 0x00, 0x00, 0x00, 0xA4,
  0x60, 0x05, 0x00, 0x00, 0x00, 0x00, 0x00, 0x00, 0x00, 0x00, 0x00, 0x00, 0xCC, 0xFF, 0xE1, 0x6B,
  0x08, 0x00, 0x00, 0x00, 0x00, 0x00, 0x00, 0x00, 0x00, 0x22, 0x8D, 0xEE, 0xFF, 0xE7, 0x76, 0x0D,
  0x00, 0x00, 0x00, 0x00, 0x00, 0x00, 0x00, 0x00, 0x0A, 0x66, 0xD1, 0xFF, 0xEE, 0x80, 0x12, 0x00,
  0x00, 0x00, 0x00, 0x00, 0x00, 0x00, 0x00, 0x00, 0x3E, 0xAB, 0xFB, 0xF3, 0x8B, 0x18, 0x00, 0x00,
  0x00, 0x00, 0x00, 0x00, 0x00, 0x00, 0x00, 0x37, 0xE8, 0xFF, 0xA4, 0x00, 0x00, 0x00, 0x00, 0x00,
  0x00, 0x00, 0x3D, 0xAA, 0xFB, 0xF3, 0x8C, 0x19, 0x00, 0x00, 0x00, 0x00, 0x0A, 0x65, 0xD1, 0xFF,
  0xEE, 0x81, 0x12, 0x00, 0x00, 0x00, 0x00, 0x22, 0x8C, 0xEE, 0xFF, 0xE8, 0x77, 0x0D, 0x00, 0x00,
  0x00, 0x00, 0x00, 0x00, 0xCC, 0xFF, 0xE1, 0x6C, 0x08, 0x00, 0x00, 0x00, 0x00, 0x00, 0x00, 0x00,
  0x00, 0xA5, 0x61, 0x05, 0x00, 0x00, 0x00, 0x00, 0x00, 0x00, 0x00, 0x00, 0x00, 0x00, 0x00, 0x00,
  0x00, 0x00, 0x00, 0x00, 0x00, 0x00, 0x00, 0x00, 0x00, 0x00, 0x00, 0x00, 0x00, 0x00, 0x00, 0x00,
  0x00, 0x00, 0x00, 0x00, 0x00, 0x00, 0x00, 0x00, 0x00, 0x0C, 0x7E, 0xD2, 0xF6, 0xF7, 0xD9, 0x8E,
  0x17, 0x00, 0x00, 0x00, 0x11, 0xD4, 0xFF, 0xFF, 0xFF, 0xFF, 0xFF, 0xFF, 0xE9, 0x29, 0x00, 0x00,
  0x93, 0xFF, 0xDF, 0x4D, 0x10, 0x0F, 0x4A, 0xD7, 0xFF, 0xC7, 0x00, 0x00, 0xEB, 0xFF, 0x2F, 0x00,
  0x00, 0x00, 0x00, 0x19, 0xFB, 0xFF, 0x12, 0x00, 0x00, 0x00, 0x00, 0x00, 0x00, 0x00, 0x00, 0x04,
  0xED, 0xFE, 0x0C, 0x00, 0x00, 0x00, 0x00, 0x00, 0x00, 0x00, 0x00, 0x91, 0xFF, 0xB4, 0x00, 0x00,
  0x00, 0x00, 0x00, 0x00, 0x00, 0x00, 0x8F, 0xFF, 0xE6, 0x1B, 0x00, 0x00, 0x00, 0x00, 0x00, 0x00,
  0x00, 0x86, 0xFF, 0xEA, 0x2A, 0x00, 0x00, 0x00, 0x00, 0x00, 0x00, 0x00, 0x40, 0xFF, 0xED, 0x2D,
  0x00, 0x00, 0x00, 0x00, 0x00, 0x00, 0x00, 0x00, 0xAC, 0xFF, 0x5F, 0x00, 0x00, 0x00, 0x00, 0x00,
  0x00, 0x00, 0x00, 0x00, 0xDF, 0xFE, 0x0A, 0x00, 0x00, 0x00, 0x00, 0x00, 0x00, 0x00, 0x00, 0x00,
  0xED, 0xF1, 0x00, 0x00, 0x00, 0x00, 0x00, 0x00, 0x00, 0x00, 0x00, 0x00, 0x00, 0x00, 0x00, 0x00,
  0x00, 0x00, 0x00, 0x00, 0x00, 0x00, 0x00, 0x00, 0x00, 0x00, 0x00, 0x00, 0x00, 0x00, 0x00, 0x00,
  0x00, 0x00, 0x00, 0x0C, 0xFF, 0xFF, 0x28, 0x00, 0x00, 0x00, 0x00, 0x00, 0x00, 0x00, 0x00, 0x0C,
  0xFF, 0xFF, 0x28, 0x00, 0x00, 0x00, 0x00, 0x00, 0x00, 0x00, 0x00, 0x00, 0x00, 0x00, 0x30, 0x89,
  0xC3, 0xE9, 0xF9, 0xF6, 0xDE, 0xAD, 0x5F, 0x09, 0x00, 0x00, 0x00, 0x00, 0x00, 0x00, 0x00, 0x00,
  0x00, 0x00, 0x1F, 0xB3, 0xFF, 0xFF, 0xFF, 0xFF, 0xFF, 0xFF, 0xFF, 0xFF, 0xFF, 0xE9, 0x5C, 0x00,
  0x00, 0x00, 0x00, 0x00, 0x00, 0x00, 0x00, 0x3D, 0xED, 0xFF, 0xED, 0x8E, 0x43, 0x17, 0x05, 0x15,
  0x30, 0x74, 0xCF, 0xFF, 0xFF, 0x8C, 0x00, 0x00, 0x00, 0x00, 0x00, 0x00, 0x2E, 0xF2, 0xFF, 0xA0,
  0x0C, 0x00, 0x00, 0x00, 0x00, 0x00, 0x00, 0x00, 0x00, 0x5F, 0xED, 0xFF, 0x6A, 0x00, 0x00, 0x00,
  0x00, 0x06, 0xD4, 0xFF, 0x68, 0x00, 0x00, 0x32, 0xB0, 0xEE, 0xE7, 0x89, 0x07, 0x9F, 0xFF, 0x49,
  0x30, 0xF3, 0xF4, 0x17, 0x00, 0x00, 0x00, 0x6D, 0xFF, 0x97, 0x00, 0x00, 0x5A, 0xFA, 0xFF, 0xFF,
  0xFF, 0xFF, 0xB3, 0xCD, 0xFF, 0x15, 0x00, 0x64, 0xFF, 0x7F, 0x00, 0x00, 0x02, 0xE1, 0xDF, 0x09,
  0x00, 0x33, 0xFC, 0xFD, 0x7D, 0x13, 0x19, 0x98, 0xFF, 0xFF, 0xE1, 0x00, 0x00, 0x06, 0xE8, 0xCB,
  0x00, 0x00, 0x40, 0xFF, 0x70, 0x00, 0x00, 0xCB, 0xFF, 0x77, 0x00, 0x00, 0x00, 0x01, 0xCE, 0xFF,
  0xAD, 0x00, 0x00, 0x00, 0xB5, 0xF5, 0x00, 0x00, 0x83, 0xFF, 0x1D, 0x00, 0x35, 0xFF, 0xDE, 0x03,
  0x00, 0x00, 0x00, 0x00, 0x8F, 0xFF, 0x79, 0x00, 0x00, 0x00, 0x9D, 0xFD, 0x00, 0x00, 0xB0, 0xE8,
  0x00, 0x00, 0x84, 0xFF, 0x85, 0x00, 0x00, 0x00, 0x00, 0x00, 0x8F, 0xFF, 0x45, 0x00, 0x00, 0x00,
  0xB8, 0xE8, 0x00, 0x00, 0xC7, 0xCE, 0x00, 0x00, 0xA7, 0xFF, 0x51, 0x00, 0x00, 0x00, 0x00, 0x00,
  0xC3, 0xFF, 0x11, 0x00, 0x00, 0x0F, 0xF6, 0xB0, 0x00, 0x00, 0xC7, 0xCF, 0x00, 0x00, 0xAC, 0xFF,
  0x53, 0x00, 0x00, 0x00, 0x00, 0x28, 0xFD, 0xDC, 0x00, 0x00, 0x00, 0x7F, 0xFF, 0x56, 0x00, 0x00,
  0xAF, 0xE7, 0x00, 0x00, 0x87, 0xFF, 0x91, 0x00, 0x00, 0x00, 0x07, 0xC4, 0xFF, 0xA9, 0x00, 0x00,
  0x46, 0xFA, 0xCE, 0x02, 0x00, 0x00, 0x8E, 0xFF, 0x1E, 0x00, 0x33, 0xFF, 0xF9, 0x60, 0x0C, 0x34,
  0xC4, 0xFF, 0xFF, 0xAE, 0x14, 0x7B, 0xFB, 0xF0, 0x25, 0x00, 0x00, 0x00, 0x43, 0xFF, 0x79, 0x00,
  0x00, 0x9D, 0xFF, 0xFF, 0xFF, 0xFF, 0xEF, 0xAA, 0xFF, 0xFF, 0xFF, 0xFF, 0xE9, 0x34, 0x00, 0x00,
  0x00, 0x00, 0x04, 0xE9, 0xEC, 0x17, 0x00, 0x03, 0x80, 0xE4, 0xF3, 0xAC, 0x21, 0x17, 0xC9, 0xFA,
  0xE0, 0x8E, 0x13, 0x00, 0x00, 0x00, 0x00, 0x00, 0x00, 0x66, 0xFF, 0xC4, 0x0C, 0x00, 0x00, 0x00,
  0x00, 0x00, 0x00, 0x00, 0x00, 0x00, 0x00, 0x00, 0x00, 0x16, 0xD4, 0xFD, 0x38, 0x00, 0x00, 0x02,
  0xB0, 0xFF, 0xD6, 0x3D, 0x00, 0x00, 0x00, 0x00, 0x00, 0x00, 0x00, 0x00, 0x00, 0x00, 0x4F, 0xDF,
  0xFF, 0x7A, 0x00, 0x00, 0x00, 0x00, 0x08, 0xAF, 0xFF, 0xFF, 0xCD, 0x82, 0x3F, 0x21, 0x0B, 0x09,
  0x1F, 0x39, 0x7D, 0xCE, 0xFF, 0xFC, 0x79, 0x00, 0x00, 0x00, 0x00, 0x00, 0x00, 0x00, 0x63, 0xE1,
  0xFF, 0xFF, 0xFF, 0xFF, 0xFF, 0xFF, 0xFF, 0xFF, 0xFF, 0xFF, 0xCC, 0x3E, 0x00, 0x00, 0x00, 0x00,
  0x00, 0x00, 0x00, 0x00, 0x00, 0x03, 0x4C, 0x90, 0xC8, 0xE5, 0xF6, 0xF8, 0xE5, 0xCB, 0x8D, 0x42,
  0x00, 0x00, 0x00, 0x00, 0x00, 0x00, 0x00, 0x00, 0x00, 0x00, 0x00, 0x2C, 0xFF, 0xFF, 0x76, 0x00,
  0x00, 0x00, 0x00, 0x00, 0x00, 0x00, 0x00, 0x00, 0x00, 0x00, 0x00, 0x8D, 0xFF, 0xFF, 0xDC, 0x01,
  0x00, 0x00, 0x00, 0x00, 0x00, 0x00, 0x00, 0x00, 0x00, 0x00, 0x04, 0xE9, 0xF2, 0xC2, 0xFF, 0x44,
  0x00, 0x00, 0x00, 0x00, 0x00, 0x00, 0x00, 0x00, 0x00, 0x00, 0x4F, 0xFF, 0xB0, 0x66, 0xFF, 0xAB,
  0x00, 0x00, 0x00, 0x00, 0x00, 0x00, 0x00, 0x00, 0x00, 0x00, 0xB0, 0xFF, 0x5A, 0x10, 0xF8, 0xFA,
  0x18, 0x00, 0x00, 0x00, 0x00, 0x00, 0x00, 0x00, 0x00, 0x15, 0xFA, 0xEE, 0x09, 0x00, 0xA5, 0xFF,
  0x79, 0x00, 0x00, 0x00, 0x00, 0x00, 0x00, 0x00, 0x00, 0x71, 0xFF, 0x8D, 0x00, 0x00, 0x38, 0xFF,
  0xDE, 0x02, 0x00, 0x00, 0x00, 0x00, 0x00, 0x00, 0x00, 0xD1, 0xFE, 0x24, 0x00, 0x00, 0x00, 0xCB,
  0xFF, 0x47, 0x00, 0x00, 0x00, 0x00, 0x00, 0x00, 0x33, 0xFF, 0xB9, 0x00, 0x00, 0x00, 0x00, 0x5E,
  0xFF, 0xAE, 0x00, 0x00, 0x00, 0x00, 0x00, 0x00, 0x93, 0xFF, 0xFF, 0xFF, 0xFF, 0xFF, 0xFF, 0xFF,
  0xFF, 0xFB, 0x1A, 0x00, 0x00, 0x00, 0x00, 0x06, 0xED, 0xFF, 0xFF, 0xFF, 0xFF, 0xFF, 0xFF, 0xFF,
  0xFF, 0xFF, 0x7C, 0x00, 0x00, 0x00, 0x00, 0x55, 0xFF, 0xBB, 0x00, 0x00, 0x00, 0x00, 0x00, 0x00,
  0x52, 0xFF, 0xE1, 0x02, 0x00, 0x00, 0x00, 0xB6, 0xFF, 0x63, 0x00, 0x00, 0x00, 0x00, 0x00, 0x00,
  0x06, 0xED, 0xFF, 0x4A, 0x00, 0x00, 0x19, 0xFC, 0xFA, 0x11, 0x00, 0x00, 0x00, 0x00, 0x00, 0x00,
  0x00, 0x96, 0xFF, 0xB1, 0x00, 0x00, 0x77, 0xFF, 0xB3, 0x00, 0x00, 0x00, 0x00, 0x00, 0x00, 0x00,
  0x00, 0x39, 0xFF, 0xFC, 0x1C, 0x00, 0xD7, 0xFF, 0x5B, 0x00, 0x00, 0x00, 0x00, 0x00, 0x00, 0x00,
  0x00, 0x00, 0xDA, 0xFF, 0x80, 0x00, 0x64, 0xFF, 0xFF, 0xFF, 0xFF, 0xFF, 0xFD, 0xEB, 0xC1, 0x63,
  0x01, 0x00, 0x00, 0x00, 0x00, 0x64, 0xFF, 0xFF, 0xFF, 0xFF, 0xFF, 0xFF, 0xFF, 0xFF, 0xFF, 0x9D,
  0x00, 0x00, 0x00, 0x00, 0x64, 0xFF, 0xB4, 0x00, 0x00, 0x00, 0x04, 0x17, 0x64, 0xF8, 0xFF, 0x44,
  0x00, 0x00, 0x00, 0x64, 0xFF, 0xB4, 0x00, 0x00, 0x00, 0x00, 0x00, 0x00, 0x87, 0xFF, 0x9B, 0x00,
  0x00, 0x00, 0x64, 0xFF, 0xB4, 0x00, 0x00, 0x00, 0x00, 0x00, 0x00, 0x58, 0xFF, 0xB2, 0x00, 0x00,
  0x00, 0x64, 0xFF, 0xB4, 0x00, 0x00, 0x00, 0x00, 0x00, 0x00, 0x82, 0xFF, 0x8B, 0x00, 0x00, 0x00,
  0x64, 0xFF, 0xB4, 0x00, 0x00, 0x00, 0x03, 0x16, 0x64, 0xF6, 0xF5, 0x24, 0x00, 0x00, 0x00, 0x64,
  0xFF, 0xFF, 0xFF, 0xFF, 0xFF, 0xFF, 0xFF, 0xFF, 0xEC, 0x48, 0x00, 0x00, 0x00, 0x00, 0x64, 0xFF,
  0xFF, 0xFF, 0xFF, 0xFF, 0xFF, 0xFF, 0xFF, 0xF3, 0x92, 0x0A, 0x00, 0x00, 0x00, 0x64, 0xFF, 0xB4,
  0x00, 0x00, 0x00, 0x02, 0x10, 0x3D, 0xBB, 0xFF, 0xC1, 0x01, 0x00, 0x00, 0x64, 0xFF, 0xB4, 0x00,
  0x00, 0x00, 0x00, 0x00, 0x00, 0x06, 0xE2, 0xFF, 0x49, 0x00, 0x00, 0x64, 0xFF, 0xB4, 0x00, 0x00,
  0x00, 0x00, 0x00, 0x00, 0x00, 0xB1, 0xFF, 0x75, 0x00, 0x00, 0x64, 0xFF, 0xB4, 0x00, 0x00, 0x00,
  0x00, 0x00, 0x00, 0x07, 0xDF, 0xFF, 0x62, 0x00, 0x00, 0x64, 0xFF, 0xB4, 0x00, 0x00, 0x00, 0x00,
  0x06, 0x38, 0xBA, 0xFF, 0xF6, 0x16, 0x00, 0x00, 0x64, 0xFF, 0xFF, 0xFF, 0xFF, 0xFF, 0xFF, 0xFF,
  0xFF, 0xFF, 0xFE, 0x63, 0x00, 0x00, 0x00, 0x64, 0xFF, 0xFF, 0xFF, 0xFF, 0xFF, 0xFF, 0xF6, 0xDB,
  0xA3, 0x39, 0x00, 0x00, 0x00, 0x00, 0x00, 0x00, 0x00, 0x09, 0x5E, 0xB9, 0xE1, 0xF9, 0xEC, 0xBB,
  0x5B, 0x01, 0x00, 0x00, 0x00, 0x00, 0x00, 0x00, 0x30, 0xDA, 0xFF, 0xFF, 0xFF, 0xFF, 0xFF, 0xFF,
  0xFF, 0xB7, 0x07, 0x00, 0x00, 0x00, 0x00, 0x2A, 0xF5, 0xFF, 0xD2, 0x5C, 0x20, 0x08, 0x21, 0x73,
  0xEF, 0xFF, 0xAB, 0x00, 0x00, 0x00, 0x02, 0xD0, 0xFF, 0xB4, 0x08, 0x00, 0x00, 0x00, 0x00, 0x00,
  0x35, 0xF7, 0xFF, 0x3C, 0x00, 0x00, 0x45, 0xFF, 0xF1, 0x14, 0x00, 0x00, 0x00, 0x00, 0x00, 0x00,
  0x00, 0x95, 0xEA, 0x73, 0x00, 0x00, 0x9C, 0xFF, 0x9C, 0x00, 0x00, 0x00, 0x00, 0x00, 0x00, 0x00,
  0x00, 0x05, 0x00, 0x00, 0x00, 0x00, 0xC3, 0xFF, 0x61, 0x00, 0x00, 0x00, 0x00, 0x00, 0x00, 0x00,
  0x00, 0x00, 0x00, 0x00, 0x00, 0x00, 0xDD, 0xFF, 0x48, 0x00, 0x00, 0x00, 0x00, 0x00, 0x00, 0x00,
  0x00, 0x00, 0x00, 0x00, 0x00, 0x00, 0xD9, 0xFF, 0x4C, 0x00, 0x00, 0x00, 0x00, 0x00, 0x00, 0x00,
  0x00, 0x00, 0x00, 0x00, 0x00, 0x00, 0xC0, 0xFF, 0x64, 0x00, 0x00, 0x00, 0x00, 0x00, 0x00, 0x00,
  0x00, 0x00, 0x00, 0x00, 0x00, 0x00, 0x8D, 0xFF, 0xA1, 0x00, 0x00, 0x00, 0x00, 0x00, 0x00, 0x00,
  0x00, 0x2A, 0xA5, 0x64, 0x00, 0x00, 0x3E, 0xFF, 0xF0, 0x16, 0x00, 0x00, 0x00, 0x00, 0x00, 0x00,
  0x00, 0x8D, 0xFF, 0xC2, 0x00, 0x00, 0x02, 0xCA, 0xFF, 0xB3, 0x08, 0x00, 0x00, 0x00, 0x00, 0x00,
  0x41, 0xFA, 0xFF, 0x57, 0x00, 0x00, 0x00, 0x33, 0xF9, 0xFF, 0xD1, 0x5B, 0x1A, 0x0A, 0x2C, 0x87,
  0xF6, 0xFF, 0xB9, 0x01, 0x00, 0x00, 0x00, 0x00, 0x40, 0xEF, 0xFF, 0xFF, 0xFF, 0xFF, 0xFF, 0xFF,
  0xFF, 0xBC, 0x0E, 0x00, 0x00, 0x00, 0x00, 0x00, 0x00, 0x19, 0x84, 0xCC, 0xF1, 0xFC, 0xEC, 0xB8,
  0x59, 0x01, 0x00, 0x00, 0x00, 0x00, 0x4C, 0xFF, 0xFF, 0xFF, 0xFF, 0xFF, 0xFC, 0xF1, 0xD3, 0x8F,
  0x24, 0x00, 0x00, 0x00, 0x00, 0x00, 0x4C, 0xFF, 0xFF, 0xFF, 0xFF, 0xFF, 0xFF, 0xFF, 0xFF, 0xFF,
  0xF6, 0x56, 0x00, 0x00, 0x00, 0x00, 0x4C, 0xFF, 0xC8, 0x00, 0x00, 0x00, 0x05, 0x14, 0x46, 0xC4,
  0xFF, 0xF9, 0x3B, 0x00, 0x00, 0x00, 0x4C, 0xFF, 0xC8, 0x00, 0x00, 0x00, 0x00, 0x00, 0x00, 0x03,
  0xB8, 0xFF, 0xC8, 0x00, 0x00, 0x00, 0x4C, 0xFF, 0xC8, 0x00, 0x00, 0x00, 0x00, 0x00, 0x00, 0x00,
  0x17, 0xF7, 0xFF, 0x31, 0x00, 0x00, 0x4C, 0xFF, 0xC8, 0x00, 0x00, 0x00, 0x00, 0x00, 0x00, 0x00,
  0x00, 0xB5, 0xFF, 0x74, 0x00, 0x00, 0x4C, 0xFF, 0xC8, 0x00, 0x00, 0x00, 0x00, 0x00, 0x00, 0x00,
  0x00, 0x86, 0xFF, 0x9B, 0x00, 0x00, 0x4C, 0xFF, 0xC8, 0x00, 0x00, 0x00, 0x00, 0x00, 0x00, 0x00,
  0x00, 0x74, 0xFF, 0xAF, 0x00, 0x00, 0x4C, 0xFF, 0xC8, 0x00, 0x00, 0x00, 0x00, 0x00, 0x00, 0x00,
  0x00, 0x7B, 0xFF, 0xAE, 0x00, 0x00, 0x4C, 0xFF, 0xC8, 0x00, 0x00, 0x00, 0x00, 0x00, 0x00, 0x00,
  0x00, 0x8F, 0xFF, 0x9C, 0x00, 0x00, 0x4C, 0xFF, 0xC8, 0x00, 0x00, 0x00, 0x00, 0x00, 0x00, 0x00,
  0x00, 0xC4, 0xFF, 0x6E, 0x00, 0x00, 0x4C, 0xFF, 0xC8, 0x00, 0x00, 0x00, 0x00, 0x00, 0x00, 0x00,
  0x21, 0xFD, 0xFF, 0x29, 0x00, 0x00, 0x4C, 0xFF, 0xC8, 0x00, 0x00, 0x00, 0x00, 0x00, 0x00, 0x01,
  0xB3, 0xFF, 0xC1, 0x00, 0x00, 0x00, 0x4C, 0xFF, 0xC8, 0x00, 0x00, 0x00, 0x04, 0x15, 0x49, 0xBE,
  0xFF, 0xF8, 0x31, 0x00, 0x00, 0x00, 0x4C, 0xFF, 0xFF, 0xFF, 0xFF, 0xFF, 0xFF, 0xFF, 0xFF, 0xFF,
  0xF6, 0x51, 0x00, 0x00, 0x00, 0x00, 0x4C, 0xFF, 0xFF, 0xFF, 0xFF, 0xFF, 0xFD, 0xF1, 0xCD, 0x89,
  0x1D, 0x00, 0x00, 0x00, 0x00, 0x00, 0x44, 0xFF, 0xFF, 0xFF, 0xFF, 0xFF, 0xFF, 0xFF, 0xFF, 0xFF,
  0xFF, 0xFF, 0x20, 0x00, 0x00, 0x44, 0xFF, 0xFF, 0xFF, 0xFF, 0xFF, 0xFF, 0xFF, 0xFF, 0xFF, 0xFF,
  0xFF, 0x20, 0x00, 0x00, 0x44, 0xFF, 0xD4, 0x00, 0x00, 0x00, 0x00, 0x00, 0x00, 0x00, 0x00, 0x00,
  0x00, 0x00, 0x00, 0x44, 0xFF, 0xD4, 0x00, 0x00, 0x00, 0x00, 0x00, 0x00, 0x00, 0x00, 0x00, 0x00,
  0x00, 0x00, 0x44, 0xFF, 0xD4, 0x00, 0x00, 0x00, 0x00, 0x00, 0x00, 0x00, 0x00, 0x00, 0x00, 0x00,
  0x00, 0x44, 0xFF, 0xD4, 0x00, 0x00, 0x00, 0x00, 0x00, 0x00, 0x00, 0x00, 0x00, 0x00, 0x00, 0x00,
  0x44, 0xFF, 0xD4, 0x00, 0x00, 0x00, 0x00, 0x00, 0x00, 0x00, 0x00, 0x00, 0x00, 0x00, 0x00, 0x44,
  0xFF, 0xFF, 0xFF, 0xFF, 0xFF, 0xFF, 0xFF, 0xFF, 0xFF, 0xFF, 0x88, 0x00, 0x00, 0x00, 0x44, 0xFF,
  0xFF, 0xFF, 0xFF, 0xFF, 0xFF, 0xFF, 0xFF, 0xFF, 0xFF, 0x88, 0x00, 0x00, 0x00, 0x44, 0xFF, 0xD4,
  0x00, 0x00, 0x00, 0x00, 0x00, 0x00, 0x00, 0x00, 0x00, 0x00, 0x00, 0x00, 0x44, 0xFF, 0xD4, 0x00,
  0x00, 0x00, 0x00, 0x00, 0x00, 0x00, 0x00, 0x00, 0x00, 0x00, 0x00, 0x44, 0xFF, 0xD4, 0x00, 0x00,
  0x00, 0x00, 0x00, 0x00, 0x00, 0x00, 0x00, 0x00, 0x00, 0x00, 0x44, 0xFF, 0xD4, 0x00, 0x00, 0x00,
  0x00, 0x00, 0x00, 0x00, 0x00, 0x00, 0x00, 0x00, 0x00, 0x44, 0xFF, 0xD4, 0x00, 0x00, 0x00, 0x00,
  0x00, 0x00, 0x00, 0x00, 0x00, 0x00, 0x00, 0x00, 0x44, 0xFF, 0xFF, 0xFF, 0xFF, 0xFF, 0xFF, 0xFF,
  0xFF, 0xFF, 0xFF, 0xFF, 0x80, 0x00, 0x00, 0x44, 0xFF, 0xFF, 0xFF, 0xFF, 0xFF, 0xFF, 0xFF, 0xFF,
  0xFF, 0xFF, 0xFF, 0x80, 0x00, 0x00, 0x30, 0xFF, 0xFF, 0xFF, 0xFF, 0xFF, 0xFF, 0xFF, 0xFF, 0xFF,
  0xFF, 0x6C, 0x00, 0x30, 0xFF, 0xFF, 0xFF, 0xFF, 0xFF, 0xFF, 0xFF, 0xFF, 0xFF, 0xFF, 0x6C, 0x00,
  0x30, 0xFF, 0xE4, 0x00, 0x00, 0x00, 0x00, 0x00, 0x00, 0x00, 0x00, 0x00, 0x00, 0x30, 0xFF, 0xE4,
  0x00, 0x00, 0x00, 0x00, 0x00, 0x00, 0x00, 0x00, 0x00, 0x00, 0x30, 0xFF, 0xE4, 0x00, 0x00, 0x00,
  0x00, 0x00, 0x00, 0x00, 0x00, 0x00, 0x00, 0x30, 0xFF, 0xE4, 0x00, 0x00, 0x00, 0x00, 0x00, 0x00,
  0x00, 0x00, 0x00, 0x00, 0x30, 0xFF, 0xE4, 0x00, 0x00, 0x00, 0x00, 0x00, 0x00, 0x00, 0x00, 0x00,
  0x00, 0x30, 0xFF, 0xFF, 0xFF, 0xFF, 0xFF, 0xFF, 0xFF, 0xFF, 0xFF, 0x48, 0x00, 0x00, 0x30, 0xFF,
  0xFF, 0xFF, 0xFF, 0xFF, 0xFF, 0xFF, 0xFF, 0xFF, 0x48, 0x00, 0x00, 0x30, 0xFF, 0xE4, 0x00, 0x00,
  0x00, 0x00, 0x00, 0x00, 0x00, 0x00, 0x00, 0x00, 0x30, 0xFF, 0xE4, 0x00, 0x00, 0x00, 0x00, 0x00,
  0x00, 0x00, 0x00, 0x00, 0x00, 0x30, 0xFF, 0xE4, 0x00, 0x00, 0x00, 0x00, 0x00, 0x00, 0x00, 0x00,
  0x00, 0x00, 0x30, 0xFF, 0xE4, 0x00, 0x00, 0x00, 0x00, 0x00, 0x00, 0x00, 0x00, 0x00, 0x00, 0x30,
  0xFF, 0xE4, 0x00, 0x00, 0x00, 0x00, 0x00, 0x00, 0x00, 0x00, 0x00, 0x00, 0x30, 0xFF, 0xE4, 0x00,
  0x00, 0x00, 0x00, 0x00, 0x00, 0x00, 0x00, 0x00, 0x00, 0x30, 0xFF, 0xE4, 0x00, 0x00, 0x00, 0x00,
  0x00, 0x00, 0x00, 0x00, 0x00, 0x00, 0x00, 0x00, 0x00, 0x02, 0x45, 0xA2, 0xD4, 0xF0, 0xF5, 0xDC,
  0x9C, 0x39, 0x00, 0x00, 0x00, 0x00, 0x00, 0x00, 0x00, 0x17, 0xBD, 0xFF, 0xFF, 0xFF, 0xFF, 0xFF,
  0xFF, 0xFF, 0xFF, 0x99, 0x02, 0x00, 0x00, 0x00, 0x00, 0x0E, 0xDF, 0xFF, 0xEC, 0x7D, 0x2D, 0x0C,
  0x0A, 0x31, 0x8E, 0xF9, 0xFF, 0x82, 0x00, 0x00, 0x00, 0x00, 0xA0, 0xFF, 0xD9, 0x1C, 0x00, 0x00,
  0x00, 0x00, 0x00, 0x00, 0x4C, 0xFF, 0xF7, 0x13, 0x00, 0x00, 0x1B, 0xFD, 0xFE, 0x31, 0x00, 0x00,
  0x00, 0x00, 0x00, 0x00, 0x00, 0x00, 0xB1, 0xFE, 0x53, 0x00, 0x00, 0x73, 0xFF, 0xC2, 0x00, 0x00,
  0x00, 0x00, 0x00, 0x00, 0x00, 0x00, 0x00, 0x1D, 0x14, 0x00, 0x00, 0x00, 0xA8, 0xFF, 0x7A, 0x00,
  0x00, 0x00, 0x00, 0x00, 0x00, 0x00, 0x00, 0x00, 0x00, 0x00, 0x00, 0x00, 0x00, 0xC4, 0xFF, 0x5C,
  0x00, 0x00, 0x00, 0x00, 0x00, 0x00, 0x00, 0x00, 0x00, 0x00, 0x00, 0x00, 0x00, 0x00, 0xC7, 0xFF,
  0x5C, 0x00, 0x00, 0x00, 0x00, 0x00, 0xF0, 0xFF, 0xFF, 0xFF, 0xFF, 0xFF, 0xBC, 0x00, 0x00, 0xAC,
  0xFF, 0x76, 0x00, 0x00, 0x00, 0x00, 0x00, 0xF0, 0xFF, 0xFF, 0xFF, 0xFF, 0xFF, 0xBC, 0x00, 0x00,
  0x7C, 0xFF, 0xBA, 0x00, 0x00, 0x00, 0x00, 0x00, 0x00, 0x00, 0x00, 0x00, 0x4C, 0xFF, 0xBC, 0x00,
  0x00, 0x20, 0xFE, 0xFC, 0x2F, 0x00, 0x00, 0x00, 0x00, 0x00, 0x00, 0x00, 0x00, 0x4C, 0xFF, 0xBC,
  0x00, 0x00, 0x00, 0xA2, 0xFF, 0xDB, 0x23, 0x00, 0x00, 0x00, 0x00, 0x00, 0x00, 0x00, 0x74, 0xFF,
  0xBC, 0x00, 0x00, 0x00, 0x0C, 0xD8, 0xFF, 0xF5, 0x8A, 0x36, 0x10, 0x08, 0x25, 0x65, 0xC6, 0xFF,
  0xFF, 0xA0, 0x00, 0x00, 0x00, 0x00, 0x11, 0xAC, 0xFF, 0xFF, 0xFF, 0xFF, 0xFF, 0xFF, 0xFF, 0xFF,
  0xED, 0x72, 0x02, 0x00, 0x00, 0x00, 0x00, 0x00, 0x00, 0x37, 0x94, 0xD0, 0xEC, 0xF8, 0xE3, 0xB2,
  0x67, 0x0B, 0x00, 0x00, 0x00, 0x00, 0x3C, 0xFF, 0xD8, 0x00, 0x00, 0x00, 0x00, 0x00, 0x00, 0x00,
  0x00, 0xF8, 0xFF, 0x1C, 0x00, 0x00, 0x3C, 0xFF, 0xD8, 0x00, 0x00, 0x00, 0x00, 0x00, 0x00, 0x00,
  0x00, 0xF8, 0xFF, 0x1C, 0x00, 0x00, 0x3C, 0xFF, 0xD8, 0x00, 0x00, 0x00, 0x00, 0x00, 0x00, 0x00,
  0x00, 0xF8, 0xFF, 0x1C, 0x00, 0x00, 0x3C, 0xFF, 0xD8, 0x00, 0x00, 0x00, 0x00, 0x00, 0x00, 0x00,
  0x00, 0xF8, 0xFF, 0x1C, 0x00, 0x00, 0x3C, 0xFF, 0xD8, 0x00, 0x00, 0x00, 0x00, 0x00, 0x00, 0x00,
  0x00, 0xF8, 0xFF, 0x1C, 0x00, 0x00, 0x3C, 0xFF, 0xD8, 0x00, 0x00, 0x00, 0x00, 0x00, 0x00, 0x00,
  0x00, 0xF8, 0xFF, 0x1C, 0x00, 0x00, 0x3C, 0xFF, 0xD8, 0x00, 0x00, 0x00, 0x00, 0x00, 0x00, 0x00,
  0x00, 0xF8, 0xFF, 0x1C, 0x00, 0x00, 0x3C, 0xFF, 0xFF, 0xFF, 0xFF, 0xFF, 0xFF, 0xFF, 0xFF, 0xFF,
  0xFF, 0xFF, 0xFF, 0x1C, 0x00, 0x00, 0x3C, 0xFF, 0xFF, 0xFF, 0xFF, 0xFF, 0xFF, 0xFF, 0xFF, 0xFF,
  0xFF, 0xFF, 0xFF, 0x1C, 0x00, 0x00, 0x3C, 0xFF, 0xD8, 0x00, 0x00, 0x00, 0x00, 0x00, 0x00, 0x00,
  0x00, 0xF8, 0xFF, 0x1C, 0x00, 0x00, 0x3C, 0xFF, 0xD8, 0x00, 0x00, 0x00, 0x00, 0x00, 0x00, 0x00,
  0x00, 0xF8, 0xFF, 0x1C, 0x00, 0x00, 0x3C, 0xFF, 0xD8, 0x00, 0x00, 0x00, 0x00, 0x00, 0x00, 0x00,
  0x00, 0xF8, 0xFF, 0x1C, 0x00, 0x00, 0x3C, 0xFF, 0xD8, 0x00, 0x00, 0x00, 0x00, 0x00, 0x00, 0x00,
  0x00, 0xF8, 0xFF, 0x1C, 0x00, 0x00, 0x3C, 0xFF, 0xD8, 0x00, 0x00, 0x00, 0x00, 0x00, 0x00, 0x00,
  0x00, 0xF8, 0xFF, 0x1C, 0x00, 0x00, 0x3C, 0xFF, 0xD8, 0x00, 0x00, 0x00, 0x00, 0x00, 0x00, 0x00,
  0x00, 0xF8, 0xFF, 0x1C, 0x00, 0x00, 0x3C, 0xFF, 0xD8, 0x00, 0x00, 0x00, 0x00, 0x00, 0x00, 0x00,
  0x00, 0xF8, 0xFF, 0x1C, 0x00, 0x00, 0x00, 0xF4, 0xFF, 0x24, 0x00, 0x00, 0x00, 0xF4, 0xFF, 0x24,
  0x00, 0x00, 0x00, 0xF4, 0xFF, 0x24, 0x00, 0x00, 0x00, 0xF4, 0xFF, 0x24, 0x00, 0x00, 0x00, 0xF4,
  0xFF, 0x24, 0x00, 0x00, 0x00, 0xF4, 0xFF, 0x24, 0x00, 0x00, 0x00, 0xF4, 0xFF, 0x24, 0x00, 0x00,
  0x00, 0xF4, 0xFF, 0x24, 0x00, 0x00, 0x00, 0xF4, 0xFF, 0x24, 0x00, 0x00, 0x00, 0xF4, 0xFF, 0x24,
  0x00, 0x00, 0x00, 0xF4, 0xFF, 0x24, 0x00, 0x00, 0x00, 0xF4, 0xFF, 0x24, 0x00, 0x00, 0x00, 0xF4,
  0xFF, 0x24, 0x00, 0x00, 0x00, 0xF4, 0xFF, 0x24, 0x00, 0x00, 0x00, 0xF4, 0xFF, 0x24, 0x00, 0x00,
  0x00, 0xF4, 0xFF, 0x24, 0x00, 0x00, 0x00, 0x00, 0x00, 0x00, 0x00, 0x00, 0xCC, 0xFF, 0x4C, 0x00,
  0x00, 0x00, 0x00, 0x00, 0x00, 0x00, 0x00, 0xCC, 0xFF, 0x4C, 0x00, 0x00, 0x00, 0x00, 0x00, 0x00,
  0x00, 0x00, 0xCC, 0xFF, 0x4C, 0x00, 0x00, 0x00, 0x00, 0x00, 0x00, 0x00, 0x00, 0xCC, 0xFF, 0x4C,
  0x00, 0x00, 0x00, 0x00, 0x00, 0x00, 0x00, 0x00, 0xCC, 0xFF, 0x4C, 0x00, 0x00, 0x00, 0x00, 0x00,
  0x00, 0x00, 0x00, 0xCC, 0xFF, 0x4C, 0x00, 0x00, 0x00, 0x00, 0x00, 0x00, 0x00, 0x00, 0xCC, 0xFF,
  0x4C, 0x00, 0x00, 0x00, 0x00, 0x00, 0x00, 0x00, 0x00, 0xCC, 0xFF, 0x4C, 0x00, 0x00, 0x00, 0x00,
  0x00, 0x00, 0x00, 0x00, 0xCC, 0xFF, 0x4C, 0x00, 0x00, 0x00, 0x00, 0x00, 0x00, 0x00, 0x00, 0xCC,
  0xFF, 0x4C, 0x00, 0x00, 0x00, 0x00, 0x00, 0x00, 0x00, 0x00, 0xCC, 0xFF, 0x4B, 0x00, 0x43, 0xDB,
  0x8A, 0x00, 0x00, 0x00, 0x00, 0xD5, 0xFF, 0x3E, 0x00, 0x46, 0xFF, 0xC2, 0x00, 0x00, 0x00, 0x09,
  0xF6, 0xFF, 0x24, 0x00, 0x11, 0xF8, 0xFF, 0x72, 0x10, 0x1A, 0xA3, 0xFF, 0xE1, 0x00, 0x00, 0x00,
  0x85, 0xFF, 0xFF, 0xFF, 0xFF, 0xFF, 0xFD, 0x55, 0x00, 0x00, 0x00, 0x00, 0x6A, 0xD2, 0xF8, 0xEF,
  0xBB, 0x44, 0x00, 0x00, 0x00, 0x00, 0x64, 0xFF, 0xB4, 0x00, 0x00, 0x00, 0x00, 0x00, 0x00, 0x24,
  0xE0, 0xFF, 0xC5, 0x0E, 0x00, 0x64, 0xFF, 0xB4, 0x00, 0x00, 0x00, 0x00, 0x00, 0x2D, 0xE7, 0xFF,
  0xBE, 0x0B, 0x00, 0x00, 0x64, 0xFF, 0xB4, 0x00, 0x00, 0x00, 0x00, 0x37, 0xEE, 0xFF, 0xB8, 0x09,
  0x00, 0x00, 0x00, 0x64, 0xFF, 0xB4, 0x00, 0x00, 0x00, 0x43, 0xF3, 0xFF, 0xB1, 0x07, 0x00, 0x00,
  0x00, 0x00, 0x64, 0xFF, 0xB4, 0x00, 0x00, 0x4F, 0xF8, 0xFF, 0xAB, 0x05, 0x00, 0x00, 0x00, 0x00,
  0x00, 0x64, 0xFF, 0xB4, 0x00, 0x5D, 0xFB, 0xFF, 0xA4, 0x03, 0x00, 0x00, 0x00, 0x00, 0x00, 0x00,
  0x64, 0xFF, 0xB4, 0x6B, 0xFE, 0xFF, 0xEA, 0x07, 0x00, 0x00, 0x00, 0x00, 0x00, 0x00, 0x00, 0x64,
  0xFF, 0xF1, 0xFF, 0xFF, 0xF7, 0xFF, 0x87, 0x00, 0x00, 0x00, 0x00, 0x00, 0x00, 0x00, 0x64, 0xFF,
  0xFF, 0xFE, 0x7A, 0x42, 0xFE, 0xFD, 0x41, 0x00, 0x00, 0x00, 0x00, 0x00, 0x00, 0x64, 0xFF, 0xF6,
  0x54, 0x00, 0x00, 0x91, 0xFF, 0xE4, 0x12, 0x00, 0x00, 0x00, 0x00, 0x00, 0x64, 0xFF, 0xB4, 0x00,
  0x00, 0x00, 0x09, 0xD8, 0xFF, 0xAD, 0x00, 0x00, 0x00, 0x00, 0x00, 0x64, 0xFF, 0xB4, 0x00, 0x00,
  0x00, 0x00, 0x37, 0xFC, 0xFF, 0x65, 0x00, 0x00, 0x00, 0x00, 0x64, 0xFF, 0xB4, 0x00, 0x00, 0x00,
  0x00, 0x00, 0x84, 0xFF, 0xF5, 0x27, 0x00, 0x00, 0x00, 0x64, 0xFF, 0xB4, 0x00, 0x00, 0x00, 0x00,
  0x00, 0x05, 0xCF, 0xFF, 0xCE, 0x06, 0x00, 0x00, 0x64, 0xFF, 0xB4, 0x00, 0x00, 0x00, 0x00, 0x00,
  0x00, 0x2D, 0xF9, 0xFF, 0x8C, 0x00, 0x00, 0x64, 0xFF, 0xB4, 0x00, 0x00, 0x00, 0x00, 0x00, 0x00,
  0x00, 0x77, 0xFF, 0xFE, 0x45, 0x00, 0x64, 0xFF, 0xB4, 0x00, 0x00, 0x00, 0x00, 0x00, 0x00, 0x00,
  0x00, 0x00, 0x64, 0xFF, 0xB4, 0x00, 0x00, 0x00, 0x00, 0x00, 0x00, 0x00, 0x00, 0x00, 0x64, 0xFF,
  0xB4, 0x00, 0x00, 0x00, 0x00, 0x00, 0x00, 0x00, 0x00, 0x00, 0x64, 0xFF, 0xB4, 0x00, 0x00, 0x00,
  0x00, 0x00, 0x00, 0x00, 0x00, 0x00, 0x64, 0xFF, 0xB4, 0x00, 0x00, 0x00, 0x00, 0x00, 0x00, 0x00,
  0x00, 0x00, 0x64, 0xFF, 0xB4, 0x00, 0x00, 0x00, 0x00, 0x00, 0x00, 0x00, 0x00, 0x00, 0x64, 0xFF,
  0xB4, 0x00, 0x00, 0x00, 0x00, 0x00, 0x00, 0x00, 0x00, 0x00, 0x64, 0xFF, 0xB4, 0x00, 0x00, 0x00,
  0x00, 0x00, 0x00, 0x00, 0x00, 0x00, 0x64, 0xFF, 0xB4, 0x00, 0x00, 0x00, 0x00, 0x00, 0x00, 0x00,
  0x00, 0x00, 0x64, 0xFF, 0xB4, 0x00, 0x00, 0x00, 0x00, 0x00, 0x00, 0x00, 0x00, 0x00, 0x64, 0xFF,
  0xB4, 0x00, 0x00, 0x00, 0x00, 0x00, 0x00, 0x00, 0x00, 0x00, 0x64, 0xFF, 0xB4, 0x00, 0x00, 0x00,
  0x00, 0x00, 0x00, 0x00, 0x00, 0x00, 0x64, 0xFF, 0xB4, 0x00, 0x00, 0x00, 0x00, 0x00, 0x00, 0x00,
  0x00, 0x00, 0x64, 0xFF, 0xB4, 0x00, 0x00, 0x00, 0x00, 0x00, 0x00, 0x00, 0x00, 0x00, 0x64, 0xFF,
  0xFF, 0xFF, 0xFF, 0xFF, 0xFF, 0xFF, 0xFF, 0xFF, 0x74, 0x00, 0x64, 0xFF, 0xFF, 0xFF, 0xFF, 0xFF,
  0xFF, 0xFF, 0xFF, 0xFF, 0x74, 0x00, 0x5C, 0xFF, 0xFF, 0xEA, 0x03, 0x00, 0x00, 0x00, 0x00, 0x00,
  0x00, 0x00, 0x51, 0xFF, 0xFF, 0xA8, 0x00, 0x00, 0x5C, 0xFF, 0xFF, 0xFF, 0x44, 0x00, 0x00, 0x00,
  0x00, 0x00, 0x00, 0x00, 0xA9, 0xFF, 0xFF, 0xA8, 0x00, 0x00, 0x5C, 0xFF, 0xD7, 0xFF, 0x9A, 0x00,
  0x00, 0x00, 0x00, 0x00, 0x00, 0x0B, 0xF5, 0xD5, 0xFF, 0xA8, 0x00, 0x00, 0x5C, 0xFF, 0xA4, 0xDE,
  0xEB, 0x04, 0x00, 0x00, 0x00, 0x00, 0x00, 0x59, 0xFF, 0x82, 0xFF, 0xA8, 0x00, 0x00, 0x5C, 0xFF,
  0xA4, 0x8C, 0xFF, 0x45, 0x00, 0x00, 0x00, 0x00, 0x00, 0xB1, 0xD6, 0x58, 0xFF, 0xA8, 0x00, 0x00,
  0x5C, 0xFF, 0xA4, 0x38, 0xFF, 0x9B, 0x00, 0x00, 0x00, 0x00, 0x0F, 0xF8, 0x82, 0x58, 0xFF, 0xA8,
  0x00, 0x00, 0x5C, 0xFF, 0xA4, 0x01, 0xE3, 0xEC, 0x04, 0x00, 0x00, 0x00, 0x61, 0xFF, 0x2F, 0x58,
  0xFF, 0xA8, 0x00, 0x00, 0x5C, 0xFF, 0xA4, 0x00, 0x91, 0xFF, 0x46, 0x00, 0x00, 0x00, 0xB9, 0xDB,
  0x00, 0x58, 0xFF, 0xA8, 0x00, 0x00, 0x5C, 0xFF, 0xA4, 0x00, 0x3E, 0xFF, 0x9C, 0x00, 0x00, 0x14,
  0xFB, 0x87, 0x00, 0x58, 0xFF, 0xA8, 0x00, 0x00, 0x5C, 0xFF, 0xA4, 0x00, 0x02, 0xE8, 0xED, 0x04,
  0x00, 0x69, 0xFF, 0x33, 0x00, 0x58, 0xFF, 0xA8, 0x00, 0x00, 0x5C, 0xFF, 0xA4, 0x00, 0x00, 0x97,
  0xFF, 0x47, 0x00, 0xC0, 0xDF, 0x00, 0x00, 0x58, 0xFF, 0xA8, 0x00, 0x00, 0x5C, 0xFF, 0xA4, 0x00,
  0x00, 0x44, 0xFF, 0x9C, 0x1A, 0xFD, 0x8C, 0x00, 0x00, 0x58, 0xFF, 0xA8, 0x00, 0x00, 0x5C, 0xFF,
  0xA4, 0x00, 0x00, 0x04, 0xEC, 0xEC, 0x72, 0xFF, 0x38, 0x00, 0x00, 0x58, 0xFF, 0xA8, 0x00, 0x00,
  0x5C, 0xFF, 0xA4, 0x00, 0x00, 0x00, 0x9D, 0xFF, 0xEC, 0xE3, 0x01, 0x00, 0x00, 0x58, 0xFF, 0xA8,
  0x00, 0x00, 0x5C, 0xFF, 0xA4, 0x00, 0x00, 0x00, 0x49, 0xFF, 0xFF, 0x91, 0x00, 0x00, 0x00, 0x58,
  0xFF, 0xA8, 0x00, 0x00, 0x5C, 0xFF, 0xA4, 0x00, 0x00, 0x00, 0x06, 0xEF, 0xFF, 0x3D, 0x00, 0x00,
  0x00, 0x58, 0xFF, 0xA8, 0x00, 0x00, 0x54, 0xFF, 0xF8, 0x27, 0x00, 0x00, 0x00, 0x00, 0x00, 0x00,
  0x00, 0xEC, 0xFF, 0x14, 0x00, 0x00, 0x54, 0xFF, 0xFF, 0xC0, 0x01, 0x00, 0x00, 0x00, 0x00, 0x00,
  0x00, 0xEC, 0xFF, 0x14, 0x00, 0x00, 0x54, 0xFF, 0xFD, 0xFF, 0x62, 0x00, 0x00, 0x00, 0x00, 0x00,
  0x00, 0xEC, 0xFF, 0x14, 0x00, 0x00, 0x54, 0xFF, 0xB6, 0xDE, 0xED, 0x15, 0x00, 0x00, 0x00, 0x00,
  0x00, 0xEC, 0xFF, 0x14, 0x00, 0x00, 0x54, 0xFF, 0xAC, 0x47, 0xFF, 0xA5, 0x00, 0x00, 0x00, 0x00,
  0x00, 0xEC, 0xFF, 0x14, 0x00, 0x00, 0x54, 0xFF, 0xAC, 0x00, 0xA6, 0xFF, 0x46, 0x00, 0x00, 0x00,
  0x00, 0xEC, 0xFF, 0x14, 0x00, 0x00, 0x54, 0xFF, 0xAC, 0x00, 0x16, 0xEE, 0xDD, 0x09, 0x00, 0x00,
  0x00, 0xEC, 0xFF, 0x14, 0x00, 0x00, 0x54, 0xFF, 0xAC, 0x00, 0x00, 0x64, 0xFF, 0x88, 0x00, 0x00,
  0x00, 0xEC, 0xFF, 0x14, 0x00, 0x00, 0x54, 0xFF, 0xAC, 0x00, 0x00, 0x01, 0xC2, 0xFB, 0x2E, 0x00,
  0x00, 0xEC, 0xFF, 0x14, 0x00, 0x00, 0x54, 0xFF, 0xAC, 0x00, 0x00, 0x00, 0x29, 0xF9, 0xC8, 0x02,
  0x00, 0xEC, 0xFF, 0x14, 0x00, 0x00, 0x54, 0xFF, 0xAC, 0x00, 0x00, 0x00, 0x00, 0x81, 0xFF, 0x6C,
  0x00, 0xEC, 0xFF, 0x14, 0x00, 0x00, 0x54, 0xFF, 0xAC, 0x00, 0x00, 0x00, 0x00, 0x07, 0xD9, 0xF2,
  0x1B, 0xEC, 0xFF, 0x14, 0x00, 0x00, 0x54, 0xFF, 0xAC, 0x00, 0x00, 0x00, 0x00, 0x00, 0x40, 0xFF,
  0xAE, 0xEC, 0xFF, 0x14, 0x00, 0x00, 0x54, 0xFF, 0xAC, 0x00, 0x00, 0x00, 0x00, 0x00, 0x00, 0x9E,
  0xFF, 0xFE, 0xFF, 0x14, 0x00, 0x00, 0x54, 0xFF, 0xAC, 0x00, 0x00, 0x00, 0x00, 0x00, 0x00, 0x12,
  0xEA, 0xFF, 0xFF, 0x14, 0x00, 0x00, 0x54, 0xFF, 0xAC, 0x00, 0x00, 0x00, 0x00, 0x00, 0x00, 0x00,
  0x5C, 0xFF, 0xFF, 0x14, 0x00, 0x00, 0x00, 0x00, 0x00, 0x04, 0x62, 0xB6, 0xE7, 0xFA, 0xEF, 0xC4,
  0x73, 0x0D, 0x00, 0x00, 0x00, 0x00, 0x00, 0x00, 0x00, 0x27, 0xD7, 0xFF, 0xFF, 0xFF, 0xFF, 0xFF,
  0xFF, 0xFF, 0xE5, 0x39, 0x00, 0x00, 0x00, 0x00, 0x00, 0x22, 0xED, 0xFF, 0xE0, 0x69, 0x1F, 0x06,
  0x1D, 0x5C, 0xD1, 0xFF, 0xF9, 0x40, 0x00, 0x00, 0x00, 0x00, 0xC9, 0xFF, 0xBF, 0x0E, 0x00, 0x00,
  0x00, 0x00, 0x00, 0x07, 0xA9, 0xFF, 0xE1, 0x0E, 0x00, 0x00, 0x46, 0xFF, 0xF2, 0x13, 0x00, 0x00,
  0x00, 0x00, 0x00, 0x00, 0x00, 0x0B, 0xDF, 0xFF, 0x6C, 0x00, 0x00, 0x97, 0xFF, 0x98, 0x00, 0x00,
  0x00, 0x00, 0x00, 0x00, 0x00, 0x00, 0x00, 0x78, 0xFF, 0xC5, 0x00, 0x00, 0xCE, 0xFF, 0x5D, 0x00,
  0x00, 0x00, 0x00, 0x00, 0x00, 0x00, 0x00, 0x00, 0x30, 0xFF, 0xF6, 0x00, 0x00, 0xE4, 0xFF, 0x43,
  0x00, 0x00, 0x00, 0x00, 0x00, 0x00, 0x00, 0x00, 0x00, 0x15, 0xFF, 0xFF, 0x11, 0x00, 0xE6, 0xFF,
  0x3D, 0x00, 0x00, 0x00, 0x00, 0x00, 0x00, 0x00, 0x00, 0x00, 0x11, 0xFF, 0xFF, 0x12, 0x00, 0xCA,
  0xFF, 0x55, 0x00, 0x00, 0x00, 0x00, 0x00, 0x00, 0x00, 0x00, 0x00, 0x2C, 0xFF, 0xF6, 0x00, 0x00,
  0x97, 0xFF, 0x95, 0x00, 0x00, 0x00, 0x00, 0x00, 0x00, 0x00, 0x00, 0x00, 0x6C, 0xFF, 0xC8, 0x00,
  0x00, 0x3C, 0xFF, 0xF3, 0x18, 0x00, 0x00, 0x00, 0x00, 0x00, 0x00, 0x00, 0x07, 0xD9, 0xFF, 0x6C,
  0x00, 0x00, 0x00, 0xBA, 0xFF, 0xC7, 0x11, 0x00, 0x00, 0x00, 0x00, 0x00, 0x05, 0xA4, 0xFF, 0xE4,
  0x10, 0x00, 0x00, 0x00, 0x1C, 0xE9, 0xFF, 0xE1, 0x67, 0x1D, 0x05, 0x16, 0x55, 0xCD, 0xFF, 0xFC,
  0x41, 0x00, 0x00, 0x00, 0x00, 0x00, 0x1F, 0xCF, 0xFF, 0xFF, 0xFF, 0xFF, 0xFF, 0xFF, 0xFF, 0xE5,
  0x3E, 0x00, 0x00, 0x00, 0x00, 0x00, 0x00, 0x00, 0x05, 0x61, 0xB9, 0xEB, 0xFB, 0xE4, 0xBF, 0x67,
  0x0D, 0x00, 0x00, 0x00, 0x00, 0x00, 0x4C, 0xFF, 0xFF, 0xFF, 0xFF, 0xFF, 0xFF, 0xF9, 0xE7, 0xB5,
  0x50, 0x00, 0x00, 0x00, 0x00, 0x4C, 0xFF, 0xFF, 0xFF, 0xFF, 0xFF, 0xFF, 0xFF, 0xFF, 0xFF, 0xFF,
  0x82, 0x00, 0x00, 0x00, 0x4C, 0xFF, 0xC8, 0x00, 0x00, 0x00, 0x00, 0x06, 0x20, 0x9A, 0xFF, 0xFD,
  0x2C, 0x00, 0x00, 0x4C, 0xFF, 0xC8, 0x00, 0x00, 0x00, 0x00, 0x00, 0x00, 0x00, 0xC6, 0xFF, 0x86,
  0x00, 0x00, 0x4C, 0xFF, 0xC8, 0x00, 0x00, 0x00, 0x00, 0x00, 0x00, 0x00, 0x7E, 0xFF, 0xAD, 0x00,
  0x00, 0x4C, 0xFF, 0xC8, 0x00, 0x00, 0x00, 0x00, 0x00, 0x00, 0x00, 0x88, 0xFF, 0xAA, 0x00, 0x00,
  0x4C, 0xFF, 0xC8, 0x00, 0x00, 0x00, 0x00, 0x00, 0x00, 0x05, 0xD2, 0xFF, 0x7B, 0x00, 0x00, 0x4C,
  0xFF, 0xC8, 0x00, 0x00, 0x00, 0x00, 0x09, 0x34, 0xAC, 0xFF, 0xF8, 0x1E, 0x00, 0x00, 0x4C, 0xFF,
  0xFF, 0xFF, 0xFF, 0xFF, 0xFF, 0xFF, 0xFF, 0xFF, 0xFE, 0x66, 0x00, 0x00, 0x00, 0x4C, 0xFF, 0xFF,
  0xFF, 0xFF, 0xFF, 0xFF, 0xF6, 0xDE, 0xA5, 0x3A, 0x00, 0x00, 0x00, 0x00, 0x4C, 0xFF, 0xC8, 0x00,
  0x00, 0x00, 0x00, 0x00, 0x00, 0x00, 0x00, 0x00, 0x00, 0x00, 0x00, 0x4C, 0xFF, 0xC8, 0x00, 0x00,
  0x00, 0x00, 0x00, 0x00, 0x00, 0x00, 0x00, 0x00, 0x00, 0x00, 0x4C, 0xFF, 0xC8, 0x00, 0x00, 0x00,
  0x00, 0x00, 0x00, 0x00, 0x00, 0x00, 0x00, 0x00, 0x00, 0x4C, 0xFF, 0xC8, 0x00, 0x00, 0x00, 0x00,
  0x00, 0x00, 0x00, 0x00, 0x00, 0x00, 0x00, 0x00, 0x4C, 0xFF, 0xC8, 0x00, 0x00, 0x00, 0x00, 0x00,
  0x00, 0x00, 0x00, 0x00, 0x00, 0x00, 0x00, 0x4C, 0xFF, 0xC8, 0x00, 0x00, 0x00, 0x00, 0x00, 0x00,
  0x00, 0x00, 0x00, 0x00, 0x00, 0x00, 0x00, 0x00, 0x00, 0x0A, 0x62, 0xBC, 0xE1, 0xF8, 0xE0, 0xBA,
  0x5E, 0x09, 0x00, 0x00, 0x00, 0x00, 0x00, 0x00, 0x00, 0x33, 0xE0, 0xFF, 0xFF, 0xFF, 0xFF, 0xFF,
  0xFF, 0xFF, 0xDE, 0x31, 0x00, 0x00, 0x00, 0x00, 0x00, 0x32, 0xF7, 0xFF, 0xD3, 0x5C, 0x1A, 0x07,
  0x20, 0x68, 0xDD, 0xFF, 0xF7, 0x31, 0x00, 0x00, 0x00, 0x07, 0xD6, 0xFF, 0xAB, 0x07, 0x00, 0x00,
  0x00, 0x00, 0x00, 0x0F, 0xBE, 0xFF, 0xD5, 0x06, 0x00, 0x00, 0x58, 0xFF, 0xDF, 0x09, 0x00, 0x00,
  0x00, 0x00, 0x00, 0x00, 0x00, 0x18, 0xEE, 0xFF, 0x54, 0x00, 0x00, 0xB2, 0xFF, 0x77, 0x00, 0x00,
  0x00, 0x00, 0x00, 0x00, 0x00, 0x00, 0x00, 0x94, 0xFF, 0xAE, 0x00, 0x00, 0xE3, 0xFF, 0x39, 0x00,
  0x00, 0x00, 0x00, 0x00, 0x00, 0x00, 0x00, 0x00, 0x4C, 0xFF, 0xDA, 0x00, 0x02, 0xFB, 0xFF, 0x20,
  0x00, 0x00, 0x00, 0x00, 0x00, 0x00, 0x00, 0x00, 0x00, 0x30, 0xFF, 0xF5, 0x00, 0x02, 0xFB, 0xFF,
  0x20, 0x00, 0x00, 0x00, 0x00, 0x00, 0x00, 0x00, 0x00, 0x00, 0x2F, 0xFF, 0xF1, 0x00, 0x00, 0xE3,
  0xFF, 0x3A, 0x00, 0x00, 0x00, 0x00, 0x00, 0x00, 0x00, 0x00, 0x00, 0x49, 0xFF, 0xD9, 0x00, 0x00,
  0xB1, 0xFF, 0x79, 0x00, 0x00, 0x00, 0x00, 0x00, 0x00, 0x00, 0x00, 0x00, 0x89, 0xFF, 0x9C, 0x00,
  0x00, 0x57, 0xFF, 0xE1, 0x0A, 0x00, 0x00, 0x00, 0x10, 0x95, 0x31, 0x00, 0x10, 0xED, 0xFF, 0x42,
  0x00, 0x00, 0x07, 0xD4, 0xFF, 0xAD, 0x07, 0x00, 0x00, 0x47, 0xFB, 0xFE, 0x97, 0xBB, 0xFF, 0xB6,
  0x00, 0x00, 0x00, 0x00, 0x2F, 0xF5, 0xFF, 0xD3, 0x5B, 0x18, 0x05, 0x31, 0xD9, 0xFF, 0xFF, 0xE0,
  0x12, 0x00, 0x00, 0x00, 0x00, 0x00, 0x2E, 0xDD, 0xFF, 0xFF, 0xFF, 0xFF, 0xFF, 0xFF, 0xFF, 0xFF,
  0xFD, 0x8B, 0x08, 0x00, 0x00, 0x00, 0x00, 0x00, 0x0A, 0x6D, 0xC0, 0xEF, 0xFB, 0xE8, 0xC8, 0x80,
  0x68, 0xE7, 0xFF, 0xE4, 0x20, 0x00, 0x00, 0x00, 0x00, 0x00, 0x00, 0x00, 0x00, 0x00, 0x00, 0x00,
  0x00, 0x00, 0x0E, 0x76, 0xBE, 0x02, 0x00, 0x44, 0xFF, 0xFF, 0xFF, 0xFF, 0xFF, 0xFF, 0xFF, 0xF3,
  0xDE, 0xA5, 0x31, 0x00, 0x00, 0x00, 0x00, 0x44, 0xFF, 0xFF, 0xFF, 0xFF, 0xFF, 0xFF, 0xFF, 0xFF,
  0xFF, 0xFF, 0xFB, 0x41, 0x00, 0x00, 0x00, 0x44, 0xFF, 0xD0, 0x00, 0x00, 0x00, 0x00, 0x00, 0x14,
  0x48, 0xD1, 0xFF, 0xDA, 0x01, 0x00, 0x00, 0x44, 0xFF, 0xD0, 0x00, 0x00, 0x00, 0x00, 0x00, 0x00,
  0x00, 0x1A, 0xFC, 0xFF, 0x2D, 0x00, 0x00, 0x44, 0xFF, 0xD0, 0x00, 0x00, 0x00, 0x00, 0x00, 0x00,
  0x00, 0x00, 0xDF, 0xFF, 0x49, 0x00, 0x00, 0x44, 0xFF, 0xD0, 0x00, 0x00, 0x00, 0x00, 0x00, 0x00,
  0x00, 0x20, 0xFB, 0xFF, 0x31, 0x00, 0x00, 0x44, 0xFF, 0xD0, 0x00, 0x00, 0x00, 0x00, 0x03, 0x14,
  0x4F, 0xD8, 0xFF, 0xD9, 0x02, 0x00, 0x00, 0x44, 0xFF, 0xFF, 0xFF, 0xFF, 0xFF, 0xFF, 0xFF, 0xFF,
  0xFF, 0xFF, 0xF1, 0x37, 0x00, 0x00, 0x00, 0x44, 0xFF, 0xFF, 0xFF, 0xFF, 0xFF, 0xFF, 0xFF, 0xFF,
  0xE0, 0x94, 0x1F, 0x00, 0x00, 0x00, 0x00, 0x44, 0xFF, 0xD0, 0x00, 0x00, 0x02, 0x2E, 0xBC, 0xFE,
  0x9B, 0x07, 0x00, 0x00, 0x00, 0x00, 0x00, 0x44, 0xFF, 0xD0, 0x00, 0x00, 0x00, 0x00, 0x05, 0xBE,
  0xFF, 0xAC, 0x02, 0x00, 0x00, 0x00, 0x00, 0x44, 0xFF, 0xD0, 0x00, 0x00, 0x00, 0x00, 0x00, 0x16,
  0xE8, 0xFF, 0x92, 0x00, 0x00, 0x00, 0x00, 0x44, 0xFF, 0xD0, 0x00, 0x00, 0x00, 0x00, 0x00, 0x00,
  0x4F, 0xFF, 0xFF, 0x4F, 0x00, 0x00, 0x00, 0x44, 0xFF, 0xD0, 0x00, 0x00, 0x00, 0x00, 0x00, 0x00,
  0x00, 0xA7, 0xFF, 0xE6, 0x10, 0x00, 0x00, 0x44, 0xFF, 0xD0, 0x00, 0x00, 0x00, 0x00, 0x00, 0x00,
  0x00, 0x14, 0xEA, 0xFF, 0x9F, 0x00, 0x00, 0x44, 0xFF, 0xD0, 0x00, 0x00, 0x00, 0x00, 0x00, 0x00,
  0x00, 0x00, 0x58, 0xFF, 0xFF, 0x48, 0x00, 0x00, 0x00, 0x17, 0x88, 0xD1, 0xF1, 0xF6, 0xDD, 0x9D,
  0x36, 0x00, 0x00, 0x00, 0x00, 0x00, 0x00, 0x3B, 0xF1, 0xFF, 0xFF, 0xFF, 0xFF, 0xFF, 0xFF, 0xFE,
  0x7F, 0x00, 0x00, 0x00, 0x00, 0x08, 0xE6, 0xFF, 0xAF, 0x35, 0x0A, 0x0A, 0x29, 0x8A, 0xFC, 0xFF,
  0x4F, 0x00, 0x00, 0x00, 0x4A, 0xFF, 0xD1, 0x03, 0x00, 0x00, 0x00, 0x00, 0x00, 0x7C, 0xFF, 0xC2,
  0x00, 0x00, 0x00, 0x5D, 0xFF, 0xA8, 0x00, 0x00, 0x00, 0x00, 0x00, 0x00, 0x18, 0xFE, 0xF6, 0x01,
  0x00, 0x00, 0x2A, 0xFF, 0xF5, 0x40, 0x00, 0x00, 0x00, 0x00, 0x00, 0x00, 0x00, 0x00, 0x00, 0x00,
  0x00, 0x00, 0x96, 0xFF, 0xFF, 0xD2, 0x8A, 0x4E, 0x14, 0x00, 0x00, 0x00, 0x00, 0x00, 0x00, 0x00,
  0x00, 0x01, 0x6C, 0xE8, 0xFF, 0xFF, 0xFF, 0xFE, 0xD1, 0x7F, 0x11, 0x00, 0x00, 0x00, 0x00, 0x00,
  0x00, 0x00, 0x03, 0x3E, 0x81, 0xBF, 0xF6, 0xFF, 0xFF, 0xEB, 0x3D, 0x00, 0x00, 0x00, 0x00, 0x00,
  0x00, 0x00, 0x00, 0x00, 0x00, 0x07, 0x48, 0xBD, 0xFF, 0xF0, 0x11, 0x00, 0x00, 0xF1, 0xFE, 0x0E,
  0x00, 0x00, 0x00, 0x00, 0x00, 0x00, 0x01, 0xBA, 0xFF, 0x65, 0x00, 0x00, 0xCA, 0xFF, 0x52, 0x00,
  0x00, 0x00, 0x00, 0x00, 0x00, 0x00, 0x8B, 0xFF, 0x7D, 0x00, 0x00, 0x71, 0xFF, 0xD8, 0x12, 0x00,
  0x00, 0x00, 0x00, 0x00, 0x11, 0xE3, 0xFF, 0x55, 0x00, 0x00, 0x0D, 0xD9, 0xFF, 0xE4, 0x69, 0x1F,
  0x06, 0x15, 0x57, 0xD7, 0xFF, 0xDE, 0x05, 0x00, 0x00, 0x00, 0x27, 0xD8, 0xFF, 0xFF, 0xFF, 0xFF,
  0xFF, 0xFF, 0xFF, 0xE3, 0x2A, 0x00, 0x00, 0x00, 0x00, 0x00, 0x09, 0x6B, 0xBD, 0xE5, 0xF9, 0xED,
  0xC8, 0x78, 0x0C, 0x00, 0x00, 0x00, 0x7C, 0xFF, 0xFF, 0xFF, 0xFF, 0xFF, 0xFF, 0xFF, 0xFF, 0xFF,
  0xFF, 0xFF, 0xFF, 0x7C, 0xFF, 0xFF, 0xFF, 0xFF, 0xFF, 0xFF, 0xFF, 0xFF, 0xFF, 0xFF, 0xFF, 0xFF,
  0x00, 0x00, 0x00, 0x00, 0x00, 0x4C, 0xFF, 0xC8, 0x00, 0x00, 0x00, 0x00, 0x00, 0x00, 0x00, 0x00,
  0x00, 0x00, 0x4C, 0xFF, 0xC8, 0x00, 0x00, 0x00, 0x00, 0x00, 0x00, 0x00, 0x00, 0x00, 0x00, 0x4C,
  0xFF, 0xC8, 0x00, 0x00, 0x00, 0x00, 0x00, 0x00, 0x00, 0x00, 0x00, 0x00, 0x4C, 0xFF, 0xC8, 0x00,
  0x00, 0x00, 0x00, 0x00, 0x00, 0x00, 0x00, 0x00, 0x00, 0x4C, 0xFF, 0xC8, 0x00, 0x00, 0x00, 0x00,
  0x00, 0x00, 0x00, 0x00, 0x00, 0x00, 0x4C, 0xFF, 0xC8, 0x00, 0x00, 0x00, 0x00, 0x00, 0x00, 0x00,
  0x00, 0x00, 0x00, 0x4C, 0xFF, 0xC8, 0x00, 0x00, 0x00, 0x00, 0x00, 0x00, 0x00, 0x00, 0x00, 0x00,
  0x4C, 0xFF, 0xC8, 0x00, 0x00, 0x00, 0x00, 0x00, 0x00, 0x00, 0x00, 0x00, 0x00, 0x4C, 0xFF, 0xC8,
  0x00, 0x00, 0x00, 0x00, 0x00, 0x00, 0x00, 0x00, 0x00, 0x00, 0x4C, 0xFF, 0xC8, 0x00, 0x00, 0x00,
  0x00, 0x00, 0x00, 0x00, 0x00, 0x00, 0x00, 0x4C, 0xFF, 0xC8, 0x00, 0x00, 0x00, 0x00, 0x00, 0x00,
  0x00, 0x00, 0x00, 0x00, 0x4C, 0xFF, 0xC8, 0x00, 0x00, 0x00, 0x00, 0x00, 0x00, 0x00, 0x00, 0x00,
  0x00, 0x4C, 0xFF, 0xC8, 0x00, 0x00, 0x00, 0x00, 0x00, 0x00, 0x00, 0x00, 0x00, 0x00, 0x4C, 0xFF,
  0xC8, 0x00, 0x00, 0x00, 0x00, 0x00, 0x00, 0x44, 0xFF, 0xD0, 0x00, 0x00, 0x00, 0x00, 0x00, 0x00,
  0x00, 0x00, 0xF8, 0xFF, 0x1C, 0x00, 0x00, 0x44, 0xFF, 0xD0, 0x00, 0x00, 0x00, 0x00, 0x00, 0x00,
  0x00, 0x00, 0xF8, 0xFF, 0x1C, 0x00, 0x00, 0x44, 0xFF, 0xD0, 0x00, 0x00, 0x00, 0x00, 0x00, 0x00,
  0x00, 0x00, 0xF8, 0xFF, 0x1C, 0x00, 0x00, 0x44, 0xFF, 0xD0, 0x00, 0x00, 0x00, 0x00, 0x00, 0x00,
  0x00, 0x00, 0xF8, 0xFF, 0x1C, 0x00, 0x00, 0x44, 0xFF, 0xD0, 0x00, 0x00, 0x00, 0x00, 0x00, 0x00,
  0x00, 0x00, 0xF8, 0xFF, 0x1C, 0x00, 0x00, 0x44, 0xFF, 0xD0, 0x00, 0x00, 0x00, 0x00, 0x00, 0x00,
  0x00, 0x00, 0xF8, 0xFF, 0x1C, 0x00, 0x00, 0x44, 0xFF, 0xD0, 0x00, 0x00, 0x00, 0x00, 0x00, 0x00,
  0x00, 0x00, 0xF8, 0xFF, 0x1C, 0x00, 0x00, 0x44, 0xFF, 0xD0, 0x00, 0x00, 0x00, 0x00, 0x00, 0x00,
  0x00, 0x00, 0xF8, 0xFF, 0x1C, 0x00, 0x00, 0x44, 0xFF, 0xD0, 0x00, 0x00, 0x00, 0x00, 0x00, 0x00,
  0x00, 0x00, 0xF8, 0xFF, 0x1C, 0x00, 0x00, 0x41, 0xFF, 0xD2, 0x00, 0x00, 0x00, 0x00, 0x00, 0x00,
  0x00, 0x00, 0xFD, 0xFF, 0x15, 0x00, 0x00, 0x34, 0xFF, 0xE2, 0x00, 0x00, 0x00, 0x00, 0x00, 0x00,
  0x00, 0x10, 0xFF, 0xFF, 0x05, 0x00, 0x00, 0x14, 0xFF, 0xFD, 0x0F, 0x00, 0x00, 0x00, 0x00, 0x00,
  0x00, 0x3F, 0xFF, 0xE5, 0x00, 0x00, 0x00, 0x00, 0xD8, 0xFF, 0x80, 0x00, 0x00, 0x00, 0x00, 0x00,
  0x00, 0xA7, 0xFF, 0xA5, 0x00, 0x00, 0x00, 0x00, 0x60, 0xFF, 0xFE, 0x91, 0x2B, 0x08, 0x0B, 0x35,
  0xA2, 0xFF, 0xFD, 0x31, 0x00, 0x00, 0x00, 0x00, 0x00, 0x93, 0xFF, 0xFF, 0xFF, 0xFF, 0xFF, 0xFF,
  0xFF, 0xFA, 0x61, 0x00, 0x00, 0x00, 0x00, 0x00, 0x00, 0x00, 0x44, 0xA6, 0xDD, 0xF5, 0xF1, 0xD6,
  0x95, 0x2A, 0x00, 0x00, 0x00, 0x00, 0xB8, 0xFF, 0x87, 0x00, 0x00, 0x00, 0x00, 0x00, 0x00, 0x00,
  0x00, 0x00, 0xCF, 0xFF, 0x4E, 0x56, 0xFF, 0xDF, 0x00, 0x00, 0x00, 0x00, 0x00, 0x00, 0x00, 0x00,
  0x2A, 0xFF, 0xE7, 0x04, 0x06, 0xEC, 0xFF, 0x38, 0x00, 0x00, 0x00, 0x00, 0x00, 0x00, 0x00, 0x87,
  0xFF, 0x89, 0x00, 0x00, 0x92, 0xFF, 0x90, 0x00, 0x00, 0x00, 0x00, 0x00, 0x00, 0x01, 0xE1, 0xFF,
  0x27, 0x00, 0x00, 0x30, 0xFF, 0xE6, 0x02, 0x00, 0x00, 0x00, 0x00, 0x00, 0x40, 0xFF, 0xC4, 0x00,
  0x00, 0x00, 0x00, 0xCF, 0xFF, 0x41, 0x00, 0x00, 0x00, 0x00, 0x00, 0x9C, 0xFF, 0x61, 0x00, 0x00,
  0x00, 0x00, 0x6D, 0xFF, 0x99, 0x00, 0x00, 0x00, 0x00, 0x08, 0xF0, 0xF3, 0x0C, 0x00, 0x00, 0x00,
  0x00, 0x12, 0xF8, 0xEC, 0x05, 0x00, 0x00, 0x00, 0x55, 0xFF, 0x9C, 0x00, 0x00, 0x00, 0x00, 0x00,
  0x00, 0xAA, 0xFF, 0x4A, 0x00, 0x00, 0x00, 0xB1, 0xFF, 0x3A, 0x00, 0x00, 0x00, 0x00, 0x00, 0x00,
  0x48, 0xFF, 0xA2, 0x00, 0x00, 0x13, 0xFA, 0xD7, 0x00, 0x00, 0x00, 0x00, 0x00, 0x00, 0x00, 0x02,
  0xE3, 0xF1, 0x08, 0x00, 0x6A, 0xFF, 0x75, 0x00, 0x00, 0x00, 0x00, 0x00, 0x00, 0x00, 0x00, 0x84,
  0xFF, 0x52, 0x00, 0xC5, 0xFB, 0x17, 0x00, 0x00, 0x00, 0x00, 0x00, 0x00, 0x00, 0x00, 0x23, 0xFE,
  0xA4, 0x1B, 0xFE, 0xB0, 0x00, 0x00, 0x00, 0x00, 0x00, 0x00, 0x00, 0x00, 0x00, 0x00, 0xC1, 0xEF,
  0x70, 0xFF, 0x4D, 0x00, 0x00, 0x00, 0x00, 0x00, 0x00, 0x00, 0x00, 0x00, 0x00, 0x5F, 0xFF, 0xEC,
  0xE7, 0x04, 0x00, 0x00, 0x00, 0x00, 0x00, 0x00, 0x00, 0x00, 0x00, 0x00, 0x0A, 0xF2, 0xFF, 0x89,
  0x00, 0x00, 0x00, 0x00, 0x00, 0x00, 0x9B, 0xFF, 0x84, 0x00, 0x00, 0x00, 0x00, 0x00, 0x05, 0xF2,
  0xFF, 0xD2, 0x00, 0x00, 0x00, 0x00, 0x00, 0x00, 0xB3, 0xFF, 0x60, 0x58, 0xFF, 0xBE, 0x00, 0x00,
  0x00, 0x00, 0x00, 0x3E, 0xFF, 0xFF, 0xFF, 0x19, 0x00, 0x00, 0x00, 0x00, 0x01, 0xED, 0xFF, 0x1C,
  0x16, 0xFE, 0xF4, 0x03, 0x00, 0x00, 0x00, 0x00, 0x84, 0xFF, 0xC3, 0xFF, 0x5E, 0x00, 0x00, 0x00,
  0x00, 0x2C, 0xFF, 0xD6, 0x00, 0x00, 0xD2, 0xFF, 0x32, 0x00, 0x00, 0x00, 0x00, 0xCB, 0xFC, 0x4E,
  0xFF, 0xA3, 0x00, 0x00, 0x00, 0x00, 0x69, 0xFF, 0x91, 0x00, 0x00, 0x8F, 0xFF, 0x6C, 0x00, 0x00,
  0x00, 0x13, 0xFD, 0xC5, 0x06, 0xF5, 0xE8, 0x01, 0x00, 0x00, 0x00, 0xA6, 0xFF, 0x4C, 0x00, 0x00,
  0x4C, 0xFF, 0xA6, 0x00, 0x00, 0x00, 0x58, 0xFF, 0x7E, 0x00, 0xB5, 0xFF, 0x2F, 0x00, 0x00, 0x00,
  0xE3, 0xFA, 0x0D, 0x00, 0x00, 0x0D, 0xFB, 0xDF, 0x00, 0x00, 0x00, 0x9E, 0xFF, 0x37, 0x00, 0x6F,
  0xFF, 0x74, 0x00, 0x00, 0x20, 0xFF, 0xC2, 0x00, 0x00, 0x00, 0x00, 0xC6, 0xFF, 0x19, 0x00, 0x00,
  0xE3, 0xED, 0x02, 0x00, 0x28, 0xFF, 0xBA, 0x00, 0x00, 0x5D, 0xFF, 0x7D, 0x00, 0x00, 0x00, 0x00,
  0x83, 0xFF, 0x53, 0x00, 0x2B, 0xFF, 0xA9, 0x00, 0x00, 0x00, 0xE1, 0xF7, 0x07, 0x00, 0x9A, 0xFF,
  0x38, 0x00, 0x00, 0x00, 0x00, 0x40, 0xFF, 0x8D, 0x00, 0x71, 0xFF, 0x62, 0x00, 0x00, 0x00, 0x9B,
  0xFF, 0x41, 0x00, 0xD7, 0xF0, 0x03, 0x00, 0x00, 0x00, 0x00, 0x06, 0xF6, 0xC6, 0x00, 0xB7, 0xFF,
  0x1B, 0x00, 0x00, 0x00, 0x54, 0xFF, 0x83, 0x14, 0xFF, 0xAE, 0x00, 0x00, 0x00, 0x00, 0x00, 0x00,
  0xBA, 0xF7, 0x0B, 0xF5, 0xD3, 0x00, 0x00, 0x00, 0x00, 0x11, 0xFC, 0xBE, 0x52, 0xFF, 0x69, 0x00,
  0x00, 0x00, 0x00, 0x00, 0x00, 0x77, 0xFF, 0x6D, 0xFF, 0x8C, 0x00, 0x00, 0x00, 0x00, 0x00, 0xC7,
  0xEE, 0x8E, 0xFF, 0x24, 0x00, 0x00, 0x00, 0x00, 0x00, 0x00, 0x34, 0xFF, 0xDE, 0xFF, 0x45, 0x00,
  0x00, 0x00, 0x00, 0x00, 0x81, 0xFF, 0xE1, 0xE0, 0x00, 0x00, 0x00, 0x00, 0x00, 0x00, 0x00, 0x02,
  0xEE, 0xFF, 0xF6, 0x08, 0x00, 0x00, 0x00, 0x00, 0x00, 0x3A, 0xFF, 0xFF, 0x9A, 0x00, 0x00, 0x00,
  0x00, 0x00, 0x00, 0x00, 0x00, 0xAE, 0xFF, 0xB7, 0x00, 0x00, 0x00, 0x00, 0x00, 0x00, 0x03, 0xEF,
  0xFF, 0x56, 0x00, 0x00, 0x00, 0x00, 0x06, 0xD0, 0xFF, 0xA2, 0x00, 0x00, 0x00, 0x00, 0x00, 0x00,
  0x00, 0x85, 0xFF, 0xBD, 0x02, 0x00, 0x2C, 0xF8, 0xFF, 0x50, 0x00, 0x00, 0x00, 0x00, 0x00, 0x3F,
  0xFD, 0xEC, 0x1B, 0x00, 0x00, 0x00, 0x72, 0xFF, 0xE9, 0x14, 0x00, 0x00, 0x00, 0x11, 0xE3, 0xFF,
  0x50, 0x00, 0x00, 0x00, 0x00, 0x01, 0xBD, 0xFF, 0xAB, 0x00, 0x00, 0x00, 0xAC, 0xFF, 0x98, 0x00,
  0x00, 0x00, 0x00, 0x00, 0x00, 0x1D, 0xEF, 0xFF, 0x5A, 0x00, 0x68, 0xFF, 0xD6, 0x09, 0x00, 0x00,
  0x00, 0x00, 0x00, 0x00, 0x00, 0x5A, 0xFF, 0xF0, 0x52, 0xF8, 0xF8, 0x2F, 0x00, 0x00, 0x00, 0x00,
  0x00, 0x00, 0x00, 0x00, 0x00, 0xA7, 0xFF, 0xFF, 0xFF, 0x70, 0x00, 0x00, 0x00, 0x00, 0x00, 0x00,
  0x00, 0x00, 0x00, 0x00, 0x11, 0xF3, 0xFF, 0xD2, 0x01, 0x00, 0x00, 0x00, 0x00, 0x00, 0x00, 0x00,
  0x00, 0x00, 0x00, 0x66, 0xFF, 0xFF, 0xFE, 0x44, 0x00, 0x00, 0x00, 0x00, 0x00, 0x00, 0x00, 0x00,
  0x00, 0x2B, 0xF6, 0xFD, 0xB7, 0xFF, 0xE4, 0x12, 0x00, 0x00, 0x00, 0x00, 0x00, 0x00, 0x00, 0x09,
  0xD4, 0xFF, 0x8C, 0x0B, 0xDB, 0xFF, 0xAA, 0x00, 0x00, 0x00, 0x00, 0x00, 0x00, 0x00, 0x9A, 0xFF,
  0xCF, 0x06, 0x00, 0x38, 0xFB, 0xFF, 0x5F, 0x00, 0x00, 0x00, 0x00, 0x00, 0x55, 0xFF, 0xF5, 0x28,
  0x00, 0x00, 0x00, 0x80, 0xFF, 0xF1, 0x20, 0x00, 0x00, 0x00, 0x21, 0xF0, 0xFF, 0x65, 0x00, 0x00,
  0x00, 0x00, 0x04, 0xC8, 0xFF, 0xC3, 0x02, 0x00, 0x05, 0xC8, 0xFF, 0xAC, 0x00, 0x00, 0x00, 0x00,
  0x00, 0x00, 0x24, 0xF4, 0xFF, 0x7A, 0x00, 0x8A, 0xFF, 0xE2, 0x11, 0x00, 0x00, 0x00, 0x00, 0x00,
  0x00, 0x00, 0x66, 0xFF, 0xFA, 0x33, 0x9C, 0xFF, 0xDE, 0x0A, 0x00, 0x00, 0x00, 0x00, 0x00, 0x00,
  0x00, 0x3F, 0xFE, 0xF9, 0x2E, 0x0F, 0xE4, 0xFF, 0x8B, 0x00, 0x00, 0x00, 0x00, 0x00, 0x00, 0x07,
  0xD9, 0xFF, 0x7A, 0x00, 0x00, 0x4A, 0xFF, 0xFB, 0x30, 0x00, 0x00, 0x00, 0x00, 0x00, 0x84, 0xFF,
  0xC8, 0x03, 0x00, 0x00, 0x00, 0xA1, 0xFF, 0xCC, 0x03, 0x00, 0x00, 0x00, 0x2C, 0xFA, 0xF6, 0x26,
  0x00, 0x00, 0x00, 0x00, 0x11, 0xE7, 0xFF, 0x71, 0x00, 0x00, 0x02, 0xC7, 0xFF, 0x6E, 0x00, 0x00,
  0x00, 0x00, 0x00, 0x00, 0x50, 0xFF, 0xF5, 0x24, 0x00, 0x76, 0xFF, 0xBF, 0x01, 0x00, 0x00, 0x00,
  0x00, 0x00, 0x00, 0x00, 0xA7, 0xFF, 0xCA, 0x3B, 0xF9, 0xF2, 0x1F, 0x00, 0x00, 0x00, 0x00, 0x00,
  0x00, 0x00, 0x00, 0x14, 0xEA, 0xFF, 0xFB, 0xFF, 0x63, 0x00, 0x00, 0x00, 0x00, 0x00, 0x00, 0x00,
  0x00, 0x00, 0x00, 0x55, 0xFF, 0xFF, 0xB5, 0x00, 0x00, 0x00, 0x00, 0x00, 0x00, 0x00, 0x00, 0x00,
  0x00, 0x00, 0x00, 0xE0, 0xFF, 0x3C, 0x00, 0x00, 0x00, 0x00, 0x00, 0x00, 0x00, 0x00, 0x00, 0x00,
  0x00, 0x00, 0xDC, 0xFF, 0x38, 0x00, 0x00, 0x00, 0x00, 0x00, 0x00, 0x00, 0x00, 0x00, 0x00, 0x00,
  0x00, 0xDC, 0xFF, 0x38, 0x00, 0x00, 0x00, 0x00, 0x00, 0x00, 0x00, 0x00, 0x00, 0x00, 0x00, 0x00,
  0xDC, 0xFF, 0x38, 0x00, 0x00, 0x00, 0x00, 0x00, 0x00, 0x00, 0x00, 0x00, 0x00, 0x00, 0x00, 0xDC,
  0xFF, 0x38, 0x00, 0x00, 0x00, 0x00, 0x00, 0x00, 0x00, 0x00, 0x00, 0x00, 0x00, 0x00, 0xDC, 0xFF,
  0x38, 0x00, 0x00, 0x00, 0x00, 0x00, 0x00, 0x00, 0x00, 0x00, 0x00, 0x00, 0x00, 0xDC, 0xFF, 0x38,
  0x00, 0x00, 0x00, 0x00, 0x00, 0x00, 0x00, 0xA4, 0xFF, 0xFF, 0xFF, 0xFF, 0xFF, 0xFF, 0xFF, 0xFF,
  0xFF, 0xFF, 0xA4, 0x00, 0xA4, 0xFF, 0xFF, 0xFF, 0xFF, 0xFF, 0xFF, 0xFF, 0xFF, 0xFF, 0xFF, 0xA4,
  0x00, 0x00, 0x00, 0x00, 0x00, 0x00, 0x00, 0x00, 0x00, 0x48, 0xFC, 0xFB, 0x40, 0x00, 0x00, 0x00,
  0x00, 0x00, 0x00, 0x00, 0x00, 0x26, 0xEF, 0xFF, 0x6D, 0x00, 0x00, 0x00, 0x00, 0x00, 0x00, 0x00,
  0x00, 0x0F, 0xD8, 0xFF, 0x9F, 0x00, 0x00, 0x00, 0x00, 0x00, 0x00, 0x00, 0x00, 0x02, 0xB5, 0xFF,
  0xC9, 0x07, 0x00, 0x00, 0x00, 0x00, 0x00, 0x00, 0x00, 0x00, 0x88, 0xFF, 0xE7, 0x1A, 0x00, 0x00,
  0x00, 0x00, 0x00, 0x00, 0x00, 0x00, 0x58, 0xFF, 0xF9, 0x39, 0x00, 0x00, 0x00, 0x00, 0x00, 0x00,
  0x00, 0x00, 0x31, 0xF6, 0xFF, 0x64, 0x00, 0x00, 0x00, 0x00, 0x00, 0x00, 0x00, 0x00, 0x15, 0xE1,
  0xFF, 0x95, 0x00, 0x00, 0x00, 0x00, 0x00, 0x00, 0x00, 0x00, 0x05, 0xC2, 0xFF, 0xC1, 0x05, 0x00,
  0x00, 0x00, 0x00, 0x00, 0x00, 0x00, 0x00, 0x98, 0xFF, 0xE2, 0x16, 0x00, 0x00, 0x00, 0x00, 0x00,
  0x00, 0x00, 0x00, 0x69, 0xFF, 0xF6, 0x32, 0x00, 0x00, 0x00, 0x00, 0x00, 0x00, 0x00, 0x00, 0x3D,
  0xFA, 0xFC, 0x50, 0x00, 0x00, 0x00, 0x00, 0x00, 0x00, 0x00, 0x00, 0x00, 0x90, 0xFF, 0xFF, 0xFF,
  0xFF, 0xFF, 0xFF, 0xFF, 0xFF, 0xFF, 0xFF, 0xFF, 0xE4, 0x90, 0xFF, 0xFF, 0xFF, 0xFF, 0xFF, 0xFF,
  0xFF, 0xFF, 0xFF, 0xFF, 0xFF, 0xE4, 0x00, 0x80, 0xFF, 0xFF, 0xFF, 0xC4, 0x00, 0x80, 0xFF, 0xFF,
  0xFF, 0xC4, 0x00, 0x80, 0xFF, 0x6C, 0x00, 0x00, 0x00, 0x80, 0xFF, 0x6C, 0x00, 0x00, 0x00, 0x80,
  0xFF, 0x6C, 0x00, 0x00, 0x00, 0x80, 0xFF, 0x6C, 0x00, 0x00, 0x00, 0x80, 0xFF, 0x6C, 0x00, 0x00,
  0x00, 0x80, 0xFF, 0x6C, 0x00, 0x00, 0x00, 0x80, 0xFF, 0x6C, 0x00, 0x00, 0x00, 0x80, 0xFF, 0x6C,
  0x00, 0x00, 0x00, 0x80, 0xFF, 0x6C, 0x00, 0x00, 0x00, 0x80, 0xFF, 0x6C, 0x00, 0x00, 0x00, 0x80,
  0xFF, 0x6C, 0x00, 0x00, 0x00, 0x80, 0xFF, 0x6C, 0x00, 0x00, 0x00, 0x80, 0xFF, 0x6C, 0x00, 0x00,
  0x00, 0x80, 0xFF, 0x6C, 0x00, 0x00, 0x00, 0x80, 0xFF, 0x6C, 0x00, 0x00, 0x00, 0x80, 0xFF, 0x6C,
  0x00, 0x00, 0x00, 0x80, 0xFF, 0xFF, 0xFF, 0xC4, 0x00, 0x80, 0xFF, 0xFF, 0xFF, 0xC4, 0xDC, 0xB3,
  0x00, 0x00, 0x00, 0x00, 0x00, 0x93, 0xF5, 0x07, 0x00, 0x00, 0x00, 0x00, 0x4A, 0xFF, 0x45, 0x00,
  0x00, 0x00, 0x00, 0x09, 0xF7, 0x8E, 0x00, 0x00, 0x00, 0x00, 0x00, 0xB8, 0xD6, 0x00, 0x00, 0x00,
  0x00, 0x00, 0x6F, 0xFF, 0x20, 0x00, 0x00, 0x00, 0x00, 0x26, 0xFF, 0x68, 0x00, 0x00, 0x00, 0x00,
  0x00, 0xDD, 0xB1, 0x00, 0x00, 0x00, 0x00, 0x00, 0x94, 0xF3, 0x06, 0x00, 0x00, 0x00, 0x00, 0x4B,
  0xFF, 0x42, 0x00, 0x00, 0x00, 0x00, 0x0A, 0xF7, 0x8B, 0x00, 0x00, 0x00, 0x00, 0x00, 0xB9, 0xD4,
  0x00, 0x00, 0x00, 0x00, 0x00, 0x70, 0xFF, 0x1D, 0x00, 0x00, 0x00, 0x00, 0x27, 0xFF, 0x65, 0x00,
  0x00, 0x00, 0x00, 0x00, 0xDE, 0xAE, 0x00, 0x00, 0x00, 0x00, 0x00, 0x95, 0xF2, 0x05, 0x94, 0xFF,
  0xFF, 0xFF, 0xB0, 0x00, 0x94, 0xFF, 0xFF, 0xFF, 0xB0, 0x00, 0x00, 0x00, 0x40, 0xFF, 0xB0, 0x00,
  0x00, 0x00, 0x40, 0xFF, 0xB0, 0x00, 0x00, 0x00, 0x40, 0xFF, 0xB0, 0x00, 0x00, 0x00, 0x40, 0xFF,
  0xB0, 0x00, 0x00, 0x00, 0x40, 0xFF, 0xB0, 0x00, 0x00, 0x00, 0x40, 0xFF, 0xB0, 0x00, 0x00, 0x00,
  0x40, 0xFF, 0xB0, 0x00, 0x00, 0x00, 0x40, 0xFF, 0xB0, 0x00, 0x00, 0x00, 0x40, 0xFF, 0xB0, 0x00,
  0x00, 0x00, 0x40, 0xFF, 0xB0, 0x00, 0x00, 0x00, 0x40, 0xFF, 0xB0, 0x00, 0x00, 0x00, 0x40, 0xFF,
  0xB0, 0x00, 0x00, 0x00, 0x40, 0xFF, 0xB0, 0x00, 0x00, 0x00, 0x40, 0xFF, 0xB0, 0x00, 0x00, 0x00,
  0x40, 0xFF, 0xB0, 0x00, 0x00, 0x00, 0x40, 0xFF, 0xB0, 0x00, 0x94, 0xFF, 0xFF, 0xFF, 0xB0, 0x00,
  0x94, 0xFF, 0xFF, 0xFF, 0xB0, 0x00, 0x00, 0x00, 0x00, 0x00, 0xD5, 0xFE, 0x27, 0x00, 0x00, 0x00,
  0x00, 0x00, 0x00, 0x43, 0xFF, 0xFF, 0x92, 0x00, 0x00, 0x00, 0x00, 0x00, 0x00, 0xAF, 0xED, 0xB2,
  0xF1, 0x0C, 0x00, 0x00, 0x00, 0x00, 0x1D, 0xFC, 0x96, 0x4A, 0xFF, 0x6B, 0x00, 0x00, 0x00, 0x00,
  0x87, 0xFF, 0x38, 0x03, 0xE5, 0xD6, 0x00, 0x00, 0x00, 0x07, 0xEA, 0xD9, 0x00, 0x00, 0x88, 0xFF,
  0x44, 0x00, 0x00, 0x5F, 0xFF, 0x7B, 0x00, 0x00, 0x27, 0xFF, 0xB0, 0x00, 0x00, 0xCA, 0xFE, 0x1E,
  0x00, 0x00, 0x00, 0xC6, 0xFD, 0x1F, 0x35, 0xFF, 0xBF, 0x00, 0x00, 0x00, 0x00, 0x65, 0xFF, 0x89,
  0x00, 0x00, 0x00, 0x00, 0x00, 0x00, 0x00, 0x00, 0x00, 0x00, 0x00, 0x00, 0x00, 0x00, 0x00, 0x00,
  0x00, 0x00, 0x00, 0x00, 0x00, 0x00, 0x00, 0x00, 0x00, 0x00, 0x00, 0x00, 0x00, 0x00, 0x00, 0x00,
  0x00, 0x00, 0x00, 0x00, 0x00, 0x00, 0x00, 0x00, 0x00, 0x00, 0x00, 0x00, 0x00, 0x00, 0x00, 0x00,
  0x00, 0x00, 0x00, 0x00, 0x00, 0x00, 0x00, 0x00, 0x00, 0x00, 0x00, 0x00, 0x00, 0x00, 0x00, 0x00,
  0x00, 0x00, 0x00, 0x00, 0x00, 0x00, 0x00, 0x00, 0x00, 0x00, 0x00, 0x00, 0x00, 0x00, 0x00, 0x00,
  0x00, 0x00, 0x00, 0x00, 0x00, 0x00, 0x00, 0x00, 0x00, 0x00, 0x00, 0x00, 0x00, 0x00, 0x00, 0x00,
  0x00, 0x00, 0x54, 0xFF, 0xFF, 0xFF, 0xFF, 0xFF, 0xFF, 0xFF, 0xFF, 0xFF, 0xFF, 0xFF, 0xFF, 0x7C,
  0x54, 0xFF, 0xFF, 0xFF, 0xFF, 0xFF, 0xFF, 0xFF, 0xFF, 0xFF, 0xFF, 0xFF, 0xFF, 0x7C, 0x00, 0xA2,
  0xFF, 0xC9, 0x00, 0x00, 0x00, 0x00, 0x07, 0xC7, 0xFF, 0x45, 0x00, 0x00, 0x00, 0x00, 0x17, 0xE2,
  0xC1, 0x00, 0x00, 0x00, 0x00, 0x00, 0x00, 0x00, 0x00, 0x00, 0x00, 0x00, 0x00, 0x00, 0x00, 0x00,
  0x00, 0x00, 0x00, 0x00, 0x00, 0x00, 0x00, 0x00, 0x00, 0x00, 0x00, 0x00, 0x00, 0x00, 0x00, 0x00,
  0x00, 0x00, 0x00, 0x00, 0x00, 0x00, 0x00, 0x00, 0x00, 0x00, 0x00, 0x00, 0x00, 0x00, 0x00, 0x00,
  0x00, 0x00, 0x00, 0x00, 0x00, 0x00, 0x00, 0x00, 0x00, 0x00, 0x00, 0x00, 0x00, 0x00, 0x00, 0x00,
  0x00, 0x00, 0x00, 0x00, 0x00, 0x00, 0x00, 0x00, 0x00, 0x00, 0x00, 0x00, 0x00, 0x00, 0x00, 0x00,
  0x00, 0x00, 0x00, 0x00, 0x00, 0x00, 0x00, 0x00, 0x00, 0x00, 0x00, 0x00, 0x00, 0x00, 0x00, 0x00,
  0x05, 0x6B, 0xC4, 0xEF, 0xF9, 0xE2, 0x9D, 0x20, 0x00, 0x00, 0x00, 0x05, 0xBB, 0xFF, 0xFF, 0xFF,
  0xFF, 0xFF, 0xFF, 0xE9, 0x16, 0x00, 0x00, 0x64, 0xFF, 0xD6, 0x3C, 0x0B, 0x0C, 0x36, 0xC2, 0xFF,
  0x79, 0x00, 0x00, 0xBD, 0xFF, 0x39, 0x00, 0x00, 0x00, 0x00, 0x4A, 0xFF, 0xA5, 0x00, 0x00, 0x00,
  0x00, 0x03, 0x2B, 0x53, 0x79, 0xAA, 0xEA, 0xFF, 0xAE, 0x00, 0x00, 0x02, 0x73, 0xE9, 0xFF, 0xFF,
  0xFF, 0xFF, 0xFF, 0xFF, 0xB0, 0x00, 0x00, 0x8E, 0xFF, 0xFF, 0xD9, 0xAB, 0x85, 0x56, 0x5B, 0xFF,
  0xB0, 0x00, 0x0F, 0xF9, 0xFD, 0x4C, 0x00, 0x00, 0x00, 0x00, 0x59, 0xFF, 0xB1, 0x00, 0x2B, 0xFF,
  0xE9, 0x00, 0x00, 0x00, 0x00, 0x00, 0xB6, 0xFF, 0xB5, 0x00, 0x09, 0xFC, 0xFF, 0x7E, 0x14, 0x09,
  0x37, 0xB0, 0xFF, 0xFF, 0xC0, 0x00, 0x00, 0x8F, 0xFF, 0xFF, 0xFF, 0xFF, 0xFF, 0xFF, 0xFF, 0xFF,
  0xE4, 0x00, 0x00, 0x04, 0x72, 0xD3, 0xF5, 0xEB, 0xCF, 0x92, 0x31, 0xE6, 0xFF, 0x29, 0x00, 0x90,
  0xFF, 0x60, 0x00, 0x00, 0x00, 0x00, 0x00, 0x00, 0x00, 0x00, 0x00, 0x90, 0xFF, 0x60, 0x00, 0x00,
  0x00, 0x00, 0x00, 0x00, 0x00, 0x00, 0x00, 0x90, 0xFF, 0x60, 0x00, 0x00, 0x00, 0x00, 0x00, 0x00,
  0x00, 0x00, 0x00, 0x90, 0xFF, 0x60, 0x00, 0x00, 0x00, 0x00, 0x00, 0x00, 0x00, 0x00, 0x00, 0x90,
  0xFF, 0x60, 0x4B, 0xCF, 0xF8, 0xDD, 0x85, 0x0D, 0x00, 0x00, 0x00, 0x90, 0xFF, 0xAA, 0xFD, 0xFF,
  0xFF, 0xFF, 0xFF, 0xCF, 0x0D, 0x00, 0x00, 0x90, 0xFF, 0xFF, 0xB2, 0x26, 0x0E, 0x51, 0xE8, 0xFF,
  0x8C, 0x00, 0x00, 0x90, 0xFF, 0xD8, 0x05, 0x00, 0x00, 0x00, 0x34, 0xFF, 0xF0, 0x05, 0x00, 0x90,
  0xFF, 0x6C, 0x00, 0x00, 0x00, 0x00, 0x00, 0xD0, 0xFF, 0x33, 0x00, 0x90, 0xFF, 0x46, 0x00, 0x00,
  0x00, 0x00, 0x00, 0xAB, 0xFF, 0x4D, 0x00, 0x90, 0xFF, 0x3E, 0x00, 0x00, 0x00, 0x00, 0x00, 0xB6,
  0xFF, 0x48, 0x00, 0x90, 0xFF, 0x5E, 0x00, 0x00, 0x00, 0x00, 0x00, 0xDA, 0xFF, 0x2B, 0x00, 0x90,
  0xFF, 0xBA, 0x00, 0x00, 0x00, 0x00, 0x4A, 0xFF, 0xE9, 0x02, 0x00, 0x90, 0xFF, 0xFE, 0x9D, 0x1E,
  0x0F, 0x59, 0xED, 0xFF, 0x79, 0x00, 0x00, 0x90, 0xFF, 0x92, 0xFF, 0xFF, 0xFF, 0xFF, 0xFF, 0xB6,
  0x04, 0x00, 0x00, 0x90, 0xFF, 0x3C, 0x58, 0xD7, 0xF8, 0xD8, 0x75, 0x05, 0x00, 0x00, 0x00, 0x00,
  0x00, 0x58, 0xBF, 0xEE, 0xF7, 0xCA, 0x5A, 0x00, 0x00, 0x00, 0x00, 0x9D, 0xFF, 0xFF, 0xFF, 0xFF,
  0xFF, 0xFF, 0x71, 0x00, 0x00, 0x57, 0xFF, 0xF8, 0x77, 0x1E, 0x0E, 0x5F, 0xF7, 0xFB, 0x20, 0x00,
  0xBF, 0xFF, 0x66, 0x00, 0x00, 0x00, 0x00, 0x7B, 0xFF, 0x73, 0x03, 0xFB, 0xFA, 0x08, 0x00, 0x00,
  0x00, 0x00, 0x00, 0x00, 0x00, 0x18, 0xFF, 0xDF, 0x00, 0x00, 0x00, 0x00, 0x00, 0x00, 0x00, 0x00,
  0x1C, 0xFF, 0xDF, 0x00, 0x00, 0x00, 0x00, 0x00, 0x00, 0x00, 0x00, 0x08, 0xFC, 0xF9, 0x07, 0x00,
  0x00, 0x00, 0x00, 0x00, 0x00, 0x00, 0x00, 0xCA, 0xFF, 0x5F, 0x00, 0x00, 0x00, 0x00, 0x4F, 0xFF,
  0xA1, 0x00, 0x5E, 0xFF, 0xF5, 0x6C, 0x18, 0x0E, 0x4E, 0xE7, 0xFF, 0x46, 0x00, 0x00, 0xA3, 0xFF,
  0xFF, 0xFF, 0xFF, 0xFF, 0xFF, 0x8F, 0x00, 0x00, 0x00, 0x01, 0x62, 0xC7, 0xF4, 0xF7, 0xCB, 0x62,
  0x01, 0x00, 0x00, 0x00, 0x00, 0x00, 0x00, 0x00, 0x00, 0x00, 0x48, 0xFF, 0xA4, 0x00, 0x00, 0x00,
  0x00, 0x00, 0x00, 0x00, 0x00, 0x00, 0x48, 0xFF, 0xA4, 0x00, 0x00, 0x00, 0x00, 0x00, 0x00, 0x00,
  0x00, 0x00, 0x48, 0xFF, 0xA4, 0x00, 0x00, 0x00, 0x00, 0x00, 0x00, 0x00, 0x00, 0x00, 0x48, 0xFF,
  0xA4, 0x00, 0x00, 0x00, 0x06, 0x77, 0xD6, 0xF6, 0xD5, 0x58, 0x48, 0xFF, 0xA4, 0x00, 0x00, 0x06,
  0xBE, 0xFF, 0xFF, 0xFF, 0xFF, 0xFF, 0xA9, 0xFF, 0xA4, 0x00, 0x00, 0x75, 0xFF, 0xED, 0x58, 0x10,
  0x27, 0xA3, 0xFF, 0xFF, 0xA4, 0x00, 0x00, 0xDC, 0xFF, 0x42, 0x00, 0x00, 0x00, 0x00, 0xB2, 0xFF,
  0xA4, 0x00, 0x1B, 0xFF, 0xE4, 0x00, 0x00, 0x00, 0x00, 0x00, 0x4D, 0xFF, 0xA4, 0x00, 0x35, 0xFF,
  0xC2, 0x00, 0x00, 0x00, 0x00, 0x00, 0x26, 0xFF, 0xA4, 0x00, 0x34, 0xFF, 0xC2, 0x00, 0x00, 0x00,
  0x00, 0x00, 0x28, 0xFF, 0xA4, 0x00, 0x19, 0xFF, 0xE8, 0x01, 0x00, 0x00, 0x00, 0x00, 0x4A, 0xFF,
  0xA4, 0x00, 0x00, 0xD4, 0xFF, 0x50, 0x00, 0x00, 0x00, 0x00, 0xB2, 0xFF, 0xA4, 0x00, 0x00, 0x63,
  0xFF, 0xF3, 0x65, 0x13, 0x22, 0x96, 0xFE, 0xFF, 0xA4, 0x00, 0x00, 0x01, 0xA5, 0xFF, 0xFF, 0xFF,
  0xFF, 0xFF, 0x92, 0xFF, 0xA4, 0x00, 0x00, 0x00, 0x01, 0x68, 0xD0, 0xF6, 0xDE, 0x6B, 0x24, 0xFF,
  0xA4, 0x00, 0x00, 0x00, 0x00, 0x50, 0xBE, 0xF0, 0xF7, 0xD3, 0x7B, 0x09, 0x00, 0x00, 0x00, 0x00,
  0x8D, 0xFF, 0xFF, 0xFF, 0xFF, 0xFF, 0xFF, 0xCE, 0x0F, 0x00, 0x00, 0x53, 0xFF, 0xD7, 0x4F, 0x13,
  0x0C, 0x38, 0xB6, 0xFF, 0x9E, 0x00, 0x00, 0xC8, 0xFC, 0x1C, 0x00, 0x00, 0x00, 0x00, 0x04, 0xE0,
  0xFB, 0x0E, 0x0C, 0xFD, 0xFF, 0xFF, 0xFF, 0xFF, 0xFF, 0xFF, 0xFF, 0xFF, 0xFF, 0x3E, 0x26, 0xFF,
  0xFF, 0xFF, 0xFF, 0xFF, 0xFF, 0xFF, 0xFF, 0xFF, 0xFF, 0x50, 0x29, 0xFF, 0xE3, 0x00, 0x00, 0x00,
  0x00, 0x00, 0x00, 0x00, 0x00, 0x00, 0x11, 0xFF, 0xFF, 0x18, 0x00, 0x00, 0x00, 0x00, 0x00, 0x00,
  0x00, 0x00, 0x00, 0xD2, 0xFF, 0x94, 0x00, 0x00, 0x00, 0x00, 0x15, 0xF0, 0xFA, 0x16, 0x00, 0x62,
  0xFF, 0xFE, 0x87, 0x1A, 0x08, 0x3C, 0xCF, 0xFF, 0xA5, 0x00, 0x00, 0x00, 0x9E, 0xFF, 0xFF, 0xFF,
  0xFF, 0xFF, 0xFF, 0xD6, 0x10, 0x00, 0x00, 0x00, 0x00, 0x59, 0xC0, 0xF0, 0xFA, 0xDD, 0x8C, 0x11,
  0x00, 0x00, 0x00, 0x00, 0x2A, 0xBC, 0xF2, 0xF2, 0xAE, 0x00, 0x00, 0xDA, 0xFF, 0xFF, 0xFF, 0xAB,
  0x00, 0x11, 0xFF, 0xF4, 0x2C, 0x05, 0x08, 0x00, 0x18, 0xFF, 0xD5, 0x00, 0x00, 0x00, 0xCC, 0xFF,
  0xFF, 0xFF, 0xFF, 0xFF, 0x10, 0xCC, 0xFF, 0xFF, 0xFF, 0xFF, 0xFF, 0x10, 0x00, 0x18, 0xFF, 0xD4,
  0x00, 0x00, 0x00, 0x00, 0x18, 0xFF, 0xD4, 0x00, 0x00, 0x00, 0x00, 0x18, 0xFF, 0xD4, 0x00, 0x00,
  0x00, 0x00, 0x18, 0xFF, 0xD4, 0x00, 0x00, 0x00, 0x00, 0x18, 0xFF, 0xD4, 0x00, 0x00, 0x00, 0x00,
  0x18, 0xFF, 0xD4, 0x00, 0x00, 0x00, 0x00, 0x18, 0xFF, 0xD4, 0x00, 0x00, 0x00, 0x00, 0x18, 0xFF,
  0xD4, 0x00, 0x00, 0x00, 0x00, 0x18, 0xFF, 0xD4, 0x00, 0x00, 0x00, 0x00, 0x18, 0xFF, 0xD4, 0x00,
  0x00, 0x00, 0x00, 0x00, 0x05, 0x73, 0xD4, 0xF6, 0xDE, 0x73, 0x05, 0xFF, 0xC4, 0x00, 0x00, 0x04,
  0xB6, 0xFF, 0xFF, 0xFF, 0xFF, 0xFF, 0x98, 0xFF, 0xC4, 0x00, 0x00, 0x6E, 0xFF, 0xF0, 0x5E, 0x11,
  0x1C, 0x96, 0xFF, 0xFF, 0xC4, 0x00, 0x00, 0xDC, 0xFF, 0x51, 0x00, 0x00, 0x00, 0x00, 0xB6, 0xFF,
  0xC4, 0x00, 0x21, 0xFF, 0xE5, 0x00, 0x00, 0x00, 0x00, 0x00, 0x43, 0xFF, 0xC4, 0x00, 0x3F, 0xFF,
  0xC1, 0x00, 0x00, 0x00, 0x00, 0x00, 0x1D, 0xFF, 0xC4, 0x00, 0x44, 0xFF, 0xBC, 0x00, 0x00, 0x00,
  0x00, 0x00, 0x14, 0xFF, 0xC4, 0x00, 0x28, 0xFF, 0xE0, 0x00, 0x00, 0x00, 0x00, 0x00, 0x38, 0xFF,
  0xC4, 0x00, 0x01, 0xE5, 0xFF, 0x41, 0x00, 0x00, 0x00, 0x00, 0x9B, 0xFF, 0xC4, 0x00, 0x00, 0x78,
  0xFF, 0xED, 0x5A, 0x11, 0x21, 0x92, 0xFF, 0xFF, 0xC3, 0x00, 0x00, 0x06, 0xC2, 0xFF, 0xFF, 0xFF,
  0xFF, 0xFF, 0xFF, 0xFF, 0xBE, 0x00, 0x00, 0x00, 0x09, 0x81, 0xDB, 0xF8, 0xE0, 0xA8, 0x62, 0xFF,
  0xAF, 0x00, 0x00, 0x00, 0x00, 0x00, 0x00, 0x00, 0x00, 0x00, 0x58, 0xFF, 0x8C, 0x00, 0x00, 0xDB,
  0xFF, 0x6E, 0x18, 0x04, 0x12, 0x53, 0xE5, 0xFF, 0x3C, 0x00, 0x00, 0x77, 0xFF, 0xFF, 0xFF, 0xFF,
  0xFF, 0xFF, 0xFF, 0x8A, 0x00, 0x00, 0x00, 0x00, 0x50, 0xB4, 0xE4, 0xF9, 0xE9, 0xB8, 0x50, 0x00,
  0x00, 0x00, 0x00, 0x8C, 0xFF, 0x64, 0x00, 0x00, 0x00, 0x00, 0x00, 0x00, 0x00, 0x00, 0x00, 0x8C,
  0xFF, 0x64, 0x00, 0x00, 0x00, 0x00, 0x00, 0x00, 0x00, 0x00, 0x00, 0x8C, 0xFF, 0x64, 0x00, 0x00,
  0x00, 0x00, 0x00, 0x00, 0x00, 0x00, 0x00, 0x8C, 0xFF, 0x64, 0x00, 0x00, 0x00, 0x00, 0x00, 0x00,
  0x00, 0x00, 0x00, 0x8C, 0xFF, 0x64, 0x3B, 0xBF, 0xF4, 0xEC, 0xAC, 0x27, 0x00, 0x00, 0x00, 0x8C,
  0xFF, 0xAA, 0xFB, 0xFF, 0xFF, 0xFF, 0xFF, 0xEF, 0x1C, 0x00, 0x00, 0x8C, 0xFF, 0xFF, 0xAF, 0x2B,
  0x0A, 0x43, 0xE5, 0xFF, 0x7F, 0x00, 0x00, 0x8C, 0xFF, 0xD0, 0x02, 0x00, 0x00, 0x00, 0x67, 0xFF,
  0xAD, 0x00, 0x00, 0x8C, 0xFF, 0x80, 0x00, 0x00, 0x00, 0x00, 0x39, 0xFF, 0xBD, 0x00, 0x00, 0x8C,
  0xFF, 0x68, 0x00, 0x00, 0x00, 0x00, 0x30, 0xFF, 0xC0, 0x00, 0x00, 0x8C, 0xFF, 0x64, 0x00, 0x00,
  0x00, 0x00, 0x30, 0xFF, 0xC0, 0x00, 0x00, 0x8C, 0xFF, 0x64, 0x00, 0x00, 0x00, 0x00, 0x30, 0xFF,
  0xC0, 0x00, 0x00, 0x8C, 0xFF, 0x64, 0x00, 0x00, 0x00, 0x00, 0x30, 0xFF, 0xC0, 0x00, 0x00, 0x8C,
  0xFF, 0x64, 0x00, 0x00, 0x00, 0x00, 0x30, 0xFF, 0xC0, 0x00, 0x00, 0x8C, 0xFF, 0x64, 0x00, 0x00,
  0x00, 0x00, 0x30, 0xFF, 0xC0, 0x00, 0x00, 0x8C, 0xFF, 0x64, 0x00, 0x00, 0x00, 0x00, 0x30, 0xFF,
  0xC0, 0x00, 0x00, 0x88, 0xFF, 0x64, 0x00, 0x00, 0x88, 0xFF, 0x64, 0x00, 0x00, 0x00, 0x00, 0x00,
  0x00, 0x00, 0x00, 0x00, 0x00, 0x00, 0x00, 0x88, 0xFF, 0x64, 0x00, 0x00, 0x88, 0xFF, 0x64, 0x00,
  0x00, 0x88, 0xFF, 0x64, 0x00, 0x00, 0x88, 0xFF, 0x64, 0x00, 0x00, 0x88, 0xFF, 0x64, 0x00, 0x00,
  0x88, 0xFF, 0x64, 0x00, 0x00, 0x88, 0xFF, 0x64, 0x00, 0x00, 0x88, 0xFF, 0x64, 0x00, 0x00, 0x88,
  0xFF, 0x64, 0x00, 0x00, 0x88, 0xFF, 0x64, 0x00, 0x00, 0x88, 0xFF, 0x64, 0x00, 0x00, 0x88, 0xFF,
  0x64, 0x00, 0x00, 0x00, 0x00, 0x90, 0xFF, 0x60, 0x00, 0x00, 0x00, 0x00, 0x90, 0xFF, 0x60, 0x00,
  0x00, 0x00, 0x00, 0x00, 0x00, 0x00, 0x00, 0x00, 0x00, 0x00, 0x00, 0x00, 0x00, 0x00, 0x00, 0x00,
  0x00, 0x90, 0xFF, 0x60, 0x00, 0x00, 0x00, 0x00, 0x90, 0xFF, 0x60, 0x00, 0x00, 0x00, 0x00, 0x90,
  0xFF, 0x60, 0x00, 0x00, 0x00, 0x00, 0x90, 0xFF, 0x60, 0x00, 0x00, 0x00, 0x00, 0x90, 0xFF, 0x60,
  0x00, 0x00, 0x00, 0x00, 0x90, 0xFF, 0x60, 0x00, 0x00, 0x00, 0x00, 0x90, 0xFF, 0x60, 0x00, 0x00,
  0x00, 0x00, 0x90, 0xFF, 0x60, 0x00, 0x00, 0x00, 0x00, 0x90, 0xFF, 0x60, 0x00, 0x00, 0x00, 0x00,
  0x90, 0xFF, 0x60, 0x00, 0x00, 0x00, 0x00, 0x90, 0xFF, 0x60, 0x00, 0x00, 0x00, 0x00, 0x90, 0xFF,
  0x60, 0x00, 0x00, 0x00, 0x00, 0x99, 0xFF, 0x5A, 0x00, 0x00, 0x0F, 0x11, 0xD3, 0xFF, 0x45, 0x00,
  0x00, 0xC5, 0xFF, 0xFF, 0xF4, 0x0E, 0x00, 0x00, 0xCD, 0xF8, 0xD8, 0x49, 0x00, 0x00, 0x00, 0x88,
  0xFF, 0x64, 0x00, 0x00, 0x00, 0x00, 0x00, 0x00, 0x00, 0x00, 0x88, 0xFF, 0x64, 0x00, 0x00, 0x00,
  0x00, 0x00, 0x00, 0x00, 0x00, 0x88, 0xFF, 0x64, 0x00, 0x00, 0x00, 0x00, 0x00, 0x00, 0x00, 0x00,
  0x88, 0xFF, 0x64, 0x00, 0x00, 0x00, 0x00, 0x00, 0x00, 0x00, 0x00, 0x88, 0xFF, 0x64, 0x00, 0x00,
  0x00, 0x84, 0xFF, 0xDE, 0x1C, 0x00, 0x88, 0xFF, 0x64, 0x00, 0x00, 0x7E, 0xFF, 0xE1, 0x1F, 0x00,
  0x00, 0x88, 0xFF, 0x64, 0x00, 0x77, 0xFF, 0xE4, 0x23, 0x00, 0x00, 0x00, 0x88, 0xFF, 0x64, 0x70,
  0xFF, 0xE7, 0x26, 0x00, 0x00, 0x00, 0x00, 0x88, 0xFF, 0xC3, 0xFF, 0xFF, 0x4E, 0x00, 0x00, 0x00,
  0x00, 0x00, 0x88, 0xFF, 0xFF, 0xFB, 0xFF, 0xC2, 0x01, 0x00, 0x00, 0x00, 0x00, 0x88, 0xFF, 0xEF,
  0x37, 0xD2, 0xFF, 0x68, 0x00, 0x00, 0x00, 0x00, 0x88, 0xFF, 0x6B, 0x00, 0x3B, 0xFE, 0xF0, 0x1A,
  0x00, 0x00, 0x00, 0x88, 0xFF, 0x64, 0x00, 0x00, 0x9D, 0xFF, 0xAE, 0x00, 0x00, 0x00, 0x88, 0xFF,
  0x64, 0x00, 0x00, 0x13, 0xEC, 0xFF, 0x52, 0x00, 0x00, 0x88, 0xFF, 0x64, 0x00, 0x00, 0x00, 0x63,
  0xFF, 0xE6, 0x0F, 0x00, 0x88, 0xFF, 0x64, 0x00, 0x00, 0x00, 0x01, 0xC5, 0xFF, 0x9A, 0x00, 0x98,
  0xFF, 0x58, 0x00, 0x00, 0x98, 0xFF, 0x58, 0x00, 0x00, 0x98, 0xFF, 0x58, 0x00, 0x00, 0x98, 0xFF,
  0x58, 0x00, 0x00, 0x98, 0xFF, 0x58, 0x00, 0x00, 0x98, 0xFF, 0x58, 0x00, 0x00, 0x98, 0xFF, 0x58,
  0x00, 0x00, 0x98, 0xFF, 0x58, 0x00, 0x00, 0x98, 0xFF, 0x58, 0x00, 0x00, 0x98, 0xFF, 0x58, 0x00,
  0x00, 0x98, 0xFF, 0x58, 0x00, 0x00, 0x98, 0xFF, 0x58, 0x00, 0x00, 0x98, 0xFF, 0x58, 0x00, 0x00,
  0x98, 0xFF, 0x58, 0x00, 0x00, 0x98, 0xFF, 0x58, 0x00, 0x00, 0x98, 0xFF, 0x58, 0x00, 0x00, 0x8C,
  0xFF, 0x30, 0x46, 0xC8, 0xF5, 0xDF, 0x76, 0x00, 0x00, 0x6A, 0xD9, 0xF5, 0xD0, 0x59, 0x00, 0x00,
  0x00, 0x8C, 0xFF, 0x82, 0xFD, 0xFF, 0xFF, 0xFF, 0xFF, 0x72, 0x86, 0xFF, 0xFF, 0xFF, 0xFF, 0xFF,
  0x56, 0x00, 0x00, 0x8C, 0xFF, 0xFC, 0x9F, 0x20, 0x0F, 0x7F, 0xFF, 0xF1, 0xF9, 0x72, 0x15, 0x18,
  0xAD, 0xFF, 0xBC, 0x00, 0x00, 0x8C, 0xFF, 0xCD, 0x01, 0x00, 0x00, 0x02, 0xE8, 0xFF, 0x8F, 0x00,
  0x00, 0x00, 0x22, 0xFF, 0xE0, 0x00, 0x00, 0x8C, 0xFF, 0x83, 0x00, 0x00, 0x00, 0x00, 0xC8, 0xFF,
  0x44, 0x00, 0x00, 0x00, 0x08, 0xFF, 0xE8, 0x00, 0x00, 0x8C, 0xFF, 0x6B, 0x00, 0x00, 0x00, 0x00,
  0xC4, 0xFF, 0x2A, 0x00, 0x00, 0x00, 0x04, 0xFF, 0xE8, 0x00, 0x00, 0x8C, 0xFF, 0x64, 0x00, 0x00,
  0x00, 0x00, 0xC4, 0xFF, 0x28, 0x00, 0x00, 0x00, 0x04, 0xFF, 0xE8, 0x00, 0x00, 0x8C, 0xFF, 0x64,
  0x00, 0x00, 0x00, 0x00, 0xC4, 0xFF, 0x28, 0x00, 0x00, 0x00, 0x04, 0xFF, 0xE8, 0x00, 0x00, 0x8C,
  0xFF, 0x64, 0x00, 0x00, 0x00, 0x00, 0xC4, 0xFF, 0x28, 0x00, 0x00, 0x00, 0x04, 0xFF, 0xE8, 0x00,
  0x00, 0x8C, 0xFF, 0x64, 0x00, 0x00, 0x00, 0x00, 0xC4, 0xFF, 0x28, 0x00, 0x00, 0x00, 0x04, 0xFF,
  0xE8, 0x00, 0x00, 0x8C, 0xFF, 0x64, 0x00, 0x00, 0x00, 0x00, 0xC4, 0xFF, 0x28, 0x00, 0x00, 0x00,
  0x04, 0xFF, 0xE8, 0x00, 0x00, 0x8C, 0xFF, 0x64, 0x00, 0x00, 0x00, 0x00, 0xC4, 0xFF, 0x28, 0x00,
  0x00, 0x00, 0x04, 0xFF, 0xE8, 0x00, 0x00, 0x8C, 0xFF, 0x34, 0x72, 0xD3, 0xF7, 0xED, 0xA9, 0x27,
  0x00, 0x00, 0x00, 0x8C, 0xFF, 0xCF, 0xFF, 0xFF, 0xFF, 0xFF, 0xFF, 0xED, 0x1A, 0x00, 0x00, 0x8C,
  0xFF, 0xFF, 0xAB, 0x2B, 0x09, 0x44, 0xE7, 0xFF, 0x80, 0x00, 0x00, 0x8C, 0xFF, 0xCC, 0x01, 0x00,
  0x00, 0x00, 0x6B, 0xFF, 0xAC, 0x00, 0x00, 0x8C, 0xFF, 0x7F, 0x00, 0x00, 0x00, 0x00, 0x40, 0xFF,
  0xB6, 0x00, 0x00, 0x8C, 0xFF, 0x67, 0x00, 0x00, 0x00, 0x00, 0x38, 0xFF, 0xB8, 0x00, 0x00, 0x8C,
  0xFF, 0x64, 0x00, 0x00, 0x00, 0x00, 0x38, 0xFF, 0xB8, 0x00, 0x00, 0x8C, 0xFF, 0x64, 0x00, 0x00,
  0x00, 0x00, 0x38, 0xFF, 0xB8, 0x00, 0x00, 0x8C, 0xFF, 0x64, 0x00, 0x00, 0x00, 0x00, 0x38, 0xFF,
  0xB8, 0x00, 0x00, 0x8C, 0xFF, 0x64, 0x00, 0x00, 0x00, 0x00, 0x38, 0xFF, 0xB8, 0x00, 0x00, 0x8C,
  0xFF, 0x64, 0x00, 0x00, 0x00, 0x00, 0x38, 0xFF, 0xB8, 0x00, 0x00, 0x8C, 0xFF, 0x64, 0x00, 0x00,
  0x00, 0x00, 0x38, 0xFF, 0xB8, 0x00, 0x00, 0x00, 0x01, 0x5F, 0xC5, 0xF3, 0xF6, 0xCF, 0x73, 0x07,
  0x00, 0x00, 0x00, 0x02, 0xA9, 0xFF, 0xFF, 0xFF, 0xFF, 0xFF, 0xFF, 0xC4, 0x0B, 0x00, 0x00, 0x72,
  0xFF, 0xF6, 0x70, 0x1C, 0x14, 0x5D, 0xEC, 0xFF, 0x98, 0x00, 0x00, 0xE3, 0xFF, 0x53, 0x00, 0x00,
  0x00, 0x00, 0x3E, 0xFF, 0xFA, 0x12, 0x21, 0xFF, 0xE6, 0x01, 0x00, 0x00, 0x00, 0x00, 0x00, 0xC7,
  0xFF, 0x4C, 0x3B, 0xFF, 0xC0, 0x00, 0x00, 0x00, 0x00, 0x00, 0x00, 0xA0, 0xFF, 0x64, 0x3C, 0xFF,
  0xC8, 0x00, 0x00, 0x00, 0x00, 0x00, 0x00, 0x99, 0xFF, 0x5D, 0x22, 0xFF, 0xED, 0x02, 0x00, 0x00,
  0x00, 0x00, 0x00, 0xC2, 0xFF, 0x46, 0x00, 0xE4, 0xFF, 0x62, 0x00, 0x00, 0x00, 0x00, 0x2F, 0xFD,
  0xF8, 0x0E, 0x00, 0x75, 0xFF, 0xF6, 0x70, 0x1B, 0x14, 0x5B, 0xEB, 0xFF, 0x9A, 0x00, 0x00, 0x03,
  0xAF, 0xFF, 0xFF, 0xFF, 0xFF, 0xFF, 0xFF, 0xC4, 0x0C, 0x00, 0x00, 0x00, 0x02, 0x65, 0xC8, 0xF4,
  0xF3, 0xCB, 0x6C, 0x04, 0x00, 0x00, 0x00, 0x8C, 0xFF, 0x38, 0x50, 0xD2, 0xF7, 0xDC, 0x84, 0x0D,
  0x00, 0x00, 0x00, 0x8C, 0xFF, 0x84, 0xFD, 0xFF, 0xFF, 0xFF, 0xFF, 0xCD, 0x0F, 0x00, 0x00, 0x8C,
  0xFF, 0xFC, 0xBA, 0x29, 0x0D, 0x51, 0xE9, 0xFF, 0x8D, 0x00, 0x00, 0x8C, 0xFF, 0xDF, 0x07, 0x00,
  0x00, 0x00, 0x3F, 0xFF, 0xF1, 0x05, 0x00, 0x8C, 0xFF, 0x70, 0x00, 0x00, 0x00, 0x00, 0x00, 0xD3,
  0xFF, 0x37, 0x00, 0x8C, 0xFF, 0x48, 0x00, 0x00, 0x00, 0x00, 0x00, 0xAF, 0xFF, 0x51, 0x00, 0x8C,
  0xFF, 0x3A, 0x00, 0x00, 0x00, 0x00, 0x00, 0xA8, 0xFF, 0x4D, 0x00, 0x8C, 0xFF, 0x5B, 0x00, 0x00,
  0x00, 0x00, 0x00, 0xCF, 0xFF, 0x30, 0x00, 0x8C, 0xFF, 0xBC, 0x00, 0x00, 0x00, 0x00, 0x36, 0xFF,
  0xE8, 0x02, 0x00, 0x8C, 0xFF, 0xFF, 0xA8, 0x27, 0x10, 0x55, 0xEA, 0xFF, 0x7B, 0x00, 0x00, 0x8C,
  0xFF, 0xBD, 0xFF, 0xFF, 0xFF, 0xFF, 0xFF, 0xB8, 0x06, 0x00, 0x00, 0x8C, 0xFF, 0x64, 0x55, 0xD6,
  0xF6, 0xD2, 0x6F, 0x04, 0x00, 0x00, 0x00, 0x8C, 0xFF, 0x64, 0x00, 0x00, 0x00, 0x00, 0x00, 0x00,
  0x00, 0x00, 0x00, 0x8C, 0xFF, 0x64, 0x00, 0x00, 0x00, 0x00, 0x00, 0x00, 0x00, 0x00, 0x00, 0x8C,
  0xFF, 0x64, 0x00, 0x00, 0x00, 0x00, 0x00, 0x00, 0x00, 0x00, 0x00, 0x8C, 0xFF, 0x64, 0x00, 0x00,
  0x00, 0x00, 0x00, 0x00, 0x00, 0x00, 0x00, 0x00, 0x05, 0x76, 0xD5, 0xF6, 0xD7, 0x5F, 0x14, 0xFF,
  0xA8, 0x00, 0x00, 0x04, 0xBB, 0xFF, 0xFF, 0xFF, 0xFF, 0xFF, 0x7B, 0xFF, 0xA8, 0x00, 0x00, 0x71,
  0xFF, 0xF0, 0x5E, 0x11, 0x1F, 0xA1, 0xFB, 0xFF, 0xA8, 0x00, 0x00, 0xD7, 0xFF, 0x4E, 0x00, 0x00,
  0x00, 0x00, 0xB7, 0xFF, 0xA8, 0x00, 0x16, 0xFF, 0xEC, 0x01, 0x00, 0x00, 0x00, 0x00, 0x4B, 0xFF,
  0xA8, 0x00, 0x2F, 0xFF, 0xCB, 0x00, 0x00, 0x00, 0x00, 0x00, 0x1F, 0xFF, 0xA8, 0x00, 0x2E, 0xFF,
  0xD4, 0x00, 0x00, 0x00, 0x00, 0x00, 0x20, 0xFF, 0xA8, 0x00, 0x11, 0xFE, 0xF5, 0x04, 0x00, 0x00,
  0x00, 0x00, 0x42, 0xFF, 0xA8, 0x00, 0x00, 0xCF, 0xFF, 0x69, 0x00, 0x00, 0x00, 0x00, 0xAA, 0xFF,
  0xA8, 0x00, 0x00, 0x5B, 0xFF, 0xF6, 0x6C, 0x15, 0x1F, 0x90, 0xFF, 0xFF, 0xA8, 0x00, 0x00, 0x00,
  0x9A, 0xFF, 0xFF, 0xFF, 0xFF, 0xFF, 0xBB, 0xFF, 0xA8, 0x00, 0x00, 0x00, 0x00, 0x61, 0xCE, 0xF7,
  0xDE, 0x69, 0x48, 0xFF, 0xA8, 0x00, 0x00, 0x00, 0x00, 0x00, 0x00, 0x00, 0x00, 0x00, 0x48, 0xFF,
  0xA8, 0x00, 0x00, 0x00, 0x00, 0x00, 0x00, 0x00, 0x00, 0x00, 0x48, 0xFF, 0xA8, 0x00, 0x00, 0x00,
  0x00, 0x00, 0x00, 0x00, 0x00, 0x00, 0x48, 0xFF, 0xA8, 0x00, 0x00, 0x00, 0x00, 0x00, 0x00, 0x00,
  0x00, 0x00, 0x48, 0xFF, 0xA8, 0x00, 0x00, 0x94, 0xFF, 0x31, 0x9D, 0xF6, 0xE4, 0x5C, 0x00, 0x94,
  0xFF, 0xB0, 0xFF, 0xFF, 0xFF, 0x3A, 0x00, 0x94, 0xFF, 0xFD, 0x62, 0x0A, 0x25, 0x00, 0x00, 0x94,
  0xFF, 0xB6, 0x00, 0x00, 0x00, 0x00, 0x00, 0x94, 0xFF, 0x79, 0x00, 0x00, 0x00, 0x00, 0x00, 0x94,
  0xFF, 0x61, 0x00, 0x00, 0x00, 0x00, 0x00, 0x94, 0xFF, 0x5C, 0x00, 0x00, 0x00, 0x00, 0x00, 0x94,
  0xFF, 0x5C, 0x00, 0x00, 0x00, 0x00, 0x00, 0x94, 0xFF, 0x5C, 0x00, 0x00, 0x00, 0x00, 0x00, 0x94,
  0xFF, 0x5C, 0x00, 0x00, 0x00, 0x00, 0x00, 0x94, 0xFF, 0x5C, 0x00, 0x00, 0x00, 0x00, 0x00, 0x94,
  0xFF, 0x5C, 0x00, 0x00, 0x00, 0x00, 0x00, 0x00, 0x46, 0xB6, 0xE4, 0xF9, 0xE1, 0xA0, 0x29, 0x00,
  0x00, 0x00, 0x4A, 0xFC, 0xFF, 0xFF, 0xFF, 0xFF, 0xFF, 0xF2, 0x26, 0x00, 0x00, 0xD8, 0xFE, 0x64,
  0x12, 0x05, 0x1F, 0x99, 0xFF, 0x93, 0x00, 0x00, 0xF8, 0xF6, 0x13, 0x00, 0x00, 0x00, 0x00, 0x00,
  0x00, 0x00, 0x00, 0xC7, 0xFF, 0xED, 0xA5, 0x69, 0x22, 0x00, 0x00, 0x00, 0x00, 0x00, 0x33, 0xEB,
  0xFF, 0xFF, 0xFF, 0xFF, 0xD2, 0x6A, 0x03, 0x00, 0x00, 0x00, 0x12, 0x71, 0xC3, 0xFC, 0xFF, 0xFF,
  0xFF, 0x96, 0x00, 0x00, 0x00, 0x00, 0x00, 0x00, 0x0E, 0x47, 0xA0, 0xFF, 0xFC, 0x0E, 0x00, 0x00,
  0x00, 0x00, 0x00, 0x00, 0x00, 0x00, 0xE6, 0xFF, 0x1D, 0x22, 0xFD, 0xE2, 0x49, 0x10, 0x04, 0x1B,
  0x83, 0xFF, 0xE0, 0x02, 0x00, 0x91, 0xFF, 0xFF, 0xFF, 0xFF, 0xFF, 0xFF, 0xFC, 0x4B, 0x00, 0x00,
  0x01, 0x6A, 0xC6, 0xF0, 0xFB, 0xE7, 0xA9, 0x31, 0x00, 0x00, 0x00, 0x00, 0x3E, 0x8F, 0x00, 0x00,
  0x00, 0x2A, 0xFF, 0xBC, 0x00, 0x00, 0x00, 0x30, 0xFF, 0xBC, 0x00, 0x00, 0x00, 0x30, 0xFF, 0xBC,
  0x00, 0x00, 0x9C, 0xFF, 0xFF, 0xFF, 0xFF, 0xAC, 0x9C, 0xFF, 0xFF, 0xFF, 0xFF, 0xAC, 0x00, 0x30,
  0xFF, 0xBC, 0x00, 0x00, 0x00, 0x30, 0xFF, 0xBC, 0x00, 0x00, 0x00, 0x30, 0xFF, 0xBC, 0x00, 0x00,
  0x00, 0x30, 0xFF, 0xBC, 0x00, 0x00, 0x00, 0x30, 0xFF, 0xBC, 0x00, 0x00, 0x00, 0x30, 0xFF, 0xBC,
  0x00, 0x00, 0x00, 0x2F, 0xFF, 0xBD, 0x00, 0x00, 0x00, 0x29, 0xFF, 0xDF, 0x13, 0x00, 0x00, 0x0C,
  0xF9, 0xFF, 0xFF, 0xB1, 0x00, 0x00, 0x5D, 0xDF, 0xF9, 0xC7, 0x00, 0x98, 0xFF, 0x58, 0x00, 0x00,
  0x00, 0x00, 0x48, 0xFF, 0xA8, 0x00, 0x00, 0x98, 0xFF, 0x58, 0x00, 0x00, 0x00, 0x00, 0x48, 0xFF,
  0xA8, 0x00, 0x00, 0x98, 0xFF, 0x58, 0x00, 0x00, 0x00, 0x00, 0x48, 0xFF, 0xA8, 0x00, 0x00, 0x98,
  0xFF, 0x58, 0x00, 0x00, 0x00, 0x00, 0x48, 0xFF, 0xA8, 0x00, 0x00, 0x98, 0xFF, 0x58, 0x00, 0x00,
  0x00, 0x00, 0x48, 0xFF, 0xA8, 0x00, 0x00, 0x98, 0xFF, 0x58, 0x00, 0x00, 0x00, 0x00, 0x48, 0xFF,
  0xA8, 0x00, 0x00, 0x98, 0xFF, 0x59, 0x00, 0x00, 0x00, 0x00, 0x4E, 0xFF, 0xA8, 0x00, 0x00, 0x96,
  0xFF, 0x61, 0x00, 0x00, 0x00, 0x00, 0x66, 0xFF, 0xA8, 0x00, 0x00, 0x8A, 0xFF, 0x8A, 0x00, 0x00,
  0x00, 0x00, 0xB6, 0xFF, 0xA8, 0x00, 0x00, 0x5B, 0xFF, 0xF4, 0x52, 0x09, 0x22, 0x99, 0xF9, 0xFF,
  0xA8, 0x00, 0x00, 0x09, 0xDC, 0xFF, 0xFF, 0xFF, 0xFF, 0xFE, 0x6D, 0xFF, 0xA8, 0x00, 0x00, 0x00,
  0x19, 0x9C, 0xE8, 0xF6, 0xC9, 0x4A, 0x14, 0xFF, 0xA8, 0x00, 0x8A, 0xFF, 0x7E, 0x00, 0x00, 0x00,
  0x00, 0x00, 0x6D, 0xFF, 0x91, 0x2D, 0xFF, 0xD5, 0x00, 0x00, 0x00, 0x00, 0x00, 0xC5, 0xFF, 0x35,
  0x00, 0xD1, 0xFF, 0x2C, 0x00, 0x00, 0x00, 0x1E, 0xFE, 0xD8, 0x00, 0x00, 0x74, 0xFF, 0x83, 0x00,
  0x00, 0x00, 0x76, 0xFF, 0x7C, 0x00, 0x00, 0x1A, 0xFD, 0xDA, 0x00, 0x00, 0x00, 0xCE, 0xFE, 0x21,
  0x00, 0x00, 0x00, 0xBB, 0xFF, 0x31, 0x00, 0x26, 0xFF, 0xC3, 0x00, 0x00, 0x00, 0x00, 0x5E, 0xFF,
  0x87, 0x00, 0x7F, 0xFF, 0x67, 0x00, 0x00, 0x00, 0x00, 0x0C, 0xF5, 0xDB, 0x00, 0xD6, 0xF9, 0x11,
  0x00, 0x00, 0x00, 0x00, 0x00, 0xA5, 0xFF, 0x55, 0xFF, 0xAE, 0x00, 0x00, 0x00, 0x00, 0x00, 0x00,
  0x48, 0xFF, 0xE3, 0xFF, 0x52, 0x00, 0x00, 0x00, 0x00, 0x00, 0x00, 0x03, 0xE7, 0xFF, 0xEF, 0x07,
  0x00, 0x00, 0x00, 0x00, 0x00, 0x00, 0x00, 0x8E, 0xFF, 0x9A, 0x00, 0x00, 0x00, 0x00, 0xCB, 0xFF,
  0x2F, 0x00, 0x00, 0x00, 0x29, 0xFF, 0xFE, 0x13, 0x00, 0x00, 0x00, 0x4C, 0xFF, 0x91, 0x80, 0xFF,
  0x70, 0x00, 0x00, 0x00, 0x69, 0xFF, 0xFF, 0x4E, 0x00, 0x00, 0x00, 0x92, 0xFF, 0x45, 0x36, 0xFF,
  0xB1, 0x00, 0x00, 0x00, 0xA9, 0xFF, 0xFF, 0x8B, 0x00, 0x00, 0x00, 0xD8, 0xF2, 0x06, 0x01, 0xE9,
  0xF0, 0x02, 0x00, 0x00, 0xE9, 0xDF, 0xFE, 0xC7, 0x00, 0x00, 0x1E, 0xFF, 0xAD, 0x00, 0x00, 0xA0,
  0xFF, 0x33, 0x00, 0x2A, 0xFF, 0x90, 0xD3, 0xFA, 0x0A, 0x00, 0x65, 0xFF, 0x61, 0x00, 0x00, 0x56,
  0xFF, 0x74, 0x00, 0x6B, 0xFF, 0x4C, 0x93, 0xFF, 0x41, 0x00, 0xAB, 0xFE, 0x17, 0x00, 0x00, 0x0F,
  0xFB, 0xB5, 0x00, 0xAB, 0xFB, 0x0D, 0x50, 0xFF, 0x7D, 0x02, 0xEE, 0xC9, 0x00, 0x00, 0x00, 0x00,
  0xC0, 0xF5, 0x10, 0xEC, 0xC4, 0x00, 0x10, 0xFC, 0xC4, 0x43, 0xFF, 0x7D, 0x00, 0x00, 0x00, 0x00,
  0x76, 0xFF, 0xA5, 0xFF, 0x81, 0x00, 0x00, 0xC9, 0xFE, 0xC9, 0xFF, 0x31, 0x00, 0x00, 0x00, 0x00,
  0x2B, 0xFF, 0xFF, 0xFF, 0x3D, 0x00, 0x00, 0x85, 0xFF, 0xFF, 0xE4, 0x00, 0x00, 0x00, 0x00, 0x00,
  0x00, 0xE0, 0xFF, 0xF3, 0x05, 0x00, 0x00, 0x42, 0xFF, 0xFF, 0x99, 0x00, 0x00, 0x00, 0x00, 0x00,
  0x00, 0x95, 0xFF, 0xB5, 0x00, 0x00, 0x00, 0x07, 0xF6, 0xFF, 0x4D, 0x00, 0x00, 0x00, 0x36, 0xFC,
  0xFD, 0x2F, 0x00, 0x00, 0x00, 0x1D, 0xF4, 0xFC, 0x35, 0x00, 0x89, 0xFF, 0xBD, 0x00, 0x00, 0x00,
  0xAE, 0xFF, 0x86, 0x00, 0x00, 0x07, 0xD6, 0xFF, 0x4F, 0x00, 0x49, 0xFF, 0xD4, 0x06, 0x00, 0x00,
  0x00, 0x37, 0xFC, 0xE0, 0x2E, 0xE3, 0xFB, 0x33, 0x00, 0x00, 0x00, 0x00, 0x00, 0x89, 0xFF, 0xFD,
  0xFF, 0x83, 0x00, 0x00, 0x00, 0x00, 0x00, 0x00, 0x07, 0xDD, 0xFF, 0xDE, 0x06, 0x00, 0x00, 0x00,
  0x00, 0x00, 0x00, 0x2C, 0xF9, 0xFF, 0xFC, 0x35, 0x00, 0x00, 0x00, 0x00, 0x00, 0x04, 0xCC, 0xFF,
  0xDA, 0xFF, 0xD4, 0x06, 0x00, 0x00, 0x00, 0x00, 0x7E, 0xFF, 0xD2, 0x0D, 0xD4, 0xFF, 0x85, 0x00,
  0x00, 0x00, 0x2F, 0xFA, 0xFB, 0x32, 0x00, 0x34, 0xFC, 0xFB, 0x33, 0x00, 0x05, 0xD0, 0xFF, 0x81,
  0x00, 0x00, 0x00, 0x87, 0xFF, 0xD2, 0x06, 0x82, 0xFF, 0xD0, 0x05, 0x00, 0x00, 0x00, 0x07, 0xD5,
  0xFF, 0x83, 0x73, 0xFF, 0x9D, 0x00, 0x00, 0x00, 0x00, 0x00, 0x4C, 0xFF, 0xA1, 0x16, 0xFA, 0xF0,
  0x08, 0x00, 0x00, 0x00, 0x00, 0xA2, 0xFF, 0x46, 0x00, 0xAF, 0xFF, 0x55, 0x00, 0x00, 0x00, 0x07,
  0xF1, 0xE8, 0x03, 0x00, 0x4D, 0xFF, 0xB1, 0x00, 0x00, 0x00, 0x4F, 0xFF, 0x90, 0x00, 0x00, 0x03,
  0xE6, 0xFA, 0x12, 0x00, 0x00, 0xA6, 0xFF, 0x35, 0x00, 0x00, 0x00, 0x89, 0xFF, 0x68, 0x00, 0x09,
  0xF3, 0xDA, 0x00, 0x00, 0x00, 0x00, 0x27, 0xFF, 0xC3, 0x00, 0x53, 0xFF, 0x7F, 0x00, 0x00, 0x00,
  0x00, 0x00, 0xC5, 0xFD, 0x17, 0xAC, 0xFF, 0x25, 0x00, 0x00, 0x00, 0x00, 0x00, 0x63, 0xFF, 0x78,
  0xF9, 0xC9, 0x00, 0x00, 0x00, 0x00, 0x00, 0x00, 0x0C, 0xF4, 0xF8, 0xFF, 0x6E, 0x00, 0x00, 0x00,
  0x00, 0x00, 0x00, 0x00, 0x9F, 0xFF, 0xFC, 0x17, 0x00, 0x00, 0x00, 0x00, 0x00, 0x00, 0x00, 0x6B,
  0xFF, 0xB8, 0x00, 0x00, 0x00, 0x00, 0x00, 0x00, 0x00, 0x00, 0xC4, 0xFF, 0x57, 0x00, 0x00, 0x00,
  0x00, 0x00, 0x16, 0x08, 0x70, 0xFF, 0xDC, 0x03, 0x00, 0x00, 0x00, 0x00, 0x00, 0xC6, 0xFF, 0xFF,
  0xFE, 0x4D, 0x00, 0x00, 0x00, 0x00, 0x00, 0x00, 0x8D, 0xF4, 0xDD, 0x5E, 0x00, 0x00, 0x00, 0x00,
  0x00, 0x00, 0x24, 0xFF, 0xFF, 0xFF, 0xFF, 0xFF, 0xFF, 0xFF, 0xFF, 0xFF, 0x30, 0x24, 0xFF, 0xFF,
  0xFF, 0xFF, 0xFF, 0xFF, 0xFF, 0xFF, 0xFF, 0x27, 0x00, 0x00, 0x00, 0x00, 0x00, 0x00, 0x06, 0xBC,
  0xFF, 0x80, 0x00, 0x00, 0x00, 0x00, 0x00, 0x00, 0x01, 0xA5, 0xFF, 0xA3, 0x00, 0x00, 0x00, 0x00,
  0x00, 0x00, 0x00, 0x8C, 0xFF, 0xC2, 0x06, 0x00, 0x00, 0x00, 0x00, 0x00, 0x00, 0x71, 0xFF, 0xDA,
  0x12, 0x00, 0x00, 0x00, 0x00, 0x00, 0x00, 0x57, 0xFE, 0xEC, 0x24, 0x00, 0x00, 0x00, 0x00, 0x00,
  0x00, 0x41, 0xF9, 0xF8, 0x3C, 0x00, 0x00, 0x00, 0x00, 0x00, 0x00, 0x2E, 0xF1, 0xFE, 0x5A, 0x00,
  0x00, 0x00, 0x00, 0x00, 0x00, 0x1E, 0xE5, 0xFB, 0x5E, 0x00, 0x00, 0x00, 0x00, 0x00, 0x00, 0x00,
  0x8E, 0xFF, 0xFF, 0xFF, 0xFF, 0xFF, 0xFF, 0xFF, 0xFF, 0xFF, 0x88, 0x90, 0xFF, 0xFF, 0xFF, 0xFF,
  0xFF, 0xFF, 0xFF, 0xFF, 0xFF, 0x88, 0x00, 0x00, 0x00, 0x1C, 0xB2, 0xF6, 0xD3, 0x00, 0x00, 0x00,
  0xBA, 0xFF, 0xFF, 0xD4, 0x00, 0x00, 0x0B, 0xFE, 0xEC, 0x2A, 0x03, 0x00, 0x00, 0x23, 0xFF, 0xB3,
  0x00, 0x00, 0x00, 0x00, 0x2A, 0xFF, 0xA7, 0x00, 0x00, 0x00, 0x00, 0x2F, 0xFF, 0xA4, 0x00, 0x00,
  0x00, 0x00, 0x3A, 0xFF, 0x9A, 0x00, 0x00, 0x00, 0x00, 0x63, 0xFF, 0x79, 0x00, 0x00, 0x02, 0x35,
  0xDF, 0xFB, 0x26, 0x00, 0x00, 0x64, 0xFF, 0xE7, 0x4E, 0x00, 0x00, 0x00, 0x64, 0xFF, 0xE6, 0x4E,
  0x00, 0x00, 0x00, 0x03, 0x38, 0xE1, 0xF8, 0x28, 0x00, 0x00, 0x00, 0x00, 0x63, 0xFF, 0x7A, 0x00,
  0x00, 0x00, 0x00, 0x39, 0xFF, 0x9C, 0x00, 0x00, 0x00, 0x00, 0x2E, 0xFF, 0xA6, 0x00, 0x00, 0x00,
  0x00, 0x2A, 0xFF, 0xA8, 0x00, 0x00, 0x00, 0x00, 0x22, 0xFF, 0xAE, 0x00, 0x00, 0x00, 0x00, 0x0E,
  0xFF, 0xE8, 0x25, 0x02, 0x00, 0x00, 0x00, 0xC3, 0xFF, 0xFF, 0xD4, 0x00, 0x00, 0x00, 0x1E, 0xBA,
  0xF6, 0xD3, 0x00, 0x00, 0xFC, 0xB4, 0x00, 0x00, 0x00, 0x00, 0xFC, 0xB4, 0x00, 0x00, 0x00, 0x00,
  0xFC, 0xB4, 0x00, 0x00, 0x00, 0x00, 0xFC, 0xB4, 0x00, 0x00, 0x00, 0x00, 0xFC, 0xB4, 0x00, 0x00,
  0x00, 0x00, 0xFC, 0xB4, 0x00, 0x00, 0x00, 0x00, 0xFC, 0xB4, 0x00, 0x00, 0x00, 0x00, 0xFC, 0xB4,
  0x00, 0x00, 0x00, 0x00, 0xFC, 0xB4, 0x00, 0x00, 0x00, 0x00, 0xFC, 0xB4, 0x00, 0x00, 0x00, 0x00,
  0xFC, 0xB4, 0x00, 0x00, 0x00, 0x00, 0xFC, 0xB4, 0x00, 0x00, 0x00, 0x00, 0xFC, 0xB4, 0x00, 0x00,
  0x00, 0x00, 0xFC, 0xB4, 0x00, 0x00, 0x00, 0x00, 0xFC, 0xB4, 0x00, 0x00, 0x00, 0x00, 0xFC, 0xB4,
  0x00, 0x00, 0x00, 0x00, 0xFC, 0xB4, 0x00, 0x00, 0x00, 0x00, 0xFC, 0xB4, 0x00, 0x00, 0x00, 0x00,
  0xFC, 0xB4, 0x00, 0x00, 0x00, 0x00, 0xFC, 0xB4, 0x00, 0x00, 0x00, 0x00, 0xFC, 0xB4, 0x00, 0x00,
  0x80, 0xFB, 0xD8, 0x4F, 0x00, 0x00, 0x00, 0x80, 0xFF, 0xFF, 0xF8, 0x1C, 0x00, 0x00, 0x00, 0x11,
  0xAC, 0xFF, 0x5E, 0x00, 0x00, 0x00, 0x00, 0x5B, 0xFF, 0x75, 0x00, 0x00, 0x00, 0x00, 0x51, 0xFF,
  0x7D, 0x00, 0x00, 0x00, 0x00, 0x4F, 0xFF, 0x82, 0x00, 0x00, 0x00, 0x00, 0x45, 0xFF, 0x8F, 0x00,
  0x00, 0x00, 0x00, 0x25, 0xFF, 0xBA, 0x00, 0x00, 0x00, 0x00, 0x00, 0xCB, 0xFD, 0x66, 0x09, 0x00,
  0x00, 0x00, 0x1B, 0xBC, 0xFF, 0xB8, 0x00, 0x00, 0x00, 0x1D, 0xC4, 0xFF, 0xB8, 0x00, 0x00, 0x00,
  0xC9, 0xFE, 0x69, 0x0A, 0x00, 0x00, 0x23, 0xFF, 0xBA, 0x00, 0x00, 0x00, 0x00, 0x45, 0xFF, 0x8E,
  0x00, 0x00, 0x00, 0x00, 0x4D, 0xFF, 0x82, 0x00, 0x00, 0x00, 0x00, 0x50, 0xFF, 0x7E, 0x00, 0x00,
  0x00, 0x00, 0x5D, 0xFF, 0x7A, 0x00, 0x00, 0x00, 0x14, 0xB0, 0xFF, 0x62, 0x00, 0x00, 0x80, 0xFF,
  0xFF, 0xF5, 0x1C, 0x00, 0x00, 0x80, 0xFC, 0xD4, 0x47, 0x00, 0x00, 0x00, 0x00, 0x0A, 0x9A, 0xF0,
  0xEC, 0xA0, 0x29, 0x00, 0x00, 0x00, 0x00, 0x66, 0x00, 0x00, 0xB4, 0xFF, 0xFF, 0xFF, 0xFF, 0xFB,
  0x96, 0x22, 0x13, 0x89, 0xEB, 0x00, 0x10, 0xFA, 0x6A, 0x0C, 0x2C, 0x9D, 0xFC, 0xFF, 0xFF, 0xFF,
  0xFF, 0x89, 0x00, 0x0F, 0x5B, 0x00, 0x00, 0x00, 0x00, 0x2E, 0xAE, 0xEC, 0xEA, 0x80, 0x01, 0x00,
  0x00, 0x00, 0x00, 0x00, 0x00, 0x00, 0x00, 0x00, 0x00, 0x00, 0x00, 0x00, 0x00, 0x00, 0x00, 0x00,
  0x00, 0x00, 0x00, 0x00, 0x00, 0x00, 0x00, 0x00, 0x00, 0x00, 0x00, 0x00, 0x00, 0x00, 0x00, 0x00,
  0x00, 0x00, 0x00, 0x00, 0x00, 0x00, 0x00, 0x00, 0x00, 0x00, 0x00, 0x00, 0x00, 0x00, 0x00, 0x00,
  0x00, 0x00, 0x00, 0x00, 0x00, 0x00, 0x00, 0x00, 0x00, 0x00, 0x00, 0x00, 0x00, 0x00, 0x00, 0x00,
  0x00, 0x00, 0x00, 0x00, 0x00, 0x00, 0x00, 0x00, 0x00, 0x00, 0x00, 0x00, 0x00, 0x00, 0x00, 0x00,
  0x00, 0x00, 0x00, 0x05, 0xC0, 0xFF, 0xA5, 0x00, 0x00, 0x00, 0x00, 0x00, 0x00, 0x00, 0x00, 0x00,
  0x00, 0x00, 0x00, 0x00, 0x14, 0xDE, 0xFC, 0x24, 0x00, 0x00, 0x00, 0x00, 0x00, 0x00, 0x00, 0x00,
  0x00, 0x00, 0x00, 0x00, 0x00, 0x2C, 0xF2, 0x9D, 0x00, 0x00, 0x00, 0x00, 0x00, 0x00, 0x00, 0x00,
  0x00, 0x00, 0x00, 0x00, 0x00, 0x00, 0x00, 0x00, 0x00, 0x00, 0x00, 0x00, 0x00, 0x00, 0x00, 0x00,
  0x00, 0x00, 0x00, 0x00, 0x2C, 0xFF, 0xFF, 0x76, 0x00, 0x00, 0x00, 0x00, 0x00, 0x00, 0x00, 0x00,
  0x00, 0x00, 0x00, 0x00, 0x8D, 0xFF, 0xFF, 0xDC, 0x01, 0x00, 0x00, 0x00, 0x00, 0x00, 0x00, 0x00,
  0x00, 0x00, 0x00, 0x04, 0xE9, 0xF2, 0xC2, 0xFF, 0x44, 0x00, 0x00, 0x00, 0x00, 0x00, 0x00, 0x00,
  0x00, 0x00, 0x00, 0x4F, 0xFF, 0xB0, 0x66, 0xFF, 0xAB, 0x00, 0x00, 0x00, 0x00, 0x00, 0x00, 0x00,
  0x00, 0x00, 0x00, 0xB0, 0xFF, 0x5A, 0x10, 0xF8, 0xFA, 0x18, 0x00, 0x00, 0x00, 0x00, 0x00, 0x00,
  0x00, 0x00, 0x15, 0xFA, 0xEE, 0x09, 0x00, 0xA5, 0xFF, 0x79, 0x00, 0x00, 0x00, 0x00, 0x00, 0x00,
  0x00, 0x00, 0x71, 0xFF, 0x8D, 0x00, 0x00, 0x38, 0xFF, 0xDE, 0x02, 0x00, 0x00, 0x00, 0x00, 0x00,
  0x00, 0x00, 0xD1, 0xFE, 0x24, 0x00, 0x00, 0x00, 0xCB, 0xFF, 0x47, 0x00, 0x00, 0x00, 0x00, 0x00,
  0x00, 0x33, 0xFF, 0xB9, 0x00, 0x00, 0x00, 0x00, 0x5E, 0xFF, 0xAE, 0x00, 0x00, 0x00, 0x00, 0x00,
  0x00, 0x93, 0xFF, 0xFF, 0xFF, 0xFF, 0xFF, 0xFF, 0xFF, 0xFF, 0xFB, 0x1A, 0x00, 0x00, 0x00, 0x00,
  0x06, 0xED, 0xFF, 0xFF, 0xFF, 0xFF, 0xFF, 0xFF, 0xFF, 0xFF, 0xFF, 0x7C, 0x00, 0x00, 0x00, 0x00,
  0x55, 0xFF, 0xBB, 0x00, 0x00, 0x00, 0x00, 0x00, 0x00, 0x52, 0xFF, 0xE1, 0x02, 0x00, 0x00, 0x00,
  0xB6, 0xFF, 0x63, 0x00, 0x00, 0x00, 0x00, 0x00, 0x00, 0x06, 0xED, 0xFF, 0x4A, 0x00, 0x00, 0x19,
  0xFC, 0xFA, 0x11, 0x00, 0x00, 0x00, 0x00, 0x00, 0x00, 0x00, 0x96, 0xFF, 0xB1, 0x00, 0x00, 0x77,
  0xFF, 0xB3, 0x00, 0x00, 0x00, 0x00, 0x00, 0x00, 0x00, 0x00, 0x39, 0xFF, 0xFC, 0x1C, 0x00, 0xD7,
  0xFF, 0x5B, 0x00, 0x00, 0x00, 0x00, 0x00, 0x00, 0x00, 0x00, 0x00, 0xDA, 0xFF, 0x80, 0x00, 0x00,
  0x00, 0x00, 0x00, 0x00, 0x00, 0x0F, 0xF1, 0xFF, 0x5F, 0x00, 0x00, 0x00, 0x00, 0x00, 0x00, 0x00,
  0x00, 0x00, 0x00, 0x00, 0x00, 0x7A, 0xFF, 0x95, 0x00, 0x00, 0x00, 0x00, 0x00, 0x00, 0x00, 0x00,
  0x00, 0x00, 0x00, 0x00, 0x09, 0xE9, 0xC6, 0x06, 0x00, 0x00, 0x00, 0x00, 0x00, 0x00, 0x00, 0x00,
  0x00, 0x00, 0x00, 0x00, 0x00, 0x00, 0x00, 0x00, 0x00, 0x00, 0x00, 0x00, 0x00, 0x00, 0x00, 0x00,
  0x00, 0x00, 0x00, 0x00, 0x2C, 0xFF, 0xFF, 0x76, 0x00, 0x00, 0x00, 0x00, 0x00, 0x00, 0x00, 0x00,
  0x00, 0x00, 0x00, 0x00, 0x8D, 0xFF, 0xFF, 0xDC, 0x01, 0x00, 0x00, 0x00, 0x00, 0x00, 0x00, 0x00,
  0x00, 0x00, 0x00, 0x04, 0xE9, 0xF2, 0xC2, 0xFF, 0x44, 0x00, 0x00, 0x00, 0x00, 0x00, 0x00, 0x00,
  0x00, 0x00, 0x00, 0x4F, 0xFF, 0xB0, 0x66, 0xFF, 0xAB, 0x00, 0x00, 0x00, 0x00, 0x00, 0x00, 0x00,
  0x00, 0x00, 0x00, 0xB0, 0xFF, 0x5A, 0x10, 0xF8, 0xFA, 0x18, 0x00, 0x00, 0x00, 0x00, 0x00, 0x00,
  0x00, 0x00, 0x15, 0xFA, 0xEE, 0x09, 0x00, 0xA5, 0xFF, 0x79, 0x00, 0x00, 0x00, 0x00, 0x00, 0x00,
  0x00, 0x00, 0x71, 0xFF, 0x8D, 0x00, 0x00, 0x38, 0xFF, 0xDE, 0x02, 0x00, 0x00, 0x00, 0x00, 0x00,
  0x00, 0x00, 0xD1, 0xFE, 0x24, 0x00, 0x00, 0x00, 0xCB, 0xFF, 0x47, 0x00, 0x00, 0x00, 0x00, 0x00,
  0x00, 0x33, 0xFF, 0xB9, 0x00, 0x00, 0x00, 0x00, 0x5E, 0xFF, 0xAE, 0x00, 0x00, 0x00, 0x00, 0x00,
  0x00, 0x93, 0xFF, 0xFF, 0xFF, 0xFF, 0xFF, 0xFF, 0xFF, 0xFF, 0xFB, 0x1A, 0x00, 0x00, 0x00, 0x00,
  0x06, 0xED, 0xFF, 0xFF, 0xFF, 0xFF, 0xFF, 0xFF, 0xFF, 0xFF, 0xFF, 0x7C, 0x00, 0x00, 0x00, 0x00,
  0x55, 0xFF, 0xBB, 0x00, 0x00, 0x00, 0x00, 0x00, 0x00, 0x52, 0xFF, 0xE1, 0x02, 0x00, 0x00, 0x00,
  0xB6, 0xFF, 0x63, 0x00, 0x00, 0x00, 0x00, 0x00, 0x00, 0x06, 0xED, 0xFF, 0x4A, 0x00, 0x00, 0x19,
  0xFC, 0xFA, 0x11, 0x00, 0x00, 0x00, 0x00, 0x00, 0x00, 0x00, 0x96, 0xFF, 0xB1, 0x00, 0x00, 0x77,
  0xFF, 0xB3, 0x00, 0x00, 0x00, 0x00, 0x00, 0x00, 0x00, 0x00, 0x39, 0xFF, 0xFC, 0x1C, 0x00, 0xD7,
  0xFF, 0x5B, 0x00, 0x00, 0x00, 0x00, 0x00, 0x00, 0x00, 0x00, 0x00, 0xDA, 0xFF, 0x80, 0x00, 0x00,
  0x00, 0x00, 0x00, 0x00, 0x5B, 0xFF, 0xFF, 0x7E, 0x00, 0x00, 0x00, 0x00, 0x00, 0x00, 0x00, 0x00,
  0x00, 0x00, 0x00, 0x2C, 0xF5, 0xD1, 0x96, 0xFE, 0x4D, 0x00, 0x00, 0x00, 0x00, 0x00, 0x00, 0x00,
  0x00, 0x00, 0x0E, 0xDA, 0xFE, 0x3B, 0x10, 0xEA, 0xF1, 0x27, 0x00, 0x00, 0x00, 0x00, 0x00, 0x00,
  0x00, 0x00, 0x00, 0x00, 0x00, 0x00, 0x00, 0x00, 0x00, 0x00, 0x00, 0x00, 0x00, 0x00, 0x00, 0x00,
  0x00, 0x00, 0x00, 0x00, 0x2C, 0xFF, 0xFF, 0x76, 0x00, 0x00, 0x00, 0x00, 0x00, 0x00, 0x00, 0x00,
  0x00, 0x00, 0x00, 0x00, 0x8D, 0xFF, 0xFF, 0xDC, 0x01, 0x00, 0x00, 0x00, 0x00, 0x00, 0x00, 0x00,
  0x00, 0x00, 0x00, 0x04, 0xE9, 0xF2, 0xC2, 0xFF, 0x44, 0x00, 0x00, 0x00, 0x00, 0x00, 0x00, 0x00,
  0x00, 0x00, 0x00, 0x4F, 0xFF, 0xB0, 0x66, 0xFF, 0xAB, 0x00, 0x00, 0x00, 0x00, 0x00, 0x00, 0x00,
  0x00, 0x00, 0x00, 0xB0, 0xFF, 0x5A, 0x10, 0xF8, 0xFA, 0x18, 0x00, 0x00, 0x00, 0x00, 0x00, 0x00,
  0x00, 0x00, 0x15, 0xFA, 0xEE, 0x09, 0x00, 0xA5, 0xFF, 0x79, 0x00, 0x00, 0x00, 0x00, 0x00, 0x00,
  0x00, 0x00, 0x71, 0xFF, 0x8D, 0x00, 0x00, 0x38, 0xFF, 0xDE, 0x02, 0x00, 0x00, 0x00, 0x00, 0x00,
  0x00, 0x00, 0xD1, 0xFE, 0x24, 0x00, 0x00, 0x00, 0xCB, 0xFF, 0x47, 0x00, 0x00, 0x00, 0x00, 0x00,
  0x00, 0x33, 0xFF, 0xB9, 0x00, 0x00, 0x00, 0x00, 0x5E, 0xFF, 0xAE, 0x00, 0x00, 0x00, 0x00, 0x00,
  0x00, 0x93, 0xFF, 0xFF, 0xFF, 0xFF, 0xFF, 0xFF, 0xFF, 0xFF, 0xFB, 0x1A, 0x00, 0x00, 0x00, 0x00,
  0x06, 0xED, 0xFF, 0xFF, 0xFF, 0xFF, 0xFF, 0xFF, 0xFF, 0xFF, 0xFF, 0x7C, 0x00, 0x00, 0x00, 0x00,
  0x55, 0xFF, 0xBB, 0x00, 0x00, 0x00, 0x00, 0x00, 0x00, 0x52, 0xFF, 0xE1, 0x02, 0x00, 0x00, 0x00,
  0xB6, 0xFF, 0x63, 0x00, 0x00, 0x00, 0x00, 0x00, 0x00, 0x06, 0xED, 0xFF, 0x4A, 0x00, 0x00, 0x19,
  0xFC, 0xFA, 0x11, 0x00, 0x00, 0x00, 0x00, 0x00, 0x00, 0x00, 0x96, 0xFF, 0xB1, 0x00, 0x00, 0x77,
  0xFF, 0xB3, 0x00, 0x00, 0x00, 0x00, 0x00, 0x00, 0x00, 0x00, 0x39, 0xFF, 0xFC, 0x1C, 0x00, 0xD7,
  0xFF, 0x5B, 0x00, 0x00, 0x00, 0x00, 0x00, 0x00, 0x00, 0x00, 0x00, 0xDA, 0xFF, 0x80, 0x00, 0x00,
  0x00, 0x00, 0x00, 0x4E, 0xE6, 0xDE, 0x78, 0x15, 0xA5, 0xDE, 0x00, 0x00, 0x00, 0x00, 0x00, 0x00,
  0x00, 0x00, 0x0A, 0xED, 0xFF, 0xFF, 0xFF, 0xFF, 0xFF, 0xA8, 0x00, 0x00, 0x00, 0x00, 0x00, 0x00,
  0x00, 0x00, 0x31, 0xFF, 0x64, 0x27, 0x99, 0xED, 0xCF, 0x22, 0x00, 0x00, 0x00, 0x00, 0x00, 0x00,
  0x00, 0x00, 0x00, 0x00, 0x00, 0x00, 0x00, 0x00, 0x00, 0x00, 0x00, 0x00, 0x00, 0x00, 0x00, 0x00,
  0x00, 0x00, 0x00, 0x00, 0x2C, 0xFF, 0xFF, 0x76, 0x00, 0x00, 0x00, 0x00, 0x00, 0x00, 0x00, 0x00,
  0x00, 0x00, 0x00, 0x00, 0x8D, 0xFF, 0xFF, 0xDC, 0x01, 0x00, 0x00, 0x00, 0x00, 0x00, 0x00, 0x00,
  0x00, 0x00, 0x00, 0x04, 0xE9, 0xF2, 0xC2, 0xFF, 0x44, 0x00, 0x00, 0x00, 0x00, 0x00, 0x00, 0x00,
  0x00, 0x00, 0x00, 0x4F, 0xFF, 0xB0, 0x66, 0xFF, 0xAB, 0x00, 0x00, 0x00, 0x00, 0x00, 0x00, 0x00,
  0x00, 0x00, 0x00, 0xB0, 0xFF, 0x5A, 0x10, 0xF8, 0xFA, 0x18, 0x00, 0x00, 0x00, 0x00, 0x00, 0x00,
  0x00, 0x00, 0x15, 0xFA, 0xEE, 0x09, 0x00, 0xA5, 0xFF, 0x79, 0x00, 0x00, 0x00, 0x00, 0x00, 0x00,
  0x00, 0x00, 0x71, 0xFF, 0x8D, 0x00, 0x00, 0x38, 0xFF, 0xDE, 0x02, 0x00, 0x00, 0x00, 0x00, 0x00,
  0x00, 0x00, 0xD1, 0xFE, 0x24, 0x00, 0x00, 0x00, 0xCB, 0xFF, 0x47, 0x00, 0x00, 0x00, 0x00, 0x00,
  0x00, 0x33, 0xFF, 0xB9, 0x00, 0x00, 0x00, 0x00, 0x5E, 0xFF, 0xAE, 0x00, 0x00, 0x00, 0x00, 0x00,
  0x00, 0x93, 0xFF, 0xFF, 0xFF, 0xFF, 0xFF, 0xFF, 0xFF, 0xFF, 0xFB, 0x1A, 0x00, 0x00, 0x00, 0x00,
  0x06, 0xED, 0xFF, 0xFF, 0xFF, 0xFF, 0xFF, 0xFF, 0xFF, 0xFF, 0xFF, 0x7C, 0x00, 0x00, 0x00, 0x00,
  0x55, 0xFF, 0xBB, 0x00, 0x00, 0x00, 0x00, 0x00, 0x00, 0x52, 0xFF, 0xE1, 0x02, 0x00, 0x00, 0x00,
  0xB6, 0xFF, 0x63, 0x00, 0x00, 0x00, 0x00, 0x00, 0x00, 0x06, 0xED, 0xFF, 0x4A, 0x00, 0x00, 0x19,
  0xFC, 0xFA, 0x11, 0x00, 0x00, 0x00, 0x00, 0x00, 0x00, 0x00, 0x96, 0xFF, 0xB1, 0x00, 0x00, 0x77,
  0xFF, 0xB3, 0x00, 0x00, 0x00, 0x00, 0x00, 0x00, 0x00, 0x00, 0x39, 0xFF, 0xFC, 0x1C, 0x00, 0xD7,
  0xFF, 0x5B, 0x00, 0x00, 0x00, 0x00, 0x00, 0x00, 0x00, 0x00, 0x00, 0xDA, 0xFF, 0x80, 0x00, 0x00,
  0x00, 0x00, 0x00, 0x7F, 0xFF, 0xE5, 0x07, 0x00, 0x00, 0x00, 0x00, 0x00, 0x00, 0x00, 0x00, 0x00,
  0x00, 0x00, 0x01, 0xA9, 0xFF, 0x69, 0x00, 0x00, 0x00, 0x00, 0x00, 0x00, 0x00, 0x00, 0x00, 0x00,
  0x00, 0x00, 0x09, 0xCC, 0xE0, 0x05, 0x00, 0x00, 0x00, 0x00, 0x00, 0x00, 0x00, 0x00, 0x00, 0x00,
  0x00, 0x00, 0x00, 0x00, 0x00, 0x00, 0x00, 0x00, 0x00, 0x00, 0x00, 0x44, 0xFF, 0xFF, 0xFF, 0xFF,
  0xFF, 0xFF, 0xFF, 0xFF, 0xFF, 0xFF, 0xFF, 0x20, 0x00, 0x00, 0x44, 0xFF, 0xFF, 0xFF, 0xFF, 0xFF,
  0xFF, 0xFF, 0xFF, 0xFF, 0xFF, 0xFF, 0x20, 0x00, 0x00, 0x44, 0xFF, 0xD4, 0x00, 0x00, 0x00, 0x00,
  0x00, 0x00, 0x00, 0x00, 0x00, 0x00, 0x00, 0x00, 0x44, 0xFF, 0xD4, 0x00, 0x00, 0x00, 0x00, 0x00,
  0x00, 0x00, 0x00, 0x00, 0x00, 0x00, 0x00, 0x44, 0xFF, 0xD4, 0x00, 0x00, 0x00, 0x00, 0x00, 0x00,
  0x00, 0x00, 0x00, 0x00, 0x00, 0x00, 0x44, 0xFF, 0xD4, 0x00, 0x00, 0x00, 0x00, 0x00, 0x00, 0x00,
  0x00, 0x00, 0x00, 0x00, 0x00, 0x44, 0xFF, 0xD4, 0x00, 0x00, 0x00, 0x00, 0x00, 0x00, 0x00, 0x00,
  0x00, 0x00, 0x00, 0x00, 0x44, 0xFF, 0xFF, 0xFF, 0xFF, 0xFF, 0xFF, 0xFF, 0xFF, 0xFF, 0xFF, 0x88,
  0x00, 0x00, 0x00, 0x44, 0xFF, 0xFF, 0xFF, 0xFF, 0xFF, 0xFF, 0xFF, 0xFF, 0xFF, 0xFF, 0x88, 0x00,
  0x00, 0x00, 0x44, 0xFF, 0xD4, 0x00, 0x00, 0x00, 0x00, 0x00, 0x00, 0x00, 0x00, 0x00, 0x00, 0x00,
  0x00, 0x44, 0xFF, 0xD4, 0x00, 0x00, 0x00, 0x00, 0x00, 0x00, 0x00, 0x00, 0x00, 0x00, 0x00, 0x00,
  0x44, 0xFF, 0xD4, 0x00, 0x00, 0x00, 0x00, 0x00, 0x00, 0x00, 0x00, 0x00, 0x00, 0x00, 0x00, 0x44,
  0xFF, 0xD4, 0x00, 0x00, 0x00, 0x00, 0x00, 0x00, 0x00, 0x00, 0x00, 0x00, 0x00, 0x00, 0x44, 0xFF,
  0xD4, 0x00, 0x00, 0x00, 0x00, 0x00, 0x00, 0x00, 0x00, 0x00, 0x00, 0x00, 0x00, 0x44, 0xFF, 0xFF,
  0xFF, 0xFF, 0xFF, 0xFF, 0xFF, 0xFF, 0xFF, 0xFF, 0xFF, 0x80, 0x00, 0x00, 0x44, 0xFF, 0xFF, 0xFF,
  0xFF, 0xFF, 0xFF, 0xFF, 0xFF, 0xFF, 0xFF, 0xFF, 0x80, 0x00, 0x00, 0x00, 0x00, 0x00, 0x00, 0x00,
  0x00, 0xC4, 0xFF, 0x9A, 0x00, 0x00, 0x00, 0x00, 0x00, 0x00, 0x00, 0x00, 0x00, 0x00, 0x00, 0x3E,
  0xFF, 0xCA, 0x07, 0x00, 0x00, 0x00, 0x00, 0x00, 0x00, 0x00, 0x00, 0x00, 0x00, 0x00, 0xB7, 0xEB,
  0x1D, 0x00, 0x00, 0x00, 0x00, 0x00, 0x00, 0x00, 0x00, 0x00, 0x00, 0x00, 0x00, 0x00, 0x00, 0x00,
  0x00, 0x00, 0x00, 0x00, 0x00, 0x00, 0x00, 0x44, 0xFF, 0xFF, 0xFF, 0xFF, 0xFF, 0xFF, 0xFF, 0xFF,
  0xFF, 0xFF, 0xFF, 0x20, 0x00, 0x00, 0x44, 0xFF, 0xFF, 0xFF, 0xFF, 0xFF, 0xFF, 0xFF, 0xFF, 0xFF,
  0xFF, 0xFF, 0x20, 0x00, 0x00, 0x44, 0xFF, 0xD4, 0x00, 0x00, 0x00, 0x00, 0x00, 0x00, 0x00, 0x00,
  0x00, 0x00, 0x00, 0x00, 0x44, 0xFF, 0xD4, 0x00, 0x00, 0x00, 0x00, 0x00, 0x00, 0x00, 0x00, 0x00,
  0x00, 0x00, 0x00, 0x44, 0xFF, 0xD4, 0x00, 0x00, 0x00, 0x00, 0x00, 0x00, 0x00, 0x00, 0x00, 0x00,
  0x00, 0x00, 0x44, 0xFF, 0xD4, 0x00, 0x00, 0x00, 0x00, 0x00, 0x00, 0x00, 0x00, 0x00, 0x00, 0x00,
  0x00, 0x44, 0xFF, 0xD4, 0x00, 0x00, 0x00, 0x00, 0x00, 0x00, 0x00, 0x00, 0x00, 0x00, 0x00, 0x00,
  0x44, 0xFF, 0xFF, 0xFF, 0xFF, 0xFF, 0xFF, 0xFF, 0xFF, 0xFF, 0xFF, 0x88, 0x00, 0x00, 0x00, 0x44,
  0xFF, 0xFF, 0xFF, 0xFF, 0xFF, 0xFF, 0xFF, 0xFF, 0xFF, 0xFF, 0x88, 0x00, 0x00, 0x00, 0x44, 0xFF,
  0xD4, 0x00, 0x00, 0x00, 0x00, 0x00, 0x00, 0x00, 0x00, 0x00, 0x00, 0x00, 0x00, 0x44, 0xFF, 0xD4,
  0x00, 0x00, 0x00, 0x00, 0x00, 0x00, 0x00, 0x00, 0x00, 0x00, 0x00, 0x00, 0x44, 0xFF, 0xD4, 0x00,
  0x00, 0x00, 0x00, 0x00, 0x00, 0x00, 0x00, 0x00, 0x00, 0x00, 0x00, 0x44, 0xFF, 0xD4, 0x00, 0x00,
  0x00, 0x00, 0x00, 0x00, 0x00, 0x00, 0x00, 0x00, 0x00, 0x00, 0x44, 0xFF, 0xD4, 0x00, 0x00, 0x00,
  0x00, 0x00, 0x00, 0x00, 0x00, 0x00, 0x00, 0x00, 0x00, 0x44, 0xFF, 0xFF, 0xFF, 0xFF, 0xFF, 0xFF,
  0xFF, 0xFF, 0xFF, 0xFF, 0xFF, 0x80, 0x00, 0x00, 0x44, 0xFF, 0xFF, 0xFF, 0xFF, 0xFF, 0xFF, 0xFF,
  0xFF, 0xFF, 0xFF, 0xFF, 0x80, 0x00, 0x00, 0x00, 0x00, 0x00, 0x00, 0x0C, 0xD7, 0xFF, 0xE1, 0x15,
  0x00, 0x00, 0x00, 0x00, 0x00, 0x00, 0x00, 0x00, 0x00, 0x00, 0xA9, 0xFF, 0x6F, 0xF7, 0xBF, 0x04,
  0x00, 0x00, 0x00, 0x00, 0x00, 0x00, 0x00, 0x00, 0x71, 0xFF, 0xB1, 0x00, 0x83, 0xFF, 0x91, 0x00,
  0x00, 0x00, 0x00, 0x00, 0x00, 0x00, 0x00, 0x00, 0x00, 0x00, 0x00, 0x00, 0x00, 0x00, 0x00, 0x00,
  0x00, 0x00, 0x00, 0x44, 0xFF, 0xFF, 0xFF, 0xFF, 0xFF, 0xFF, 0xFF, 0xFF, 0xFF, 0xFF, 0xFF, 0x20,
  0x00, 0x00, 0x44, 0xFF, 0xFF, 0xFF, 0xFF, 0xFF, 0xFF, 0xFF, 0xFF, 0xFF, 0xFF, 0xFF, 0x20, 0x00,
  0x00, 0x44, 0xFF, 0xD4, 0x00, 0x00, 0x00, 0x00, 0x00, 0x00, 0x00, 0x00, 0x00, 0x00, 0x00, 0x00,
  0x44, 0xFF, 0xD4, 0x00, 0x00, 0x00, 0x00, 0x00, 0x00, 0x00, 0x00, 0x00, 0x00, 0x00, 0x00, 0x44,
  0xFF, 0xD4, 0x00, 0x00, 0x00, 0x00, 0x00, 0x00, 0x00, 0x00, 0x00, 0x00, 0x00, 0x00, 0x44, 0xFF,
  0xD4, 0x00, 0x00, 0x00, 0x00, 0x00, 0x00, 0x00, 0x00, 0x00, 0x00, 0x00, 0x00, 0x44, 0xFF, 0xD4,
  0x00, 0x00, 0x00, 0x00, 0x00, 0x00, 0x00, 0x00, 0x00, 0x00, 0x00, 0x00, 0x44, 0xFF, 0xFF, 0xFF,
  0xFF, 0xFF, 0xFF, 0xFF, 0xFF, 0xFF, 0xFF, 0x88, 0x00, 0x00, 0x00, 0x44, 0xFF, 0xFF, 0xFF, 0xFF,
  0xFF, 0xFF, 0xFF, 0xFF, 0xFF, 0xFF, 0x88, 0x00, 0x00, 0x00, 0x44, 0xFF, 0xD4, 0x00, 0x00, 0x00,
  0x00, 0x00, 0x00, 0x00, 0x00, 0x00, 0x00, 0x00, 0x00, 0x44, 0xFF, 0xD4, 0x00, 0x00, 0x00, 0x00,
  0x00, 0x00, 0x00, 0x00, 0x00, 0x00, 0x00, 0x00, 0x44, 0xFF, 0xD4, 0x00, 0x00, 0x00, 0x00, 0x00,
  0x00, 0x00, 0x00, 0x00, 0x00, 0x00, 0x00, 0x44, 0xFF, 0xD4, 0x00, 0x00, 0x00, 0x00, 0x00, 0x00,
  0x00, 0x00, 0x00, 0x00, 0x00, 0x00, 0x44, 0xFF, 0xD4, 0x00, 0x00, 0x00, 0x00, 0x00, 0x00, 0x00,
  0x00, 0x00, 0x00, 0x00, 0x00, 0x44, 0xFF, 0xFF, 0xFF, 0xFF, 0xFF, 0xFF, 0xFF, 0xFF, 0xFF, 0xFF,
  0xFF, 0x80, 0x00, 0x00, 0x44, 0xFF, 0xFF, 0xFF, 0xFF, 0xFF, 0xFF, 0xFF, 0xFF, 0xFF, 0xFF, 0xFF,
  0x80, 0x00, 0x1B, 0xE6, 0xFF, 0x69, 0x00, 0x00, 0x00, 0x36, 0xF7, 0xE0, 0x05, 0x00, 0x00, 0x00,
  0x5B, 0xFF, 0x61, 0x00, 0x00, 0x00, 0x00, 0x00, 0x00, 0x00, 0x00, 0x00, 0xF4, 0xFF, 0x24, 0x00,
  0x00, 0x00, 0xF4, 0xFF, 0x24, 0x00, 0x00, 0x00, 0xF4, 0xFF, 0x24, 0x00, 0x00, 0x00, 0xF4, 0xFF,
  0x24, 0x00, 0x00, 0x00, 0xF4, 0xFF, 0x24, 0x00, 0x00, 0x00, 0xF4, 0xFF, 0x24, 0x00, 0x00, 0x00,
  0xF4, 0xFF, 0x24, 0x00, 0x00, 0x00, 0xF4, 0xFF, 0x24, 0x00, 0x00, 0x00, 0xF4, 0xFF, 0x24, 0x00,
  0x00, 0x00, 0xF4, 0xFF, 0x24, 0x00, 0x00, 0x00, 0xF4, 0xFF, 0x24, 0x00, 0x00, 0x00, 0xF4, 0xFF,
  0x24, 0x00, 0x00, 0x00, 0xF4, 0xFF, 0x24, 0x00, 0x00, 0x00, 0xF4, 0xFF, 0x24, 0x00, 0x00, 0x00,
  0xF4, 0xFF, 0x24, 0x00, 0x00, 0x00, 0xF4, 0xFF, 0x24, 0x00, 0x00, 0x00, 0x4D, 0xFF, 0xEF, 0x23,
  0x00, 0x00, 0xC6, 0xFE, 0x4B, 0x00, 0x00, 0x3F, 0xFF, 0x80, 0x00, 0x00, 0x00, 0x00, 0x00, 0x00,
  0x00, 0x00, 0x00, 0x00, 0xF4, 0xFF, 0x24, 0x00, 0x00, 0x00, 0xF4, 0xFF, 0x24, 0x00, 0x00, 0x00,
  0xF4, 0xFF, 0x24, 0x00, 0x00, 0x00, 0xF4, 0xFF, 0x24, 0x00, 0x00, 0x00, 0xF4, 0xFF, 0x24, 0x00,
  0x00, 0x00, 0xF4, 0xFF, 0x24, 0x00, 0x00, 0x00, 0xF4, 0xFF, 0x24, 0x00, 0x00, 0x00, 0xF4, 0xFF,
  0x24, 0x00, 0x00, 0x00, 0xF4, 0xFF, 0x24, 0x00, 0x00, 0x00, 0xF4, 0xFF, 0x24, 0x00, 0x00, 0x00,
  0xF4, 0xFF, 0x24, 0x00, 0x00, 0x00, 0xF4, 0xFF, 0x24, 0x00, 0x00, 0x00, 0xF4, 0xFF, 0x24, 0x00,
  0x00, 0x00, 0xF4, 0xFF, 0x24, 0x00, 0x00, 0x00, 0xF4, 0xFF, 0x24, 0x00, 0x00, 0x00, 0xF4, 0xFF,
  0x24, 0x00, 0x00, 0x00, 0x00, 0x00, 0x00, 0x06, 0xC4, 0xFF, 0xA1, 0x00, 0x00, 0x00, 0x00, 0x00,
  0x00, 0x00, 0x00, 0x00, 0x00, 0x00, 0x00, 0x00, 0x00, 0x15, 0xE0, 0xFB, 0x21, 0x00, 0x00, 0x00,
  0x00, 0x00, 0x00, 0x00, 0x00, 0x00, 0x00, 0x00, 0x00, 0x00, 0x00, 0x2E, 0xF3, 0x99, 0x00, 0x00,
  0x00, 0x00, 0x00, 0x00, 0x00, 0x00, 0x00, 0x00, 0x00, 0x00, 0x00, 0x00, 0x00, 0x00, 0x00, 0x00,
  0x00, 0x00, 0x00, 0x00, 0x00, 0x00, 0x00, 0x00, 0x00, 0x00, 0x04, 0x62, 0xB6, 0xE7, 0xFA, 0xEF,
  0xC4, 0x73, 0x0D, 0x00, 0x00, 0x00, 0x00, 0x00, 0x00, 0x00, 0x27, 0xD7, 0xFF, 0xFF, 0xFF, 0xFF,
  0xFF, 0xFF, 0xFF, 0xE5, 0x39, 0x00, 0x00, 0x00, 0x00, 0x00, 0x22, 0xED, 0xFF, 0xE0, 0x69, 0x1F,
  0x06, 0x1D, 0x5C, 0xD1, 0xFF, 0xF9, 0x40, 0x00, 0x00, 0x00, 0x00, 0xC9, 0xFF, 0xBF, 0x0E, 0x00,
  0x00, 0x00, 0x00, 0x00, 0x07, 0xA9, 0xFF, 0xE1, 0x0E, 0x00, 0x00, 0x46, 0xFF, 0xF2, 0x13, 0x00,
  0x00, 0x00, 0x00, 0x00, 0x00, 0x00, 0x0B, 0xDF, 0xFF, 0x6C, 0x00, 0x00, 0x97, 0xFF, 0x98, 0x00,
  0x00, 0x00, 0x00, 0x00, 0x00, 0x00, 0x00, 0x00, 0x78, 0xFF, 0xC5, 0x00, 0x00, 0xCE, 0xFF, 0x5D,
  0x00, 0x00, 0x00, 0x00, 0x00, 0x00, 0x00, 0x00, 0x00, 0x30, 0xFF, 0xF6, 0x00, 0x00, 0xE4, 0xFF,
  0x43, 0x00, 0x00, 0x00, 0x00, 0x00, 0x00, 0x00, 0x00, 0x00, 0x15, 0xFF, 0xFF, 0x11, 0x00, 0xE6,
  0xFF, 0x3D, 0x00, 0x00, 0x00, 0x00, 0x00, 0x00, 0x00, 0x00, 0x00, 0x11, 0xFF, 0xFF, 0x12, 0x00,
  0xCA, 0xFF, 0x55, 0x00, 0x00, 0x00, 0x00, 0x00, 0x00, 0x00, 0x00, 0x00, 0x2C, 0xFF, 0xF6, 0x00,
  0x00, 0x97, 0xFF, 0x95, 0x00, 0x00, 0x00, 0x00, 0x00, 0x00, 0x00, 0x00, 0x00, 0x6C, 0xFF, 0xC8,
  0x00, 0x00, 0x3C, 0xFF, 0xF3, 0x18, 0x00, 0x00, 0x00, 0x00, 0x00, 0x00, 0x00, 0x07, 0xD9, 0xFF,
  0x6C, 0x00, 0x00, 0x00, 0xBA, 0xFF, 0xC7, 0x11, 0x00, 0x00, 0x00, 0x00, 0x00, 0x05, 0xA4, 0xFF,
  0xE4, 0x10, 0x00, 0x00, 0x00, 0x1C, 0xE9, 0xFF, 0xE1, 0x67, 0x1D, 0x05, 0x16, 0x55, 0xCD, 0xFF,
  0xFC, 0x41, 0x00, 0x00, 0x00, 0x00, 0x00, 0x1F, 0xCF, 0xFF, 0xFF, 0xFF, 0xFF, 0xFF, 0xFF, 0xFF,
  0xE5, 0x3E, 0x00, 0x00, 0x00, 0x00, 0x00, 0x00, 0x00, 0x05, 0x61, 0xB9, 0xEB, 0xFB, 0xE4, 0xBF,
  0x67, 0x0D, 0x00, 0x00, 0x00, 0x00, 0x00, 0x00, 0x00, 0x00, 0x00, 0x00, 0x00, 0x00, 0x89, 0xFF,
  0xCE, 0x08, 0x00, 0x00, 0x00, 0x00, 0x00, 0x00, 0x00, 0x00, 0x00, 0x00, 0x00, 0x00, 0x10, 0xF1,
  0xED, 0x20, 0x00, 0x00, 0x00, 0x00, 0x00, 0x00, 0x00, 0x00, 0x00, 0x00, 0x00, 0x00, 0x00, 0x7B,
  0xFD, 0x47, 0x00, 0x00, 0x00, 0x00, 0x00, 0x00, 0x00, 0x00, 0x00, 0x00, 0x00, 0x00, 0x00, 0x00,
  0x00, 0x00, 0x00, 0x00, 0x00, 0x00, 0x00, 0x00, 0x00, 0x00, 0x00, 0x00, 0x00, 0x00, 0x04, 0x62,
  0xB6, 0xE7, 0xFA, 0xEF, 0xC4, 0x73, 0x0D, 0x00, 0x00, 0x00, 0x00, 0x00, 0x00, 0x00, 0x27, 0xD7,
  0xFF, 0xFF, 0xFF, 0xFF, 0xFF, 0xFF, 0xFF, 0xE5, 0x39, 0x00, 0x00, 0x00, 0x00, 0x00, 0x22, 0xED,
  0xFF, 0xE0, 0x69, 0x1F, 0x06, 0x1D, 0x5C, 0xD1, 0xFF, 0xF9, 0x40, 0x00, 0x00, 0x00, 0x00, 0xC9,
  0xFF, 0xBF, 0x0E, 0x00, 0x00, 0x00, 0x00, 0x00, 0x07, 0xA9, 0xFF, 0xE1, 0x0E, 0x00, 0x00, 0x46,
  0xFF, 0xF2, 0x13, 0x00, 0x00, 0x00, 0x00, 0x00, 0x00, 0x00, 0x0B, 0xDF, 0xFF, 0x6C, 0x00, 0x00,
  0x97, 0xFF, 0x98, 0x00, 0x00, 0x00, 0x00, 0x00, 0x00, 0x00, 0x00, 0x00, 0x78, 0xFF, 0xC5, 0x00,
  0x00, 0xCE, 0xFF, 0x5D, 0x00, 0x00, 0x00, 0x00, 0x00, 0x00, 0x00, 0x00, 0x00, 0x30, 0xFF, 0xF6,
  0x00, 0x00, 0xE4, 0xFF, 0x43, 0x00, 0x00, 0x00, 0x00, 0x00, 0x00, 0x00, 0x00, 0x00, 0x15, 0xFF,
  0xFF, 0x11, 0x00, 0xE6, 0xFF, 0x3D, 0x00, 0x00, 0x00, 0x00, 0x00, 0x00, 0x00, 0x00, 0x00, 0x11,
  0xFF, 0xFF, 0x12, 0x00, 0xCA, 0xFF, 0x55, 0x00, 0x00, 0x00, 0x00, 0x00, 0x00, 0x00, 0x00, 0x00,
  0x2C, 0xFF, 0xF6, 0x00, 0x00, 0x97, 0xFF, 0x95, 0x00, 0x00, 0x00, 0x00, 0x00, 0x00, 0x00, 0x00,
  0x00, 0x6C, 0xFF, 0xC8, 0x00, 0x00, 0x3C, 0xFF, 0xF3, 0x18, 0x00, 0x00, 0x00, 0x00, 0x00, 0x00,
  0x00, 0x07, 0xD9, 0xFF, 0x6C, 0x00, 0x00, 0x00, 0xBA, 0xFF, 0xC7, 0x11, 0x00, 0x00, 0x00, 0x00,
  0x00, 0x05, 0xA4, 0xFF, 0xE4, 0x10, 0x00, 0x00, 0x00, 0x1C, 0xE9, 0xFF, 0xE1, 0x67, 0x1D, 0x05,
  0x16, 0x55, 0xCD, 0xFF, 0xFC, 0x41, 0x00, 0x00, 0x00, 0x00, 0x00, 0x1F, 0xCF, 0xFF, 0xFF, 0xFF,
  0xFF, 0xFF, 0xFF, 0xFF, 0xE5, 0x3E, 0x00, 0x00, 0x00, 0x00, 0x00, 0x00, 0x00, 0x05, 0x61, 0xB9,
  0xEB, 0xFB, 0xE4, 0xBF, 0x67, 0x0D, 0x00, 0x00, 0x00, 0x00, 0x00, 0x00, 0x00, 0x00, 0x00, 0x00,
  0x0F, 0xDB, 0xFF, 0xDC, 0x11, 0x00, 0x00, 0x00, 0x00, 0x00, 0x00, 0x00, 0x00, 0x00, 0x00, 0x00,
  0x01, 0xB0, 0xFF, 0x6D, 0xFA, 0xB8, 0x02, 0x00, 0x00, 0x00, 0x00, 0x00, 0x00, 0x00, 0x00, 0x00,
  0x00, 0x79, 0xFF, 0xA9, 0x00, 0x8B, 0xFF, 0x89, 0x00, 0x00, 0x00, 0x00, 0x00, 0x00, 0x00, 0x00,
  0x00, 0x00, 0x00, 0x00, 0x00, 0x00, 0x00, 0x00, 0x00, 0x00, 0x00, 0x00, 0x00, 0x00, 0x00, 0x00,
  0x00, 0x00, 0x04, 0x62, 0xB6, 0xE7, 0xFA, 0xEF, 0xC4, 0x73, 0x0D, 0x00, 0x00, 0x00, 0x00, 0x00,
  0x00, 0x00, 0x27, 0xD7, 0xFF, 0xFF, 0xFF, 0xFF, 0xFF, 0xFF, 0xFF, 0xE5, 0x39, 0x00, 0x00, 0x00,
  0x00, 0x00, 0x22, 0xED, 0xFF, 0xE0, 0x69, 0x1F, 0x06, 0x1D, 0x5C, 0xD1, 0xFF, 0xF9, 0x40, 0x00,
  0x00, 0x00, 0x00, 0xC9, 0xFF, 0xBF, 0x0E, 0x00, 0x00, 0x00, 0x00, 0x00, 0x07, 0xA9, 0xFF, 0xE1,
  0x0E, 0x00, 0x00, 0x46, 0xFF, 0xF2, 0x13, 0x00, 0x00, 0x00, 0x00, 0x00, 0x00, 0x00, 0x0B, 0xDF,
  0xFF, 0x6C, 0x00, 0x00, 0x97, 0xFF, 0x98, 0x00, 0x00, 0x00, 0x00, 0x00, 0x00, 0x00, 0x00, 0x00,
  0x78, 0xFF, 0xC5, 0x00, 0x00, 0xCE, 0xFF, 0x5D, 0x00, 0x00, 0x00, 0x00, 0x00, 0x00, 0x00, 0x00,
  0x00, 0x30, 0xFF, 0xF6, 0x00, 0x00, 0xE4, 0xFF, 0x43, 0x00, 0x00, 0x00, 0x00, 0x00, 0x00, 0x00,
  0x00, 0x00, 0x15, 0xFF, 0xFF, 0x11, 0x00, 0xE6, 0xFF, 0x3D, 0x00, 0x00, 0x00, 0x00, 0x00, 0x00,
  0x00, 0x00, 0x00, 0x11, 0xFF, 0xFF, 0x12, 0x00, 0xCA, 0xFF, 0x55, 0x00, 0x00, 0x00, 0x00, 0x00,
  0x00, 0x00, 0x00, 0x00, 0x2C, 0xFF, 0xF6, 0x00, 0x00, 0x97, 0xFF, 0x95, 0x00, 0x00, 0x00, 0x00,
  0x00, 0x00, 0x00, 0x00, 0x00, 0x6C, 0xFF, 0xC8, 0x00, 0x00, 0x3C, 0xFF, 0xF3, 0x18, 0x00, 0x00,
  0x00, 0x00, 0x00, 0x00, 0x00, 0x07, 0xD9, 0xFF, 0x6C, 0x00, 0x00, 0x00, 0xBA, 0xFF, 0xC7, 0x11,
  0x00, 0x00, 0x00, 0x00, 0x00, 0x05, 0xA4, 0xFF, 0xE4, 0x10, 0x00, 0x00, 0x00, 0x1C, 0xE9, 0xFF,
  0xE1, 0x67, 0x1D, 0x05, 0x16, 0x55, 0xCD, 0xFF, 0xFC, 0x41, 0x00, 0x00, 0x00, 0x00, 0x00, 0x1F,
  0xCF, 0xFF, 0xFF, 0xFF, 0xFF, 0xFF, 0xFF, 0xFF, 0xE5, 0x3E, 0x00, 0x00, 0x00, 0x00, 0x00, 0x00,
  0x00, 0x05, 0x61, 0xB9, 0xEB, 0xFB, 0xE4, 0xBF, 0x67, 0x0D, 0x00, 0x00, 0x00, 0x00, 0x00, 0x00,
  0x00, 0x00, 0x00, 0x24, 0xCE, 0xED, 0x97, 0x25, 0x64, 0xFF, 0x22, 0x00, 0x00, 0x00, 0x00, 0x00,
  0x00, 0x00, 0x00, 0x00, 0xB3, 0xFF, 0xFF, 0xFF, 0xFF, 0xFF, 0xE7, 0x04, 0x00, 0x00, 0x00, 0x00,
  0x00, 0x00, 0x00, 0x00, 0x00, 0xED, 0xA4, 0x16, 0x7A, 0xDF, 0xE7, 0x4D, 0x00, 0x00, 0x00, 0x00,
  0x00, 0x00, 0x00, 0x00, 0x00, 0x00, 0x00, 0x00, 0x00, 0x00, 0x00, 0x00, 0x00, 0x00, 0x00, 0x00,
  0x00, 0x00, 0x00, 0x00, 0x00, 0x00, 0x04, 0x62, 0xB6, 0xE7, 0xFA, 0xEF, 0xC4, 0x73, 0x0D, 0x00,
  0x00, 0x00, 0x00, 0x00, 0x00, 0x00, 0x27, 0xD7, 0xFF, 0xFF, 0xFF, 0xFF, 0xFF, 0xFF, 0xFF, 0xE5,
  0x39, 0x00, 0x00, 0x00, 0x00, 0x00, 0x22, 0xED, 0xFF, 0xE0, 0x69, 0x1F, 0x06, 0x1D, 0x5C, 0xD1,
  0xFF, 0xF9, 0x40, 0x00, 0x00, 0x00, 0x00, 0xC9, 0xFF, 0xBF, 0x0E, 0x00, 0x00, 0x00, 0x00, 0x00,
  0x07, 0xA9, 0xFF, 0xE1, 0x0E, 0x00, 0x00, 0x46, 0xFF, 0xF2, 0x13, 0x00, 0x00, 0x00, 0x00, 0x00,
  0x00, 0x00, 0x0B, 0xDF, 0xFF, 0x6C, 0x00, 0x00, 0x97, 0xFF, 0x98, 0x00, 0x00, 0x00, 0x00, 0x00,
  0x00, 0x00, 0x00, 0x00, 0x78, 0xFF, 0xC5, 0x00, 0x00, 0xCE, 0xFF, 0x5D, 0x00, 0x00, 0x00, 0x00,
  0x00, 0x00, 0x00, 0x00, 0x00, 0x30, 0xFF, 0xF6, 0x00, 0x00, 0xE4, 0xFF, 0x43, 0x00, 0x00, 0x00,
  0x00, 0x00, 0x00, 0x00, 0x00, 0x00, 0x15, 0xFF, 0xFF, 0x11, 0x00, 0xE6, 0xFF, 0x3D, 0x00, 0x00,
  0x00, 0x00, 0x00, 0x00, 0x00, 0x00, 0x00, 0x11, 0xFF, 0xFF, 0x12, 0x00, 0xCA, 0xFF, 0x55, 0x00,
  0x00, 0x00, 0x00, 0x00, 0x00, 0x00, 0x00, 0x00, 0x2C, 0xFF, 0xF6, 0x00, 0x00, 0x97, 0xFF, 0x95,
  0x00, 0x00, 0x00, 0x00, 0x00, 0x00, 0x00, 0x00, 0x00, 0x6C, 0xFF, 0xC8, 0x00, 0x00, 0x3C, 0xFF,
  0xF3, 0x18, 0x00, 0x00, 0x00, 0x00, 0x00, 0x00, 0x00, 0x07, 0xD9, 0xFF, 0x6C, 0x00, 0x00, 0x00,
  0xBA, 0xFF, 0xC7, 0x11, 0x00, 0x00, 0x00, 0x00, 0x00, 0x05, 0xA4, 0xFF, 0xE4, 0x10, 0x00, 0x00,
  0x00, 0x1C, 0xE9, 0xFF, 0xE1, 0x67, 0x1D, 0x05, 0x16, 0x55, 0xCD, 0xFF, 0xFC, 0x41, 0x00, 0x00,
  0x00, 0x00, 0x00, 0x1F, 0xCF, 0xFF, 0xFF, 0xFF, 0xFF, 0xFF, 0xFF, 0xFF, 0xE5, 0x3E, 0x00, 0x00,
  0x00, 0x00, 0x00, 0x00, 0x00, 0x05, 0x61, 0xB9, 0xEB, 0xFB, 0xE4, 0xBF, 0x67, 0x0D, 0x00, 0x00,
  0x00, 0x00, 0x00, 0x00, 0x00, 0x00, 0x00, 0x77, 0xFF, 0xEA, 0x0A, 0x00, 0x00, 0x00, 0x00, 0x00,
  0x00, 0x00, 0x00, 0x00, 0x00, 0x00, 0x00, 0x00, 0xA2, 0xFF, 0x71, 0x00, 0x00, 0x00, 0x00, 0x00,
  0x00, 0x00, 0x00, 0x00, 0x00, 0x00, 0x00, 0x00, 0x07, 0xC6, 0xE5, 0x07, 0x00, 0x00, 0x00, 0x00,
  0x00, 0x00, 0x00, 0x00, 0x00, 0x00, 0x00, 0x00, 0x00, 0x00, 0x00, 0x00, 0x00, 0x00, 0x00, 0x00,
  0x00, 0x00, 0x00, 0x44, 0xFF, 0xD0, 0x00, 0x00, 0x00, 0x00, 0x00, 0x00, 0x00, 0x00, 0xF8, 0xFF,
  0x1C, 0x00, 0x00, 0x44, 0xFF, 0xD0, 0x00, 0x00, 0x00, 0x00, 0x00, 0x00, 0x00, 0x00, 0xF8, 0xFF,
  0x1C, 0x00, 0x00, 0x44, 0xFF, 0xD0, 0x00, 0x00, 0x00, 0x00, 0x00, 0x00, 0x00, 0x00, 0xF8, 0xFF,
  0x1C, 0x00, 0x00, 0x44, 0xFF, 0xD0, 0x00, 0x00, 0x00, 0x00, 0x00, 0x00, 0x00, 0x00, 0xF8, 0xFF,
  0x1C, 0x00, 0x00, 0x44, 0xFF, 0xD0, 0x00, 0x00, 0x00, 0x00, 0x00, 0x00, 0x00, 0x00, 0xF8, 0xFF,
  0x1C, 0x00, 0x00, 0x44, 0xFF, 0xD0, 0x00, 0x00, 0x00, 0x00, 0x00, 0x00, 0x00, 0x00, 0xF8, 0xFF,
  0x1C, 0x00, 0x00, 0x44, 0xFF, 0xD0, 0x00, 0x00, 0x00, 0x00, 0x00, 0x00, 0x00, 0x00, 0xF8, 0xFF,
  0x1C, 0x00, 0x00, 0x44, 0xFF, 0xD0, 0x00, 0x00, 0x00, 0x00, 0x00, 0x00, 0x00, 0x00, 0xF8, 0xFF,
  0x1C, 0x00, 0x00, 0x44, 0xFF, 0xD0, 0x00, 0x00, 0x00, 0x00, 0x00, 0x00, 0x00, 0x00, 0xF8, 0xFF,
  0x1C, 0x00, 0x00, 0x41, 0xFF, 0xD2, 0x00, 0x00, 0x00, 0x00, 0x00, 0x00, 0x00, 0x00, 0xFD, 0xFF,
  0x15, 0x00, 0x00, 0x34, 0xFF, 0xE2, 0x00, 0x00, 0x00, 0x00, 0x00, 0x00, 0x00, 0x10, 0xFF, 0xFF,
  0x05, 0x00, 0x00, 0x14, 0xFF, 0xFD, 0x0F, 0x00, 0x00, 0x00, 0x00, 0x00, 0x00, 0x3F, 0xFF, 0xE5,
  0x00, 0x00, 0x00, 0x00, 0xD8, 0xFF, 0x80, 0x00, 0x00, 0x00, 0x00, 0x00, 0x00, 0xA7, 0xFF, 0xA5,
  0x00, 0x00, 0x00, 0x00, 0x60, 0xFF, 0xFE, 0x91, 0x2B, 0x08, 0x0B, 0x35, 0xA2, 0xFF, 0xFD, 0x31,
  0x00, 0x00, 0x00, 0x00, 0x00, 0x93, 0xFF, 0xFF, 0xFF, 0xFF, 0xFF, 0xFF, 0xFF, 0xFA, 0x61, 0x00,
  0x00, 0x00, 0x00, 0x00, 0x00, 0x00, 0x44, 0xA6, 0xDD, 0xF5, 0xF1, 0xD6, 0x95, 0x2A, 0x00, 0x00,
  0x00, 0x00, 0x00, 0x00, 0x00, 0x00, 0x00, 0x00, 0x00, 0x35, 0xFF, 0xF7, 0x33, 0x00, 0x00, 0x00,
  0x00, 0x00, 0x00, 0x00, 0x00, 0x00, 0x00, 0x00, 0x00, 0xAE, 0xFF, 0x61, 0x00, 0x00, 0x00, 0x00,
  0x00, 0x00, 0x00, 0x00, 0x00, 0x00, 0x00, 0x00, 0x29, 0xFE, 0x98, 0x00, 0x00, 0x00, 0x00, 0x00,
  0x00, 0x00, 0x00, 0x00, 0x00, 0x00, 0x00, 0x00, 0x00, 0x00, 0x00, 0x00, 0x00, 0x00, 0x00, 0x00,
  0x00, 0x00, 0x00, 0x44, 0xFF, 0xD0, 0x00, 0x00, 0x00, 0x00, 0x00, 0x00, 0x00, 0x00, 0xF8, 0xFF,
  0x1C, 0x00, 0x00, 0x44, 0xFF, 0xD0, 0x00, 0x00, 0x00, 0x00, 0x00, 0x00, 0x00, 0x00, 0xF8, 0xFF,
  0x1C, 0x00, 0x00, 0x44, 0xFF, 0xD0, 0x00, 0x00, 0x00, 0x00, 0x00, 0x00, 0x00, 0x00, 0xF8, 0xFF,
  0x1C, 0x00, 0x00, 0x44, 0xFF, 0xD0, 0x00, 0x00, 0x00, 0x00, 0x00, 0x00, 0x00, 0x00, 0xF8, 0xFF,
  0x1C, 0x00, 0x00, 0x44, 0xFF, 0xD0, 0x00, 0x00, 0x00, 0x00, 0x00, 0x00, 0x00, 0x00, 0xF8, 0xFF,
  0x1C, 0x00, 0x00, 0x44, 0xFF, 0xD0, 0x00, 0x00, 0x00, 0x00, 0x00, 0x00, 0x00, 0x00, 0xF8, 0xFF,
  0x1C, 0x00, 0x00, 0x44, 0xFF, 0xD0, 0x00, 0x00, 0x00, 0x00, 0x00, 0x00, 0x00, 0x00, 0xF8, 0xFF,
  0x1C, 0x00, 0x00, 0x44, 0xFF, 0xD0, 0x00, 0x00, 0x00, 0x00, 0x00, 0x00, 0x00, 0x00, 0xF8, 0xFF,
  0x1C, 0x00, 0x00, 0x44, 0xFF, 0xD0, 0x00, 0x00, 0x00, 0x00, 0x00, 0x00, 0x00, 0x00, 0xF8, 0xFF,
  0x1C, 0x00, 0x00, 0x41, 0xFF, 0xD2, 0x00, 0x00, 0x00, 0x00, 0x00, 0x00, 0x00, 0x00, 0xFD, 0xFF,
  0x15, 0x00, 0x00, 0x34, 0xFF, 0xE2, 0x00, 0x00, 0x00, 0x00, 0x00, 0x00, 0x00, 0x10, 0xFF, 0xFF,
  0x05, 0x00, 0x00, 0x14, 0xFF, 0xFD, 0x0F, 0x00, 0x00, 0x00, 0x00, 0x00, 0x00, 0x3F, 0xFF, 0xE5,
  0x00, 0x00, 0x00, 0x00, 0xD8, 0xFF, 0x80, 0x00, 0x00, 0x00, 0x00, 0x00, 0x00, 0xA7, 0xFF, 0xA5,
  0x00, 0x00, 0x00, 0x00, 0x60, 0xFF, 0xFE, 0x91, 0x2B, 0x08, 0x0B, 0x35, 0xA2, 0xFF, 0xFD, 0x31,
  0x00, 0x00, 0x00, 0x00, 0x00, 0x93, 0xFF, 0xFF, 0xFF, 0xFF, 0xFF, 0xFF, 0xFF, 0xFA, 0x61, 0x00,
  0x00, 0x00, 0x00, 0x00, 0x00, 0x00, 0x44, 0xA6, 0xDD, 0xF5, 0xF1, 0xD6, 0x95, 0x2A, 0x00, 0x00,
  0x00, 0x00, 0x00, 0x00, 0x00, 0x00, 0x00, 0x00, 0x01, 0xD7, 0xFF, 0x86, 0x00, 0x00, 0x00, 0x00,
  0x00, 0x00, 0x00, 0x00, 0x00, 0x00, 0x00, 0x52, 0xFF, 0xBB, 0x02, 0x00, 0x00, 0x00, 0x00, 0x00,
  0x00, 0x00, 0x00, 0x00, 0x00, 0x00, 0xCB, 0xE0, 0x13, 0x00, 0x00, 0x00, 0x00, 0x00, 0x00, 0x00,
  0x00, 0x00, 0x00, 0x00, 0x00, 0x00, 0x00, 0x00, 0x00, 0x00, 0x00, 0x00, 0x00, 0x00, 0x9C, 0xFF,
  0xDE, 0x0A, 0x00, 0x00, 0x00, 0x00, 0x00, 0x00, 0x00, 0x3F, 0xFE, 0xF9, 0x2E, 0x0F, 0xE4, 0xFF,
  0x8B, 0x00, 0x00, 0x00, 0x00, 0x00, 0x00, 0x07, 0xD9, 0xFF, 0x7A, 0x00, 0x00, 0x4A, 0xFF, 0xFB,
  0x30, 0x00, 0x00, 0x00, 0x00, 0x00, 0x84, 0xFF, 0xC8, 0x03, 0x00, 0x00, 0x00, 0xA1, 0xFF, 0xCC,
  0x03, 0x00, 0x00, 0x00, 0x2C, 0xFA, 0xF6, 0x26, 0x00, 0x00, 0x00, 0x00, 0x11, 0xE7, 0xFF, 0x71,
  0x00, 0x00, 0x02, 0xC7, 0xFF, 0x6E, 0x00, 0x00, 0x00, 0x00, 0x00, 0x00, 0x50, 0xFF, 0xF5, 0x24,
  0x00, 0x76, 0xFF, 0xBF, 0x01, 0x00, 0x00, 0x00, 0x00, 0x00, 0x00, 0x00, 0xA7, 0xFF, 0xCA, 0x3B,
  0xF9, 0xF2, 0x1F, 0x00, 0x00, 0x00, 0x00, 0x00, 0x00, 0x00, 0x00, 0x14, 0xEA, 0xFF, 0xFB, 0xFF,
  0x63, 0x00, 0x00, 0x00, 0x00, 0x00, 0x00, 0x00, 0x00, 0x00, 0x00, 0x55, 0xFF, 0xFF, 0xB5, 0x00,
  0x00, 0x00, 0x00, 0x00, 0x00, 0x00, 0x00, 0x00, 0x00, 0x00, 0x00, 0xE0, 0xFF, 0x3C, 0x00, 0x00,
  0x00, 0x00, 0x00, 0x00, 0x00, 0x00, 0x00, 0x00, 0x00, 0x00, 0xDC, 0xFF, 0x38, 0x00, 0x00, 0x00,
  0x00, 0x00, 0x00, 0x00, 0x00, 0x00, 0x00, 0x00, 0x00, 0xDC, 0xFF, 0x38, 0x00, 0x00, 0x00, 0x00,
  0x00, 0x00, 0x00, 0x00, 0x00, 0x00, 0x00, 0x00, 0xDC, 0xFF, 0x38, 0x00, 0x00, 0x00, 0x00, 0x00,
  0x00, 0x00, 0x00, 0x00, 0x00, 0x00, 0x00, 0xDC, 0xFF, 0x38, 0x00, 0x00, 0x00, 0x00, 0x00, 0x00,
  0x00, 0x00, 0x00, 0x00, 0x00, 0x00, 0xDC, 0xFF, 0x38, 0x00, 0x00, 0x00, 0x00, 0x00, 0x00, 0x00,
  0x00, 0x00, 0x00, 0x00, 0x00, 0xDC, 0xFF, 0x38, 0x00, 0x00, 0x00, 0x00, 0x00, 0x00, 0x00, 0x00,
  0x00, 0x14, 0xDE, 0xFF, 0x79, 0x00, 0x00, 0x00, 0x00, 0x00, 0x00, 0x00, 0x00, 0x00, 0x2C, 0xF2,
  0xEA, 0x0A, 0x00, 0x00, 0x00, 0x00, 0x00, 0x00, 0x00, 0x00, 0x00, 0x4D, 0xFD, 0x71, 0x00, 0x00,
  0x00, 0x00, 0x00, 0x00, 0x00, 0x00, 0x00, 0x00, 0x00, 0x00, 0x00, 0x00, 0x00, 0x00, 0x00, 0x00,
  0x05, 0x6B, 0xC4, 0xEF, 0xF9, 0xE2, 0x9D, 0x20, 0x00, 0x00, 0x00, 0x05, 0xBB, 0xFF, 0xFF, 0xFF,
  0xFF, 0xFF, 0xFF, 0xE9, 0x16, 0x00, 0x00, 0x64, 0xFF, 0xD6, 0x3C, 0x0B, 0x0C, 0x36, 0xC2, 0xFF,
  0x79, 0x00, 0x00, 0xBD, 0xFF, 0x39, 0x00, 0x00, 0x00, 0x00, 0x4A, 0xFF, 0xA5, 0x00, 0x00, 0x00,
  0x00, 0x03, 0x2B, 0x53, 0x79, 0xAA, 0xEA, 0xFF, 0xAE, 0x00, 0x00, 0x02, 0x73, 0xE9, 0xFF, 0xFF,
  0xFF, 0xFF, 0xFF, 0xFF, 0xB0, 0x00, 0x00, 0x8E, 0xFF, 0xFF, 0xD9, 0xAB, 0x85, 0x56, 0x5B, 0xFF,
  0xB0, 0x00, 0x0F, 0xF9, 0xFD, 0x4C, 0x00, 0x00, 0x00, 0x00, 0x59, 0xFF, 0xB1, 0x00, 0x2B, 0xFF,
  0xE9, 0x00, 0x00, 0x00, 0x00, 0x00, 0xB6, 0xFF, 0xB5, 0x00, 0x09, 0xFC, 0xFF, 0x7E, 0x14, 0x09,
  0x37, 0xB0, 0xFF, 0xFF, 0xC0, 0x00, 0x00, 0x8F, 0xFF, 0xFF, 0xFF, 0xFF, 0xFF, 0xFF, 0xFF, 0xFF,
  0xE4, 0x00, 0x00, 0x04, 0x72, 0xD3, 0xF5, 0xEB, 0xCF, 0x92, 0x31, 0xE6, 0xFF, 0x29, 0x00, 0x00,
  0x00, 0x00, 0x00, 0x01, 0xD3, 0xFF, 0x8A, 0x00, 0x00, 0x00, 0x00, 0x00, 0x00, 0x00, 0x00, 0x4E,
  0xFF, 0xBE, 0x03, 0x00, 0x00, 0x00, 0x00, 0x00, 0x00, 0x00, 0x00, 0xC7, 0xE3, 0x15, 0x00, 0x00,
  0x00, 0x00, 0x00, 0x00, 0x00, 0x00, 0x00, 0x00, 0x00, 0x00, 0x00, 0x00, 0x00, 0x00, 0x00, 0x00,
  0x05, 0x6B, 0xC4, 0xEF, 0xF9, 0xE2, 0x9D, 0x20, 0x00, 0x00, 0x00, 0x05, 0xBB, 0xFF, 0xFF, 0xFF,
  0xFF, 0xFF, 0xFF, 0xE9, 0x16, 0x00, 0x00, 0x64, 0xFF, 0xD6, 0x3C, 0x0B, 0x0C, 0x36, 0xC2, 0xFF,
  0x79, 0x00, 0x00, 0xBD, 0xFF, 0x39, 0x00, 0x00, 0x00, 0x00, 0x4A, 0xFF, 0xA5, 0x00, 0x00, 0x00,
  0x00, 0x03, 0x2B, 0x53, 0x79, 0xAA, 0xEA, 0xFF, 0xAE, 0x00, 0x00, 0x02, 0x73, 0xE9, 0xFF, 0xFF,
  0xFF, 0xFF, 0xFF, 0xFF, 0xB0, 0x00, 0x00, 0x8E, 0xFF, 0xFF, 0xD9, 0xAB, 0x85, 0x56, 0x5B, 0xFF,
  0xB0, 0x00, 0x0F, 0xF9, 0xFD, 0x4C, 0x00, 0x00, 0x00, 0x00, 0x59, 0xFF, 0xB1, 0x00, 0x2B, 0xFF,
  0xE9, 0x00, 0x00, 0x00, 0x00, 0x00, 0xB6, 0xFF, 0xB5, 0x00, 0x09, 0xFC, 0xFF, 0x7E, 0x14, 0x09,
  0x37, 0xB0, 0xFF, 0xFF, 0xC0, 0x00, 0x00, 0x8F, 0xFF, 0xFF, 0xFF, 0xFF, 0xFF, 0xFF, 0xFF, 0xFF,
  0xE4, 0x00, 0x00, 0x04, 0x72, 0xD3, 0xF5, 0xEB, 0xCF, 0x92, 0x31, 0xE6, 0xFF, 0x29, 0x00, 0x00,
  0x00, 0x00, 0x68, 0xFF, 0xFF, 0x72, 0x00, 0x00, 0x00, 0x00, 0x00, 0x00, 0x00, 0x35, 0xF8, 0xC7,
  0x9F, 0xFC, 0x43, 0x00, 0x00, 0x00, 0x00, 0x00, 0x13, 0xE1, 0xFC, 0x31, 0x16, 0xF0, 0xEC, 0x20,
  0x00, 0x00, 0x00, 0x00, 0x00, 0x00, 0x00, 0x00, 0x00, 0x00, 0x00, 0x00, 0x00, 0x00, 0x00, 0x00,
  0x05, 0x6B, 0xC4, 0xEF, 0xF9, 0xE2, 0x9D, 0x20, 0x00, 0x00, 0x00, 0x05, 0xBB, 0xFF, 0xFF, 0xFF,
  0xFF, 0xFF, 0xFF, 0xE9, 0x16, 0x00, 0x00, 0x64, 0xFF, 0xD6, 0x3C, 0x0B, 0x0C, 0x36, 0xC2, 0xFF,
  0x79, 0x00, 0x00, 0xBD, 0xFF, 0x39, 0x00, 0x00, 0x00, 0x00, 0x4A, 0xFF, 0xA5, 0x00, 0x00, 0x00,
  0x00, 0x03, 0x2B, 0x53, 0x79, 0xAA, 0xEA, 0xFF, 0xAE, 0x00, 0x00, 0x02, 0x73, 0xE9, 0xFF, 0xFF,
  0xFF, 0xFF, 0xFF, 0xFF, 0xB0, 0x00, 0x00, 0x8E, 0xFF, 0xFF, 0xD9, 0xAB, 0x85, 0x56, 0x5B, 0xFF,
  0xB0, 0x00, 0x0F, 0xF9, 0xFD, 0x4C, 0x00, 0x00, 0x00, 0x00, 0x59, 0xFF, 0xB1, 0x00, 0x2B, 0xFF,
  0xE9, 0x00, 0x00, 0x00, 0x00, 0x00, 0xB6, 0xFF, 0xB5, 0x00, 0x09, 0xFC, 0xFF, 0x7E, 0x14, 0x09,
  0x37, 0xB0, 0xFF, 0xFF, 0xC0, 0x00, 0x00, 0x8F, 0xFF, 0xFF, 0xFF, 0xFF, 0xFF, 0xFF, 0xFF, 0xFF,
  0xE4, 0x00, 0x00, 0x04, 0x72, 0xD3, 0xF5, 0xEB, 0xCF, 0x92, 0x31, 0xE6, 0xFF, 0x29, 0x00, 0x00,
  0x00, 0x89, 0xF0, 0xC8, 0x56, 0x14, 0xE2, 0x96, 0x00, 0x00, 0x00, 0x00, 0x3F, 0xFF, 0xFF, 0xFF,
  0xFF, 0xFF, 0xFF, 0x60, 0x00, 0x00, 0x00, 0x00, 0x79, 0xFB, 0x23, 0x44, 0xB8, 0xF2, 0xA9, 0x05,
  0x00, 0x00, 0x00, 0x00, 0x00, 0x00, 0x00, 0x00, 0x00, 0x00, 0x00, 0x00, 0x00, 0x00, 0x00, 0x00,
  0x05, 0x6B, 0xC4, 0xEF, 0xF9, 0xE2, 0x9D, 0x20, 0x00, 0x00, 0x00, 0x05, 0xBB, 0xFF, 0xFF, 0xFF,
  0xFF, 0xFF, 0xFF, 0xE9, 0x16, 0x00, 0x00, 0x64, 0xFF, 0xD6, 0x3C, 0x0B, 0x0C, 0x36, 0xC2, 0xFF,
  0x79, 0x00, 0x00, 0xBD, 0xFF, 0x39, 0x00, 0x00, 0x00, 0x00, 0x4A, 0xFF, 0xA5, 0x00, 0x00, 0x00,
  0x00, 0x03, 0x2B, 0x53, 0x79, 0xAA, 0xEA, 0xFF, 0xAE, 0x00, 0x00, 0x02, 0x73, 0xE9, 0xFF, 0xFF,
  0xFF, 0xFF, 0xFF, 0xFF, 0xB0, 0x00, 0x00, 0x8E, 0xFF, 0xFF, 0xD9, 0xAB, 0x85, 0x56, 0x5B, 0xFF,
  0xB0, 0x00, 0x0F, 0xF9, 0xFD, 0x4C, 0x00, 0x00, 0x00, 0x00, 0x59, 0xFF, 0xB1, 0x00, 0x2B, 0xFF,
  0xE9, 0x00, 0x00, 0x00, 0x00, 0x00, 0xB6, 0xFF, 0xB5, 0x00, 0x09, 0xFC, 0xFF, 0x7E, 0x14, 0x09,
  0x37, 0xB0, 0xFF, 0xFF, 0xC0, 0x00, 0x00, 0x8F, 0xFF, 0xFF, 0xFF, 0xFF, 0xFF, 0xFF, 0xFF, 0xFF,
  0xE4, 0x00, 0x00, 0x04, 0x72, 0xD3, 0xF5, 0xEB, 0xCF, 0x92, 0x31, 0xE6, 0xFF, 0x29, 0x00, 0x00,
  0x00, 0x46, 0xFC, 0xFE, 0x2B, 0x00, 0x00, 0x00, 0x00, 0x00, 0x00, 0x00, 0x00, 0x00, 0x6F, 0xFF,
  0xA5, 0x00, 0x00, 0x00, 0x00, 0x00, 0x00, 0x00, 0x00, 0x00, 0x00, 0x9A, 0xFC, 0x25, 0x00, 0x00,
  0x00, 0x00, 0x00, 0x00, 0x00, 0x00, 0x00, 0x00, 0x00, 0x00, 0x00, 0x00, 0x00, 0x00, 0x00, 0x00,
  0x00, 0x50, 0xBE, 0xF0, 0xF7, 0xD3, 0x7B, 0x09, 0x00, 0x00, 0x00, 0x00, 0x8D, 0xFF, 0xFF, 0xFF,
  0xFF, 0xFF, 0xFF, 0xCE, 0x0F, 0x00, 0x00, 0x53, 0xFF, 0xD7, 0x4F, 0x13, 0x0C, 0x38, 0xB6, 0xFF,
  0x9E, 0x00, 0x00, 0xC8, 0xFC, 0x1C, 0x00, 0x00, 0x00, 0x00, 0x04, 0xE0, 0xFB, 0x0E, 0x0C, 0xFD,
  0xFF, 0xFF, 0xFF, 0xFF, 0xFF, 0xFF, 0xFF, 0xFF, 0xFF, 0x3E, 0x26, 0xFF, 0xFF, 0xFF, 0xFF, 0xFF,
  0xFF, 0xFF, 0xFF, 0xFF, 0xFF, 0x50, 0x29, 0xFF, 0xE3, 0x00, 0x00, 0x00, 0x00, 0x00, 0x00, 0x00,
  0x00, 0x00, 0x11, 0xFF, 0xFF, 0x18, 0x00, 0x00, 0x00, 0x00, 0x00, 0x00, 0x00, 0x00, 0x00, 0xD2,
  0xFF, 0x94, 0x00, 0x00, 0x00, 0x00, 0x15, 0xF0, 0xFA, 0x16, 0x00, 0x62, 0xFF, 0xFE, 0x87, 0x1A,
  0x08, 0x3C, 0xCF, 0xFF, 0xA5, 0x00, 0x00, 0x00, 0x9E, 0xFF, 0xFF, 0xFF, 0xFF, 0xFF, 0xFF, 0xD6,
  0x10, 0x00, 0x00, 0x00, 0x00, 0x59, 0xC0, 0xF0, 0xFA, 0xDD, 0x8C, 0x11, 0x00, 0x00, 0x00, 0x00,
  0x00, 0x00, 0x00, 0x00, 0xD0, 0xFF, 0x8E, 0x00, 0x00, 0x00, 0x00, 0x00, 0x00, 0x00, 0x00, 0x4A,
  0xFF, 0xC1, 0x04, 0x00, 0x00, 0x00, 0x00, 0x00, 0x00, 0x00, 0x00, 0xC3, 0xE5, 0x17, 0x00, 0x00,
  0x00, 0x00, 0x00, 0x00, 0x00, 0x00, 0x00, 0x00, 0x00, 0x00, 0x00, 0x00, 0x00, 0x00, 0x00, 0x00,
  0x00, 0x50, 0xBE, 0xF0, 0xF7, 0xD3, 0x7B, 0x09, 0x00, 0x00, 0x00, 0x00, 0x8D, 0xFF, 0xFF, 0xFF,
  0xFF, 0xFF, 0xFF, 0xCE, 0x0F, 0x00, 0x00, 0x53, 0xFF, 0xD7, 0x4F, 0x13, 0x0C, 0x38, 0xB6, 0xFF,
  0x9E, 0x00, 0x00, 0xC8, 0xFC, 0x1C, 0x00, 0x00, 0x00, 0x00, 0x04, 0xE0, 0xFB, 0x0E, 0x0C, 0xFD,
  0xFF, 0xFF, 0xFF, 0xFF, 0xFF, 0xFF, 0xFF, 0xFF, 0xFF, 0x3E, 0x26, 0xFF, 0xFF, 0xFF, 0xFF, 0xFF,
  0xFF, 0xFF, 0xFF, 0xFF, 0xFF, 0x50, 0x29, 0xFF, 0xE3, 0x00, 0x00, 0x00, 0x00, 0x00, 0x00, 0x00,
  0x00, 0x00, 0x11, 0xFF, 0xFF, 0x18, 0x00, 0x00, 0x00, 0x00, 0x00, 0x00, 0x00, 0x00, 0x00, 0xD2,
  0xFF, 0x94, 0x00, 0x00, 0x00, 0x00, 0x15, 0xF0, 0xFA, 0x16, 0x00, 0x62, 0xFF, 0xFE, 0x87, 0x1A,
  0x08, 0x3C, 0xCF, 0xFF, 0xA5, 0x00, 0x00, 0x00, 0x9E, 0xFF, 0xFF, 0xFF, 0xFF, 0xFF, 0xFF, 0xD6,
  0x10, 0x00, 0x00, 0x00, 0x00, 0x59, 0xC0, 0xF0, 0xFA, 0xDD, 0x8C, 0x11, 0x00, 0x00, 0x00, 0x00,
  0x00, 0x00, 0x68, 0xFF, 0xFF, 0x72, 0x00, 0x00, 0x00, 0x00, 0x00, 0x00, 0x00, 0x35, 0xF8, 0xC7,
  0x9F, 0xFC, 0x43, 0x00, 0x00, 0x00, 0x00, 0x00, 0x13, 0xE1, 0xFC, 0x31, 0x16, 0xF0, 0xEC, 0x20,
  0x00, 0x00, 0x00, 0x00, 0x00, 0x00, 0x00, 0x00, 0x00, 0x00, 0x00, 0x00, 0x00, 0x00, 0x00, 0x00,
  0x00, 0x50, 0xBE, 0xF0, 0xF7, 0xD3, 0x7B, 0x09, 0x00, 0x00, 0x00, 0x00, 0x8D, 0xFF, 0xFF, 0xFF,
  0xFF, 0xFF, 0xFF, 0xCE, 0x0F, 0x00, 0x00, 0x53, 0xFF, 0xD7, 0x4F, 0x13, 0x0C, 0x38, 0xB6, 0xFF,
  0x9E, 0x00, 0x00, 0xC8, 0xFC, 0x1C, 0x00, 0x00, 0x00, 0x00, 0x04, 0xE0, 0xFB, 0x0E, 0x0C, 0xFD,
  0xFF, 0xFF, 0xFF, 0xFF, 0xFF, 0xFF, 0xFF, 0xFF, 0xFF, 0x3E, 0x26, 0xFF, 0xFF, 0xFF, 0xFF, 0xFF,
  0xFF, 0xFF, 0xFF, 0xFF, 0xFF, 0x50, 0x29, 0xFF, 0xE3, 0x00, 0x00, 0x00, 0x00, 0x00, 0x00, 0x00,
  0x00, 0x00, 0x11, 0xFF, 0xFF, 0x18, 0x00, 0x00, 0x00, 0x00, 0x00, 0x00, 0x00, 0x00, 0x00, 0xD2,
  0xFF, 0x94, 0x00, 0x00, 0x00, 0x00, 0x15, 0xF0, 0xFA, 0x16, 0x00, 0x62, 0xFF, 0xFE, 0x87, 0x1A,
  0x08, 0x3C, 0xCF, 0xFF, 0xA5, 0x00, 0x00, 0x00, 0x9E, 0xFF, 0xFF, 0xFF, 0xFF, 0xFF, 0xFF, 0xD6,
  0x10, 0x00, 0x00, 0x00, 0x00, 0x59, 0xC0, 0xF0, 0xFA, 0xDD, 0x8C, 0x11, 0x00, 0x00, 0x3D, 0xF9,
  0xFF, 0x35, 0x00, 0x00, 0x00, 0x62, 0xFF, 0xB1, 0x00, 0x00, 0x00, 0x00, 0x8E, 0xFE, 0x2E, 0x00,
  0x00, 0x00, 0x00, 0x00, 0x00, 0x00, 0x00, 0x00, 0xE0, 0xFF, 0x10, 0x00, 0x00, 0x00, 0xE0, 0xFF,
  0x10, 0x00, 0x00, 0x00, 0xE0, 0xFF, 0x10, 0x00, 0x00, 0x00, 0xE0, 0xFF, 0x10, 0x00, 0x00, 0x00,
  0xE0, 0xFF, 0x10, 0x00, 0x00, 0x00, 0xE0, 0xFF, 0x10, 0x00, 0x00, 0x00, 0xE0, 0xFF, 0x10, 0x00,
  0x00, 0x00, 0xE0, 0xFF, 0x10, 0x00, 0x00, 0x00, 0xE0, 0xFF, 0x10, 0x00, 0x00, 0x00, 0xE0, 0xFF,
  0x10, 0x00, 0x00, 0x00, 0xE0, 0xFF, 0x10, 0x00, 0x00, 0x00, 0xE0, 0xFF, 0x10, 0x00, 0x00, 0x00,
  0x00, 0xC8, 0xFF, 0x96, 0x00, 0x00, 0x42, 0xFF, 0xC7, 0x06, 0x00, 0x00, 0xBB, 0xE9, 0x1B, 0x00,
  0x00, 0x00, 0x00, 0x00, 0x00, 0x00, 0x00, 0x00, 0xE0, 0xFF, 0x10, 0x00, 0x00, 0x00, 0xE0, 0xFF,
  0x10, 0x00, 0x00, 0x00, 0xE0, 0xFF, 0x10, 0x00, 0x00, 0x00, 0xE0, 0xFF, 0x10, 0x00, 0x00, 0x00,
  0xE0, 0xFF, 0x10, 0x00, 0x00, 0x00, 0xE0, 0xFF, 0x10, 0x00, 0x00, 0x00, 0xE0, 0xFF, 0x10, 0x00,
  0x00, 0x00, 0xE0, 0xFF, 0x10, 0x00, 0x00, 0x00, 0xE0, 0xFF, 0x10, 0x00, 0x00, 0x00, 0xE0, 0xFF,
  0x10, 0x00, 0x00, 0x00, 0xE0, 0xFF, 0x10, 0x00, 0x00, 0x00, 0xE0, 0xFF, 0x10, 0x00, 0x00, 0x00,
  0x00, 0x43, 0xFB, 0xFE, 0x2E, 0x00, 0x00, 0x00, 0x00, 0x00, 0x00, 0x00, 0x00, 0x00, 0x6A, 0xFF,
  0xA9, 0x00, 0x00, 0x00, 0x00, 0x00, 0x00, 0x00, 0x00, 0x00, 0x00, 0x96, 0xFD, 0x28, 0x00, 0x00,
  0x00, 0x00, 0x00, 0x00, 0x00, 0x00, 0x00, 0x00, 0x00, 0x00, 0x00, 0x00, 0x00, 0x00, 0x00, 0x00,
  0x01, 0x5F, 0xC5, 0xF3, 0xF6, 0xCF, 0x73, 0x07, 0x00, 0x00, 0x00, 0x02, 0xA9, 0xFF, 0xFF, 0xFF,
  0xFF, 0xFF, 0xFF, 0xC4, 0x0B, 0x00, 0x00, 0x72, 0xFF, 0xF6, 0x70, 0x1C, 0x14, 0x5D, 0xEC, 0xFF,
  0x98, 0x00, 0x00, 0xE3, 0xFF, 0x53, 0x00, 0x00, 0x00, 0x00, 0x3E, 0xFF, 0xFA, 0x12, 0x21, 0xFF,
  0xE6, 0x01, 0x00, 0x00, 0x00, 0x00, 0x00, 0xC7, 0xFF, 0x4C, 0x3B, 0xFF, 0xC0, 0x00, 0x00, 0x00,
  0x00, 0x00, 0x00, 0xA0, 0xFF, 0x64, 0x3C, 0xFF, 0xC8, 0x00, 0x00, 0x00, 0x00, 0x00, 0x00, 0x99,
  0xFF, 0x5D, 0x22, 0xFF, 0xED, 0x02, 0x00, 0x00, 0x00, 0x00, 0x00, 0xC2, 0xFF, 0x46, 0x00, 0xE4,
  0xFF, 0x62, 0x00, 0x00, 0x00, 0x00, 0x2F, 0xFD, 0xF8, 0x0E, 0x00, 0x75, 0xFF, 0xF6, 0x70, 0x1B,
  0x14, 0x5B, 0xEB, 0xFF, 0x9A, 0x00, 0x00, 0x03, 0xAF, 0xFF, 0xFF, 0xFF, 0xFF, 0xFF, 0xFF, 0xC4,
  0x0C, 0x00, 0x00, 0x00, 0x02, 0x65, 0xC8, 0xF4, 0xF3, 0xCB, 0x6C, 0x04, 0x00, 0x00, 0x00, 0x00,
  0x00, 0x00, 0x00, 0x00, 0xCC, 0xFF, 0x92, 0x00, 0x00, 0x00, 0x00, 0x00, 0x00, 0x00, 0x00, 0x46,
  0xFF, 0xC4, 0x05, 0x00, 0x00, 0x00, 0x00, 0x00, 0x00, 0x00, 0x00, 0xBF, 0xE7, 0x19, 0x00, 0x00,
  0x00, 0x00, 0x00, 0x00, 0x00, 0x00, 0x00, 0x00, 0x00, 0x00, 0x00, 0x00, 0x00, 0x00, 0x00, 0x00,
  0x01, 0x5F, 0xC5, 0xF3, 0xF6, 0xCF, 0x73, 0x07, 0x00, 0x00, 0x00, 0x02, 0xA9, 0xFF, 0xFF, 0xFF,
  0xFF, 0xFF, 0xFF, 0xC4, 0x0B, 0x00, 0x00, 0x72, 0xFF, 0xF6, 0x70, 0x1C, 0x14, 0x5D, 0xEC, 0xFF,
  0x98, 0x00, 0x00, 0xE3, 0xFF, 0x53, 0x00, 0x00, 0x00, 0x00, 0x3E, 0xFF, 0xFA, 0x12, 0x21, 0xFF,
  0xE6, 0x01, 0x00, 0x00, 0x00, 0x00, 0x00, 0xC7, 0xFF, 0x4C, 0x3B, 0xFF, 0xC0, 0x00, 0x00, 0x00,
  0x00, 0x00, 0x00, 0xA0, 0xFF, 0x64, 0x3C, 0xFF, 0xC8, 0x00, 0x00, 0x00, 0x00, 0x00, 0x00, 0x99,
  0xFF, 0x5D, 0x22, 0xFF, 0xED, 0x02, 0x00, 0x00, 0x00, 0x00, 0x00, 0xC2, 0xFF, 0x46, 0x00, 0xE4,
  0xFF, 0x62, 0x00, 0x00, 0x00, 0x00, 0x2F, 0xFD, 0xF8, 0x0E, 0x00, 0x75, 0xFF, 0xF6, 0x70, 0x1B,
  0x14, 0x5B, 0xEB, 0xFF, 0x9A, 0x00, 0x00, 0x03, 0xAF, 0xFF, 0xFF, 0xFF, 0xFF, 0xFF, 0xFF, 0xC4,
  0x0C, 0x00, 0x00, 0x00, 0x02, 0x65, 0xC8, 0xF4, 0xF3, 0xCB, 0x6C, 0x04, 0x00, 0x00, 0x00, 0x00,
  0x00, 0x00, 0x63, 0xFF, 0xFF, 0x76, 0x00, 0x00, 0x00, 0x00, 0x00, 0x00, 0x00, 0x32, 0xF7, 0xCB,
  0x9C, 0xFC, 0x46, 0x00, 0x00, 0x00, 0x00, 0x00, 0x11, 0xDF, 0xFD, 0x34, 0x14, 0xEE, 0xEE, 0x22,
  0x00, 0x00, 0x00, 0x00, 0x00, 0x00, 0x00, 0x00, 0x00, 0x00, 0x00, 0x00, 0x00, 0x00, 0x00, 0x00,
  0x01, 0x5F, 0xC5, 0xF3, 0xF6, 0xCF, 0x73, 0x07, 0x00, 0x00, 0x00, 0x02, 0xA9, 0xFF, 0xFF, 0xFF,
  0xFF, 0xFF, 0xFF, 0xC4, 0x0B, 0x00, 0x00, 0x72, 0xFF, 0xF6, 0x70, 0x1C, 0x14, 0x5D, 0xEC, 0xFF,
  0x98, 0x00, 0x00, 0xE3, 0xFF, 0x53, 0x00, 0x00, 0x00, 0x00, 0x3E, 0xFF, 0xFA, 0x12, 0x21, 0xFF,
  0xE6, 0x01, 0x00, 0x00, 0x00, 0x00, 0x00, 0xC7, 0xFF, 0x4C, 0x3B, 0xFF, 0xC0, 0x00, 0x00, 0x00,
  0x00, 0x00, 0x00, 0xA0, 0xFF, 0x64, 0x3C, 0xFF, 0xC8, 0x00, 0x00, 0x00, 0x00, 0x00, 0x00, 0x99,
  0xFF, 0x5D, 0x22, 0xFF, 0xED, 0x02, 0x00, 0x00, 0x00, 0x00, 0x00, 0xC2, 0xFF, 0x46, 0x00, 0xE4,
  0xFF, 0x62, 0x00, 0x00, 0x00, 0x00, 0x2F, 0xFD, 0xF8, 0x0E, 0x00, 0x75, 0xFF, 0xF6, 0x70, 0x1B,
  0x14, 0x5B, 0xEB, 0xFF, 0x9A, 0x00, 0x00, 0x03, 0xAF, 0xFF, 0xFF, 0xFF, 0xFF, 0xFF, 0xFF, 0xC4,
  0x0C, 0x00, 0x00, 0x00, 0x02, 0x65, 0xC8, 0xF4, 0xF3, 0xCB, 0x6C, 0x04, 0x00, 0x00, 0x00, 0x00,
  0x00, 0x86, 0xEF, 0xC9, 0x58, 0x13, 0xDF, 0x9A, 0x00, 0x00, 0x00, 0x00, 0x3B, 0xFF, 0xFF, 0xFF,
  0xFF, 0xFF, 0xFF, 0x64, 0x00, 0x00, 0x00, 0x00, 0x75, 0xFC, 0x26, 0x42, 0xB6, 0xF2, 0xAB, 0x07,
  0x00, 0x00, 0x00, 0x00, 0x00, 0x00, 0x00, 0x00, 0x00, 0x00, 0x00, 0x00, 0x00, 0x00, 0x00, 0x00,
  0x01, 0x5F, 0xC5, 0xF3, 0xF6, 0xCF, 0x73, 0x07, 0x00, 0x00, 0x00, 0x02, 0xA9, 0xFF, 0xFF, 0xFF,
  0xFF, 0xFF, 0xFF, 0xC4, 0x0B, 0x00, 0x00, 0x72, 0xFF, 0xF6, 0x70, 0x1C, 0x14, 0x5D, 0xEC, 0xFF,
  0x98, 0x00, 0x00, 0xE3, 0xFF, 0x53, 0x00, 0x00, 0x00, 0x00, 0x3E, 0xFF, 0xFA, 0x12, 0x21, 0xFF,
  0xE6, 0x01, 0x00, 0x00, 0x00, 0x00, 0x00, 0xC7, 0xFF, 0x4C, 0x3B, 0xFF, 0xC0, 0x00, 0x00, 0x00,
  0x00, 0x00, 0x00, 0xA0, 0xFF, 0x64, 0x3C, 0xFF, 0xC8, 0x00, 0x00, 0x00, 0x00, 0x00, 0x00, 0x99,
  0xFF, 0x5D, 0x22, 0xFF, 0xED, 0x02, 0x00, 0x00, 0x00, 0x00, 0x00, 0xC2, 0xFF, 0x46, 0x00, 0xE4,
  0xFF, 0x62, 0x00, 0x00, 0x00, 0x00, 0x2F, 0xFD, 0xF8, 0x0E, 0x00, 0x75, 0xFF, 0xF6, 0x70, 0x1B,
  0x14, 0x5B, 0xEB, 0xFF, 0x9A, 0x00, 0x00, 0x03, 0xAF, 0xFF, 0xFF, 0xFF, 0xFF, 0xFF, 0xFF, 0xC4,
  0x0C, 0x00, 0x00, 0x00, 0x02, 0x65, 0xC8, 0xF4, 0xF3, 0xCB, 0x6C, 0x04, 0x00, 0x00, 0x00, 0x00,
  0x00, 0x07, 0xC7, 0xFF, 0x9D, 0x00, 0x00, 0x00, 0x00, 0x00, 0x00, 0x00, 0x00, 0x00, 0x17, 0xE2,
  0xFA, 0x1E, 0x00, 0x00, 0x00, 0x00, 0x00, 0x00, 0x00, 0x00, 0x00, 0x31, 0xF5, 0x95, 0x00, 0x00,
  0x00, 0x00, 0x00, 0x00, 0x00, 0x00, 0x00, 0x00, 0x00, 0x00, 0x00, 0x00, 0x00, 0x00, 0x00, 0x98,
  0xFF, 0x58, 0x00, 0x00, 0x00, 0x00, 0x48, 0xFF, 0xA8, 0x00, 0x00, 0x98, 0xFF, 0x58, 0x00, 0x00,
  0x00, 0x00, 0x48, 0xFF, 0xA8, 0x00, 0x00, 0x98, 0xFF, 0x58, 0x00, 0x00, 0x00, 0x00, 0x48, 0xFF,
  0xA8, 0x00, 0x00, 0x98, 0xFF, 0x58, 0x00, 0x00, 0x00, 0x00, 0x48, 0xFF, 0xA8, 0x00, 0x00, 0x98,
  0xFF, 0x58, 0x00, 0x00, 0x00, 0x00, 0x48, 0xFF, 0xA8, 0x00, 0x00, 0x98, 0xFF, 0x58, 0x00, 0x00,
  0x00, 0x00, 0x48, 0xFF, 0xA8, 0x00, 0x00, 0x98, 0xFF, 0x59, 0x00, 0x00, 0x00, 0x00, 0x4E, 0xFF,
  0xA8, 0x00, 0x00, 0x96, 0xFF, 0x61, 0x00, 0x00, 0x00, 0x00, 0x66, 0xFF, 0xA8, 0x00, 0x00, 0x8A,
  0xFF, 0x8A, 0x00, 0x00, 0x00, 0x00, 0xB6, 0xFF, 0xA8, 0x00, 0x00, 0x5B, 0xFF, 0xF4, 0x52, 0x09,
  0x22, 0x99, 0xF9, 0xFF, 0xA8, 0x00, 0x00, 0x09, 0xDC, 0xFF, 0xFF, 0xFF, 0xFF, 0xFE, 0x6D, 0xFF,
  0xA8, 0x00, 0x00, 0x00, 0x19, 0x9C, 0xE8, 0xF6, 0xC9, 0x4A, 0x14, 0xFF, 0xA8, 0x00, 0x00, 0x00,
  0x00, 0x00, 0x00, 0x08, 0xE8, 0xFF, 0x6E, 0x00, 0x00, 0x00, 0x00, 0x00, 0x00, 0x00, 0x00, 0x6A,
  0xFF, 0xA5, 0x00, 0x00, 0x00, 0x00, 0x00, 0x00, 0x00, 0x00, 0x04, 0xDF, 0xD2, 0x0A, 0x00, 0x00,
  0x00, 0x00, 0x00, 0x00, 0x00, 0x00, 0x00, 0x00, 0x00, 0x00, 0x00, 0x00, 0x00, 0x00, 0x00, 0x98,
  0xFF, 0x58, 0x00, 0x00, 0x00, 0x00, 0x48, 0xFF, 0xA8, 0x00, 0x00, 0x98, 0xFF, 0x58, 0x00, 0x00,
  0x00, 0x00, 0x48, 0xFF, 0xA8, 0x00, 0x00, 0x98, 0xFF, 0x58, 0x00, 0x00, 0x00, 0x00, 0x48, 0xFF,
  0xA8, 0x00, 0x00, 0x98, 0xFF, 0x58, 0x00, 0x00, 0x00, 0x00, 0x48, 0xFF, 0xA8, 0x00, 0x00, 0x98,
  0xFF, 0x58, 0x00, 0x00, 0x00, 0x00, 0x48, 0xFF, 0xA8, 0x00, 0x00, 0x98, 0xFF, 0x58, 0x00, 0x00,
  0x00, 0x00, 0x48, 0xFF, 0xA8, 0x00, 0x00, 0x98, 0xFF, 0x59, 0x00, 0x00, 0x00, 0x00, 0x4E, 0xFF,
  0xA8, 0x00, 0x00, 0x96, 0xFF, 0x61, 0x00, 0x00, 0x00, 0x00, 0x66, 0xFF, 0xA8, 0x00, 0x00, 0x8A,
  0xFF, 0x8A, 0x00, 0x00, 0x00, 0x00, 0xB6, 0xFF, 0xA8, 0x00, 0x00, 0x5B, 0xFF, 0xF4, 0x52, 0x09,
  0x22, 0x99, 0xF9, 0xFF, 0xA8, 0x00, 0x00, 0x09, 0xDC, 0xFF, 0xFF, 0xFF, 0xFF, 0xFE, 0x6D, 0xFF,
  0xA8, 0x00, 0x00, 0x00, 0x19, 0x9C, 0xE8, 0xF6, 0xC9, 0x4A, 0x14, 0xFF, 0xA8, 0x00, 0x00, 0x00,
  0x00, 0x00, 0x00, 0x4D, 0xFF, 0xEF, 0x23, 0x00, 0x00, 0x00, 0x00, 0x00, 0x00, 0x00, 0xC6, 0xFE,
  0x4B, 0x00, 0x00, 0x00, 0x00, 0x00, 0x00, 0x00, 0x3F, 0xFF, 0x80, 0x00, 0x00, 0x00, 0x00, 0x00,
  0x00, 0x00, 0x00, 0x00, 0x00, 0x00, 0x00, 0x00, 0x00, 0x00, 0x73, 0xFF, 0x9D, 0x00, 0x00, 0x00,
  0x00, 0x00, 0x4C, 0xFF, 0xA1, 0x16, 0xFA, 0xF0, 0x08, 0x00, 0x00, 0x00, 0x00, 0xA2, 0xFF, 0x46,
  0x00, 0xAF, 0xFF, 0x55, 0x00, 0x00, 0x00, 0x07, 0xF1, 0xE8, 0x03, 0x00, 0x4D, 0xFF, 0xB1, 0x00,
  0x00, 0x00, 0x4F, 0xFF, 0x90, 0x00, 0x00, 0x03, 0xE6, 0xFA, 0x12, 0x00, 0x00, 0xA6, 0xFF, 0x35,
  0x00, 0x00, 0x00, 0x89, 0xFF, 0x68, 0x00, 0x09, 0xF3, 0xDA, 0x00, 0x00, 0x00, 0x00, 0x27, 0xFF,
  0xC3, 0x00, 0x53, 0xFF, 0x7F, 0x00, 0x00, 0x00, 0x00, 0x00, 0xC5, 0xFD, 0x17, 0xAC, 0xFF, 0x25,
  0x00, 0x00, 0x00, 0x00, 0x00, 0x63, 0xFF, 0x78, 0xF9, 0xC9, 0x00, 0x00, 0x00, 0x00, 0x00, 0x00,
  0x0C, 0xF4, 0xF8, 0xFF, 0x6E, 0x00, 0x00, 0x00, 0x00, 0x00, 0x00, 0x00, 0x9F, 0xFF, 0xFC, 0x17,
  0x00, 0x00, 0x00, 0x00, 0x00, 0x00, 0x00, 0x6B, 0xFF, 0xB8, 0x00, 0x00, 0x00, 0x00, 0x00, 0x00,
  0x00, 0x00, 0xC4, 0xFF, 0x57, 0x00, 0x00, 0x00, 0x00, 0x00, 0x16, 0x08, 0x70, 0xFF, 0xDC, 0x03,
  0x00, 0x00, 0x00, 0x00, 0x00, 0xC6, 0xFF, 0xFF, 0xFE, 0x4D, 0x00, 0x00, 0x00, 0x00, 0x00, 0x00,
  0x8D, 0xF4, 0xDD, 0x5E, 0x00, 0x00, 0x00, 0x00, 0x00, 0x00, 0x00, 0x00, 0x00, 0x00, 0x00, 0xC1,
  0x91, 0x00, 0x00, 0x07, 0xF6, 0x57, 0x00, 0x00, 0x00, 0x00, 0x00, 0x00, 0x00, 0x00, 0x00, 0x64,
  0xF0, 0x37, 0x0D, 0x8D, 0xE9, 0x11, 0x00, 0x00, 0x00, 0x00, 0x00, 0x00, 0x00, 0x00, 0x00, 0x00,
  0x79, 0xE0, 0xF4, 0xC3, 0x34, 0x00, 0x00, 0x00, 0x00, 0x00, 0x00, 0x00, 0x00, 0x00, 0x00, 0x00,
  0x00, 0x00, 0x00, 0x00, 0x00, 0x00, 0x00, 0x00, 0x00, 0x00, 0x00, 0x00, 0x00, 0x00, 0x00, 0x00,
  0x2C, 0xFF, 0xFF, 0x76, 0x00, 0x00, 0x00, 0x00, 0x00, 0x00, 0x00, 0x00, 0x00, 0x00, 0x00, 0x00,
  0x8D, 0xFF, 0xFF, 0xDC, 0x01, 0x00, 0x00, 0x00, 0x00, 0x00, 0x00, 0x00, 0x00, 0x00, 0x00, 0x04,
  0xE9, 0xF2, 0xC2, 0xFF, 0x44, 0x00, 0x00, 0x00, 0x00, 0x00, 0x00, 0x00, 0x00, 0x00, 0x00, 0x4F,
  0xFF, 0xB0, 0x66, 0xFF, 0xAB, 0x00, 0x00, 0x00, 0x00, 0x00, 0x00, 0x00, 0x00, 0x00, 0x00, 0xB0,
  0xFF, 0x5A, 0x10, 0xF8, 0xFA, 0x18, 0x00, 0x00, 0x00, 0x00, 0x00, 0x00, 0x00, 0x00, 0x15, 0xFA,
  0xEE, 0x09, 0x00, 0xA5, 0xFF, 0x79, 0x00, 0x00, 0x00, 0x00, 0x00, 0x00, 0x00, 0x00, 0x71, 0xFF,
  0x8D, 0x00, 0x00, 0x38, 0xFF, 0xDE, 0x02, 0x00, 0x00, 0x00, 0x00, 0x00, 0x00, 0x00, 0xD1, 0xFE,
  0x24, 0x00, 0x00, 0x00, 0xCB, 0xFF, 0x47, 0x00, 0x00, 0x00, 0x00, 0x00, 0x00, 0x33, 0xFF, 0xB9,
  0x00, 0x00, 0x00, 0x00, 0x5E, 0xFF, 0xAE, 0x00, 0x00, 0x00, 0x00, 0x00, 0x00, 0x93, 0xFF, 0xFF,
  0xFF, 0xFF, 0xFF, 0xFF, 0xFF, 0xFF, 0xFB, 0x1A, 0x00, 0x00, 0x00, 0x00, 0x06, 0xED, 0xFF, 0xFF,
  0xFF, 0xFF, 0xFF, 0xFF, 0xFF, 0xFF, 0xFF, 0x7C, 0x00, 0x00, 0x00, 0x00, 0x55, 0xFF, 0xBB, 0x00,
  0x00, 0x00, 0x00, 0x00, 0x00, 0x52, 0xFF, 0xE1, 0x02, 0x00, 0x00, 0x00, 0xB6, 0xFF, 0x63, 0x00,
  0x00, 0x00, 0x00, 0x00, 0x00, 0x06, 0xED, 0xFF, 0x4A, 0x00, 0x00, 0x19, 0xFC, 0xFA, 0x11, 0x00,
  0x00, 0x00, 0x00, 0x00, 0x00, 0x00, 0x96, 0xFF, 0xB1, 0x00, 0x00, 0x77, 0xFF, 0xB3, 0x00, 0x00,
  0x00, 0x00, 0x00, 0x00, 0x00, 0x00, 0x39, 0xFF, 0xFC, 0x1C, 0x00, 0xD7, 0xFF, 0x5B, 0x00, 0x00,
  0x00, 0x00, 0x00, 0x00, 0x00, 0x00, 0x00, 0xDA, 0xFF, 0x80, 0x00, 0x00, 0x00, 0xC1, 0x91, 0x00,
  0x00, 0x07, 0xF6, 0x57, 0x00, 0x00, 0x00, 0x00, 0x00, 0x64, 0xF0, 0x37, 0x0D, 0x8D, 0xE9, 0x11,
  0x00, 0x00, 0x00, 0x00, 0x00, 0x00, 0x79, 0xE0, 0xF4, 0xC3, 0x34, 0x00, 0x00, 0x00, 0x00, 0x00,
  0x00, 0x00, 0x00, 0x00, 0x00, 0x00, 0x00, 0x00, 0x00, 0x00, 0x00, 0x00, 0x05, 0x6B, 0xC4, 0xEF,
  0xF9, 0xE2, 0x9D, 0x20, 0x00, 0x00, 0x00, 0x05, 0xBB, 0xFF, 0xFF, 0xFF, 0xFF, 0xFF, 0xFF, 0xE9,
  0x16, 0x00, 0x00, 0x64, 0xFF, 0xD6, 0x3C, 0x0B, 0x0C, 0x36, 0xC2, 0xFF, 0x79, 0x00, 0x00, 0xBD,
  0xFF, 0x39, 0x00, 0x00, 0x00, 0x00, 0x4A, 0xFF, 0xA5, 0x00, 0x00, 0x00, 0x00, 0x03, 0x2B, 0x53,
  0x79, 0xAA, 0xEA, 0xFF, 0xAE, 0x00, 0x00, 0x02, 0x73, 0xE9, 0xFF, 0xFF, 0xFF, 0xFF, 0xFF, 0xFF,
  0xB0, 0x00, 0x00, 0x8E, 0xFF, 0xFF, 0xD9, 0xAB, 0x85, 0x56, 0x5B, 0xFF, 0xB0, 0x00, 0x0F, 0xF9,
  0xFD, 0x4C, 0x00, 0x00, 0x00, 0x00, 0x59, 0xFF, 0xB1, 0x00, 0x2B, 0xFF, 0xE9, 0x00, 0x00, 0x00,
  0x00, 0x00, 0xB6, 0xFF, 0xB5, 0x00, 0x09, 0xFC, 0xFF, 0x7E, 0x14, 0x09, 0x37, 0xB0, 0xFF, 0xFF,
  0xC0, 0x00, 0x00, 0x8F, 0xFF, 0xFF, 0xFF, 0xFF, 0xFF, 0xFF, 0xFF, 0xFF, 0xE4, 0x00, 0x00, 0x04,
  0x72, 0xD3, 0xF5, 0xEB, 0xCF, 0x92, 0x31, 0xE6, 0xFF, 0x29, 0x00, 0x00, 0x4C, 0xFF, 0xFF, 0xFF,
  0xFF, 0xFF, 0xFC, 0xF2, 0xD3, 0x8F, 0x24, 0x00, 0x00, 0x00, 0x00, 0x00, 0x00, 0x4C, 0xFF, 0xFF,
  0xFF, 0xFF, 0xFF, 0xFF, 0xFF, 0xFF, 0xFF, 0xF6, 0x56, 0x00, 0x00, 0x00, 0x00, 0x00, 0x4C, 0xFF,
  0xC8, 0x00, 0x00, 0x00, 0x05, 0x14, 0x46, 0xBE, 0xFF, 0xF9, 0x3B, 0x00, 0x00, 0x00, 0x00, 0x4C,
  0xFF, 0xC8, 0x00, 0x00, 0x00, 0x00, 0x00, 0x00, 0x03, 0xB0, 0xFF, 0xC8, 0x00, 0x00, 0x00, 0x00,
  0x4C, 0xFF, 0xC8, 0x00, 0x00, 0x00, 0x00, 0x00, 0x00, 0x00, 0x1A, 0xF8, 0xFF, 0x31, 0x00, 0x00,
  0x00, 0x4C, 0xFF, 0xC8, 0x00, 0x00, 0x00, 0x00, 0x00, 0x00, 0x00, 0x00, 0xBA, 0xFF, 0x74, 0x00,
  0x00, 0x00, 0x4C, 0xFF, 0xC8, 0x00, 0x00, 0x00, 0x00, 0x00, 0x00, 0x00, 0x00, 0x88, 0xFF, 0x9B,
  0x00, 0x08, 0xFF, 0xFF, 0xFF, 0xFF, 0xFF, 0xFF, 0xFF, 0xFF, 0x20, 0x00, 0x00, 0x00, 0x76, 0xFF,
  0xAF, 0x00, 0x08, 0xFF, 0xFF, 0xFF, 0xFF, 0xFF, 0xFF, 0xFF, 0xFF, 0x20, 0x00, 0x00, 0x00, 0x7A,
  0xFF, 0xAA, 0x00, 0x00, 0x00, 0x4C, 0xFF, 0xC8, 0x00, 0x00, 0x00, 0x00, 0x00, 0x00, 0x00, 0x00,
  0x8E, 0xFF, 0x95, 0x00, 0x00, 0x00, 0x4C, 0xFF, 0xC8, 0x00, 0x00, 0x00, 0x00, 0x00, 0x00, 0x00,
  0x00, 0xC2, 0xFF, 0x6E, 0x00, 0x00, 0x00, 0x4C, 0xFF, 0xC8, 0x00, 0x00, 0x00, 0x00, 0x00, 0x00,
  0x00, 0x20, 0xFC, 0xFF, 0x23, 0x00, 0x00, 0x00, 0x4C, 0xFF, 0xC8, 0x00, 0x00, 0x00, 0x00, 0x00,
  0x00, 0x01, 0xB3, 0xFF, 0xBD, 0x00, 0x00, 0x00, 0x00, 0x4C, 0xFF, 0xC8, 0x00, 0x00, 0x00, 0x04,
  0x15, 0x49, 0xBD, 0xFF, 0xF8, 0x30, 0x00, 0x00, 0x00, 0x00, 0x4C, 0xFF, 0xFF, 0xFF, 0xFF, 0xFF,
  0xFF, 0xFF, 0xFF, 0xFF, 0xF2, 0x4D, 0x00, 0x00, 0x00, 0x00, 0x00, 0x4C, 0xFF, 0xFF, 0xFF, 0xFF,
  0xFF, 0xFE, 0xF5, 0xD4, 0x86, 0x19, 0x00, 0x00, 0x00, 0x00, 0x00, 0x00, 0x00, 0x00, 0x00, 0x00,
  0x00, 0x00, 0x48, 0xFF, 0xA4, 0x00, 0x00, 0x00, 0x00, 0x00, 0x00, 0x00, 0xFF, 0xFF, 0xFF, 0xFF,
  0xFF, 0xFF, 0xFF, 0x34, 0x00, 0x00, 0x00, 0x00, 0x00, 0xFF, 0xFF, 0xFF, 0xFF, 0xFF, 0xFF, 0xFF,
  0x34, 0x00, 0x00, 0x00, 0x00, 0x00, 0x00, 0x00, 0x00, 0x48, 0xFF, 0xA4, 0x00, 0x00, 0x00, 0x00,
  0x06, 0x77, 0xD6, 0xF6, 0xD5, 0x58, 0x48, 0xFF, 0xA4, 0x00, 0x00, 0x00, 0x06, 0xBE, 0xFF, 0xFF,
  0xFF, 0xFF, 0xFF, 0xA9, 0xFF, 0xA4, 0x00, 0x00, 0x00, 0x75, 0xFF, 0xED, 0x58, 0x10, 0x27, 0xA3,
  0xFF, 0xFF, 0xA4, 0x00, 0x00, 0x00, 0xDC, 0xFF, 0x42, 0x00, 0x00, 0x00, 0x00, 0xB2, 0xFF, 0xA4,
  0x00, 0x00, 0x1B, 0xFF, 0xE4, 0x00, 0x00, 0x00, 0x00, 0x00, 0x4D, 0xFF, 0xA4, 0x00, 0x00, 0x35,
  0xFF, 0xC2, 0x00, 0x00, 0x00, 0x00, 0x00, 0x26, 0xFF, 0xA4, 0x00, 0x00, 0x34, 0xFF, 0xC2, 0x00,
  0x00, 0x00, 0x00, 0x00, 0x28, 0xFF, 0xA4, 0x00, 0x00, 0x19, 0xFF, 0xE8, 0x01, 0x00, 0x00, 0x00,
  0x00, 0x4A, 0xFF, 0xA4, 0x00, 0x00, 0x00, 0xD4, 0xFF, 0x50, 0x00, 0x00, 0x00, 0x00, 0xB2, 0xFF,
  0xA4, 0x00, 0x00, 0x00, 0x63, 0xFF, 0xF3, 0x65, 0x13, 0x22, 0x96, 0xFF, 0xFF, 0xA4, 0x00, 0x00,
  0x00, 0x01, 0xA5, 0xFF, 0xFF, 0xFF, 0xFF, 0xFF, 0x99, 0xFF, 0xA4, 0x00, 0x00, 0x00, 0x00, 0x01,
  0x68, 0xD0, 0xF6, 0xDF, 0x6F, 0x24, 0xFF, 0xA4, 0x00, 0x00, 0x05, 0xA3, 0xF2, 0xBA, 0x45, 0x1E,
  0xF9, 0x72, 0x63, 0xFF, 0xFF, 0xFF, 0xFF, 0xFF, 0xFF, 0x3C, 0x9D, 0xE6, 0x17, 0x54, 0xC5, 0xF1,
  0x8F, 0x00, 0x00, 0x00, 0x00, 0x00, 0x00, 0x00, 0x00, 0x00, 0x00, 0x00, 0x00, 0xF4, 0xFF, 0x24,
  0x00, 0x00, 0x00, 0x00, 0x00, 0xF4, 0xFF, 0x24, 0x00, 0x00, 0x00, 0x00, 0x00, 0xF4, 0xFF, 0x24,
  0x00, 0x00, 0x00, 0x00, 0x00, 0xF4, 0xFF, 0x24, 0x00, 0x00, 0x00, 0x00, 0x00, 0xF4, 0xFF, 0x24,
  0x00, 0x00, 0x00, 0x00, 0x00, 0xF4, 0xFF, 0x24, 0x00, 0x00, 0x00, 0x00, 0x00, 0xF4, 0xFF, 0x24,
  0x00, 0x00, 0x00, 0x00, 0x00, 0xF4, 0xFF, 0x24, 0x00, 0x00, 0x00, 0x00, 0x00, 0xF4, 0xFF, 0x24,
  0x00, 0x00, 0x00, 0x00, 0x00, 0xF4, 0xFF, 0x24, 0x00, 0x00, 0x00, 0x00, 0x00, 0xF4, 0xFF, 0x24,
  0x00, 0x00, 0x00, 0x00, 0x00, 0xF4, 0xFF, 0x24, 0x00, 0x00, 0x00, 0x00, 0x00, 0xF4, 0xFF, 0x24,
  0x00, 0x00, 0x00, 0x00, 0x00, 0xF4, 0xFF, 0x24, 0x00, 0x00, 0x00, 0x00, 0x00, 0xF4, 0xFF, 0x24,
  0x00, 0x00, 0x00, 0x00, 0x00, 0xF4, 0xFF, 0x24, 0x00, 0x00, 0x00, 0x7F, 0xEE, 0xCC, 0x5B, 0x12,
  0xD8, 0xA2, 0x33, 0xFF, 0xFF, 0xFF, 0xFF, 0xFF, 0xFF, 0x6C, 0x6D, 0xFE, 0x2B, 0x3F, 0xB3, 0xF2,
  0xB0, 0x09, 0x00, 0x00, 0x00, 0x00, 0x00, 0x00, 0x00, 0x00, 0x00, 0x00, 0x00, 0xE0, 0xFF, 0x10,
  0x00, 0x00, 0x00, 0x00, 0x00, 0xE0, 0xFF, 0x10, 0x00, 0x00, 0x00, 0x00, 0x00, 0xE0, 0xFF, 0x10,
  0x00, 0x00, 0x00, 0x00, 0x00, 0xE0, 0xFF, 0x10, 0x00, 0x00, 0x00, 0x00, 0x00, 0xE0, 0xFF, 0x10,
  0x00, 0x00, 0x00, 0x00, 0x00, 0xE0, 0xFF, 0x10, 0x00, 0x00, 0x00, 0x00, 0x00, 0xE0, 0xFF, 0x10,
  0x00, 0x00, 0x00, 0x00, 0x00, 0xE0, 0xFF, 0x10, 0x00, 0x00, 0x00, 0x00, 0x00, 0xE0, 0xFF, 0x10,
  0x00, 0x00, 0x00, 0x00, 0x00, 0xE0, 0xFF, 0x10, 0x00, 0x00, 0x00, 0x00, 0x00, 0xE0, 0xFF, 0x10,
  0x00, 0x00, 0x00, 0x00, 0x00, 0xE0, 0xFF, 0x10, 0x00, 0x00, 0x00, 0x00, 0x00, 0x00, 0x00, 0x6E,
  0xEC, 0xD2, 0x65, 0x12, 0xC8, 0xB6, 0x00, 0x00, 0x00, 0x00, 0x00, 0x00, 0x00, 0x00, 0x22, 0xFC,
  0xFF, 0xFF, 0xFF, 0xFF, 0xFF, 0x80, 0x00, 0x00, 0x00, 0x00, 0x00, 0x00, 0x00, 0x00, 0x59, 0xFF,
  0x3D, 0x37, 0xAB, 0xF1, 0xBB, 0x10, 0x00, 0x00, 0x00, 0x00, 0x00, 0x00, 0x00, 0x00, 0x00, 0x00,
  0x00, 0x00, 0x00, 0x00, 0x00, 0x00, 0x00, 0x00, 0x00, 0x00, 0x00, 0x44, 0xFF, 0xD0, 0x00, 0x00,
  0x00, 0x00, 0x00, 0x00, 0x00, 0x00, 0xF8, 0xFF, 0x1C, 0x00, 0x00, 0x44, 0xFF, 0xD0, 0x00, 0x00,
  0x00, 0x00, 0x00, 0x00, 0x00, 0x00, 0xF8, 0xFF, 0x1C, 0x00, 0x00, 0x44, 0xFF, 0xD0, 0x00, 0x00,
  0x00, 0x00, 0x00, 0x00, 0x00, 0x00, 0xF8, 0xFF, 0x1C, 0x00, 0x00, 0x44, 0xFF, 0xD0, 0x00, 0x00,
  0x00, 0x00, 0x00, 0x00, 0x00, 0x00, 0xF8, 0xFF, 0x1C, 0x00, 0x00, 0x44, 0xFF, 0xD0, 0x00, 0x00,
  0x00, 0x00, 0x00, 0x00, 0x00, 0x00, 0xF8, 0xFF, 0x1C, 0x00, 0x00, 0x44, 0xFF, 0xD0, 0x00, 0x00,
  0x00, 0x00, 0x00, 0x00, 0x00, 0x00, 0xF8, 0xFF, 0x1C, 0x00, 0x00, 0x44, 0xFF, 0xD0, 0x00, 0x00,
  0x00, 0x00, 0x00, 0x00, 0x00, 0x00, 0xF8, 0xFF, 0x1C, 0x00, 0x00, 0x44, 0xFF, 0xD0, 0x00, 0x00,
  0x00, 0x00, 0x00, 0x00, 0x00, 0x00, 0xF8, 0xFF, 0x1C, 0x00, 0x00, 0x44, 0xFF, 0xD0, 0x00, 0x00,
  0x00, 0x00, 0x00, 0x00, 0x00, 0x00, 0xF8, 0xFF, 0x1C, 0x00, 0x00, 0x41, 0xFF, 0xD2, 0x00, 0x00,
  0x00, 0x00, 0x00, 0x00, 0x00, 0x00, 0xFD, 0xFF, 0x15, 0x00, 0x00, 0x34, 0xFF, 0xE2, 0x00, 0x00,
  0x00, 0x00, 0x00, 0x00, 0x00, 0x10, 0xFF, 0xFF, 0x05, 0x00, 0x00, 0x14, 0xFF, 0xFD, 0x0F, 0x00,
  0x00, 0x00, 0x00, 0x00, 0x00, 0x3F, 0xFF, 0xE5, 0x00, 0x00, 0x00, 0x00, 0xD8, 0xFF, 0x80, 0x00,
  0x00, 0x00, 0x00, 0x00, 0x00, 0xA7, 0xFF, 0xA5, 0x00, 0x00, 0x00, 0x00, 0x60, 0xFF, 0xFE, 0x91,
  0x2B, 0x08, 0x0B, 0x35, 0xA2, 0xFF, 0xFD, 0x31, 0x00, 0x00, 0x00, 0x00, 0x00, 0x93, 0xFF, 0xFF,
  0xFF, 0xFF, 0xFF, 0xFF, 0xFF, 0xFA, 0x61, 0x00, 0x00, 0x00, 0x00, 0x00, 0x00, 0x00, 0x44, 0xA6,
  0xDD, 0xF5, 0xF1, 0xD6, 0x95, 0x2A, 0x00, 0x00, 0x00, 0x00, 0x00, 0x00, 0x00, 0x6B, 0xEC, 0xD4,
  0x67, 0x12, 0xC4, 0xBA, 0x00, 0x00, 0x00, 0x00, 0x1F, 0xFB, 0xFF, 0xFF, 0xFF, 0xFF, 0xFF, 0x84,
  0x00, 0x00, 0x00, 0x00, 0x55, 0xFF, 0x41, 0x35, 0xA9, 0xF1, 0xBD, 0x12, 0x00, 0x00, 0x00, 0x00,
  0x00, 0x00, 0x00, 0x00, 0x00, 0x00, 0x00, 0x00, 0x00, 0x00, 0x00, 0x98, 0xFF, 0x58, 0x00, 0x00,
  0x00, 0x00, 0x48, 0xFF, 0xA8, 0x00, 0x00, 0x98, 0xFF, 0x58, 0x00, 0x00, 0x00, 0x00, 0x48, 0xFF,
  0xA8, 0x00, 0x00, 0x98, 0xFF, 0x58, 0x00, 0x00, 0x00, 0x00, 0x48, 0xFF, 0xA8, 0x00, 0x00, 0x98,
  0xFF, 0x58, 0x00, 0x00, 0x00, 0x00, 0x48, 0xFF, 0xA8, 0x00, 0x00, 0x98, 0xFF, 0x58, 0x00, 0x00,
  0x00, 0x00, 0x48, 0xFF, 0xA8, 0x00, 0x00, 0x98, 0xFF, 0x58, 0x00, 0x00, 0x00, 0x00, 0x48, 0xFF,
  0xA8, 0x00, 0x00, 0x98, 0xFF, 0x59, 0x00, 0x00, 0x00, 0x00, 0x4E, 0xFF, 0xA8, 0x00, 0x00, 0x96,
  0xFF, 0x61, 0x00, 0x00, 0x00, 0x00, 0x66, 0xFF, 0xA8, 0x00, 0x00, 0x8A, 0xFF, 0x8A, 0x00, 0x00,
  0x00, 0x00, 0xB6, 0xFF, 0xA8, 0x00, 0x00, 0x5B, 0xFF, 0xF4, 0x52, 0x09, 0x22, 0x99, 0xF9, 0xFF,
  0xA8, 0x00, 0x00, 0x09, 0xDC, 0xFF, 0xFF, 0xFF, 0xFF, 0xFE, 0x6D, 0xFF, 0xA8, 0x00, 0x00, 0x00,
  0x19, 0x9C, 0xE8, 0xF6, 0xC9, 0x4A, 0x14, 0xFF, 0xA8, 0x00, 0x00, 0x00, 0x00, 0x00, 0x06, 0x67,
  0xB9, 0xE7, 0xFA, 0xEE, 0xC0, 0x6A, 0x08, 0x00, 0x00, 0x00, 0xB8, 0xFF, 0x58, 0x00, 0x00, 0x00,
  0x2B, 0xDB, 0xFF, 0xFF, 0xFF, 0xFF, 0xFF, 0xFF, 0xFF, 0xDD, 0x31, 0x00, 0x00, 0xB8, 0xFF, 0x57,
  0x00, 0x00, 0x23, 0xEF, 0xFF, 0xD8, 0x5F, 0x1B, 0x06, 0x1D, 0x5A, 0xCF, 0xFF, 0xF3, 0x30, 0x00,
  0x00, 0xC1, 0x4B, 0x00, 0x00, 0xC8, 0xFF, 0xBF, 0x0B, 0x00, 0x00, 0x00, 0x00, 0x00, 0x06, 0xA5,
  0xFF, 0xD8, 0x06, 0x0D, 0xF0, 0x20, 0x00, 0x44, 0xFF, 0xF5, 0x18, 0x00, 0x00, 0x00, 0x00, 0x00,
  0x00, 0x00, 0x09, 0xDA, 0xFF, 0x6E, 0xB7, 0x98, 0x00, 0x00, 0x96, 0xFF, 0x9E, 0x00, 0x00, 0x00,
  0x00, 0x00, 0x00, 0x00, 0x00, 0x00, 0x72, 0xFF, 0xFD, 0x89, 0x05, 0x00, 0x00, 0xCD, 0xFF, 0x60,
  0x00, 0x00, 0x00, 0x00, 0x00, 0x00, 0x00, 0x00, 0x00, 0x2E, 0xFF, 0xEE, 0x00, 0x00, 0x00, 0x00,
  0xE3, 0xFF, 0x43, 0x00, 0x00, 0x00, 0x00, 0x00, 0x00, 0x00, 0x00, 0x00, 0x15, 0xFF, 0xFF, 0x13,
  0x00, 0x00, 0x00, 0xE6, 0xFF, 0x3D, 0x00, 0x00, 0x00, 0x00, 0x00, 0x00, 0x00, 0x00, 0x00, 0x11,
  0xFF, 0xFF, 0x18, 0x00, 0x00, 0x00, 0xCA, 0xFF, 0x56, 0x00, 0x00, 0x00, 0x00, 0x00, 0x00, 0x00,
  0x00, 0x00, 0x2D, 0xFF, 0xFB, 0x02, 0x00, 0x00, 0x00, 0x98, 0xFF, 0x97, 0x00, 0x00, 0x00, 0x00,
  0x00, 0x00, 0x00, 0x00, 0x00, 0x6E, 0xFF, 0xD7, 0x00, 0x00, 0x00, 0x00, 0x3E, 0xFF, 0xF4, 0x1A,
  0x00, 0x00, 0x00, 0x00, 0x00, 0x00, 0x00, 0x08, 0xDB, 0xFF, 0x7D, 0x00, 0x00, 0x00, 0x00, 0x01,
  0xBD, 0xFF, 0xC7, 0x10, 0x00, 0x00, 0x00, 0x00, 0x00, 0x04, 0xA4, 0xFF, 0xEF, 0x19, 0x00, 0x00,
  0x00, 0x00, 0x00, 0x1E, 0xEB, 0xFF, 0xDF, 0x65, 0x1C, 0x05, 0x15, 0x53, 0xCB, 0xFF, 0xFF, 0x51,
  0x00, 0x00, 0x00, 0x00, 0x00, 0x00, 0x00, 0x20, 0xCF, 0xFF, 0xFF, 0xFF, 0xFF, 0xFF, 0xFF, 0xFF,
  0xEA, 0x4B, 0x00, 0x00, 0x00, 0x00, 0x00, 0x00, 0x00, 0x00, 0x00, 0x05, 0x61, 0xB9, 0xEB, 0xFB,
  0xE5, 0xC1, 0x6C, 0x11, 0x00, 0x00, 0x00, 0x00, 0x00, 0x00, 0x00, 0x00, 0x01, 0x5F, 0xC5, 0xF3,
  0xF5, 0xCC, 0x6B, 0x04, 0x00, 0x54, 0xFF, 0xC0, 0x00, 0x02, 0xA9, 0xFF, 0xFF, 0xFF, 0xFF, 0xFF,
  0xFF, 0xB6, 0x04, 0x54, 0xFF, 0xBF, 0x00, 0x72, 0xFF, 0xF6, 0x6D, 0x1B, 0x14, 0x5B, 0xEC, 0xFF,
  0x78, 0x00, 0x59, 0xB4, 0x00, 0xE3, 0xFF, 0x64, 0x00, 0x00, 0x00, 0x00, 0x3F, 0xFF, 0xF0, 0x03,
  0x91, 0x8C, 0x21, 0xFF, 0xEE, 0x03, 0x00, 0x00, 0x00, 0x00, 0x00, 0xC9, 0xFF, 0x85, 0xEA, 0x22,
  0x3B, 0xFF, 0xC9, 0x00, 0x00, 0x00, 0x00, 0x00, 0x00, 0xA0, 0xFF, 0xDF, 0x35, 0x00, 0x3C, 0xFF,
  0xC9, 0x00, 0x00, 0x00, 0x00, 0x00, 0x00, 0xA4, 0xFF, 0x65, 0x00, 0x00, 0x21, 0xFF, 0xEE, 0x02,
  0x00, 0x00, 0x00, 0x00, 0x00, 0xCB, 0xFF, 0x4E, 0x00, 0x00, 0x00, 0xE2, 0xFF, 0x64, 0x00, 0x00,
  0x00, 0x00, 0x3D, 0xFF, 0xFD, 0x19, 0x00, 0x00, 0x00, 0x73, 0xFF, 0xF6, 0x6E, 0x1B, 0x13, 0x58,
  0xEA, 0xFF, 0xAE, 0x00, 0x00, 0x00, 0x00, 0x03, 0xB0, 0xFF, 0xFF, 0xFF, 0xFF, 0xFF, 0xFF, 0xD4,
  0x15, 0x00, 0x00, 0x00, 0x00, 0x00, 0x03, 0x68, 0xC9, 0xF4, 0xF3, 0xCF, 0x77, 0x09, 0x00, 0x00,
  0x00, 0x00, 0x00, 0x44, 0xFF, 0xD0, 0x00, 0x00, 0x00, 0x00, 0x00, 0x00, 0x00, 0x00, 0xF8, 0xFF,
  0x1C, 0x2C, 0xFF, 0xE4, 0x00, 0x00, 0x44, 0xFF, 0xD0, 0x00, 0x00, 0x00, 0x00, 0x00, 0x00, 0x00,
  0x00, 0xF8, 0xFF, 0x1C, 0x2C, 0xFF, 0xE3, 0x00, 0x00, 0x44, 0xFF, 0xD0, 0x00, 0x00, 0x00, 0x00,
  0x00, 0x00, 0x00, 0x00, 0xF8, 0xFF, 0x1C, 0x00, 0x35, 0xD6, 0x00, 0x00, 0x44, 0xFF, 0xD0, 0x00,
  0x00, 0x00, 0x00, 0x00, 0x00, 0x00, 0x00, 0xF8, 0xFF, 0x1C, 0x00, 0x63, 0xAD, 0x00, 0x00, 0x44,
  0xFF, 0xD0, 0x00, 0x00, 0x00, 0x00, 0x00, 0x00, 0x00, 0x00, 0xF8, 0xFF, 0x1C, 0x45, 0xE3, 0x32,
  0x00, 0x00, 0x44, 0xFF, 0xD0, 0x00, 0x00, 0x00, 0x00, 0x00, 0x00, 0x00, 0x00, 0xF8, 0xFF, 0xDD,
  0xB5, 0x32, 0x00, 0x00, 0x00, 0x44, 0xFF, 0xD0, 0x00, 0x00, 0x00, 0x00, 0x00, 0x00, 0x00, 0x00,
  0xF8, 0xFF, 0x1C, 0x00, 0x00, 0x00, 0x00, 0x00, 0x44, 0xFF, 0xD0, 0x00, 0x00, 0x00, 0x00, 0x00,
  0x00, 0x00, 0x00, 0xF8, 0xFF, 0x1C, 0x00, 0x00, 0x00, 0x00, 0x00, 0x44, 0xFF, 0xD0, 0x00, 0x00,
  0x00, 0x00, 0x00, 0x00, 0x00, 0x00, 0xF8, 0xFF, 0x1C, 0x00, 0x00, 0x00, 0x00, 0x00, 0x41, 0xFF,
  0xD2, 0x00, 0x00, 0x00, 0x00, 0x00, 0x00, 0x00, 0x00, 0xFD, 0xFF, 0x18, 0x00, 0x00, 0x00, 0x00,
  0x00, 0x34, 0xFF, 0xE3, 0x00, 0x00, 0x00, 0x00, 0x00, 0x00, 0x00, 0x11, 0xFF, 0xFF, 0x0A, 0x00,
  0x00, 0x00, 0x00, 0x00, 0x14, 0xFF, 0xFE, 0x11, 0x00, 0x00, 0x00, 0x00, 0x00, 0x00, 0x41, 0xFF,
  0xEA, 0x00, 0x00, 0x00, 0x00, 0x00, 0x00, 0x00, 0xD8, 0xFF, 0x81, 0x00, 0x00, 0x00, 0x00, 0x00,
  0x00, 0xA9, 0xFF, 0xAC, 0x00, 0x00, 0x00, 0x00, 0x00, 0x00, 0x00, 0x61, 0xFF, 0xFE, 0x91, 0x2B,
  0x08, 0x0A, 0x34, 0xA0, 0xFF, 0xFC, 0x30, 0x00, 0x00, 0x00, 0x00, 0x00, 0x00, 0x00, 0x00, 0x99,
  0xFF, 0xFF, 0xFF, 0xFF, 0xFF, 0xFF, 0xFF, 0xFA, 0x5F, 0x00, 0x00, 0x00, 0x00, 0x00, 0x00, 0x00,
  0x00, 0x00, 0x00, 0x48, 0xA8, 0xDE, 0xF5, 0xF1, 0xD6, 0x94, 0x29, 0x00, 0x00, 0x00, 0x00, 0x00,
  0x00, 0x00, 0x00, 0x98, 0xFF, 0x58, 0x00, 0x00, 0x00, 0x00, 0x48, 0xFF, 0xA8, 0x04, 0xFF, 0xFF,
  0x10, 0x00, 0x98, 0xFF, 0x58, 0x00, 0x00, 0x00, 0x00, 0x48, 0xFF, 0xA8, 0x04, 0xFF, 0xFF, 0x0F,
  0x00, 0x98, 0xFF, 0x58, 0x00, 0x00, 0x00, 0x00, 0x48, 0xFF, 0xA8, 0x00, 0x08, 0xFF, 0x07, 0x00,
  0x98, 0xFF, 0x58, 0x00, 0x00, 0x00, 0x00, 0x48, 0xFF, 0xA8, 0x00, 0x37, 0xDF, 0x00, 0x00, 0x98,
  0xFF, 0x58, 0x00, 0x00, 0x00, 0x00, 0x48, 0xFF, 0xA8, 0x31, 0xDD, 0x5B, 0x00, 0x00, 0x98, 0xFF,
  0x58, 0x00, 0x00, 0x00, 0x00, 0x48, 0xFF, 0xF6, 0xCD, 0x51, 0x00, 0x00, 0x00, 0x98, 0xFF, 0x58,
  0x00, 0x00, 0x00, 0x00, 0x4E, 0xFF, 0xA8, 0x00, 0x00, 0x00, 0x00, 0x00, 0x96, 0xFF, 0x5F, 0x00,
  0x00, 0x00, 0x00, 0x66, 0xFF, 0xA8, 0x00, 0x00, 0x00, 0x00, 0x00, 0x8A, 0xFF, 0x88, 0x00, 0x00,
  0x00, 0x00, 0xB6, 0xFF, 0xA8, 0x00, 0x00, 0x00, 0x00, 0x00, 0x5B, 0xFF, 0xF0, 0x49, 0x08, 0x23,
  0x9C, 0xF9, 0xFF, 0xA8, 0x00, 0x00, 0x00, 0x00, 0x00, 0x09, 0xDC, 0xFF, 0xFF, 0xFF, 0xFF, 0xFE,
  0x6D, 0xFF, 0xA8, 0x00, 0x00, 0x00, 0x00, 0x00, 0x00, 0x19, 0x9B, 0xE8, 0xF6, 0xC9, 0x4A, 0x14,
  0xFF, 0xA8, 0x00, 0x00, 0x00, 0x00, 0x00, 0x00, 0x00, 0x00, 0x00, 0x00, 0x2C, 0xFF, 0xFF, 0x76,
  0x00, 0x00, 0x00, 0x00, 0x00, 0x00, 0x00, 0x00, 0x00, 0x00, 0x00, 0x00, 0x8D, 0xFF, 0xFF, 0xDC,
  0x01, 0x00, 0x00, 0x00, 0x00, 0x00, 0x00, 0x00, 0x00, 0x00, 0x00, 0x04, 0xE9, 0xF2, 0xC2, 0xFF,
  0x44, 0x00, 0x00, 0x00, 0x00, 0x00, 0x00, 0x00, 0x00, 0x00, 0x00, 0x4F, 0xFF, 0xB0, 0x66, 0xFF,
  0xAB, 0x00, 0x00, 0x00, 0x00, 0x00, 0x00, 0x00, 0x00, 0x00, 0x00, 0xB0, 0xFF, 0x5A, 0x10, 0xF8,
  0xFA, 0x18, 0x00, 0x00, 0x00, 0x00, 0x00, 0x00, 0x00, 0x00, 0x15, 0xFA, 0xEE, 0x09, 0x00, 0xA5,
  0xFF, 0x79, 0x00, 0x00, 0x00, 0x00, 0x00, 0x00, 0x00, 0x00, 0x71, 0xFF, 0x8D, 0x00, 0x00, 0x38,
  0xFF, 0xDE, 0x02, 0x00, 0x00, 0x00, 0x00, 0x00, 0x00, 0x00, 0xD1, 0xFE, 0x24, 0x00, 0x00, 0x00,
  0xCB, 0xFF, 0x47, 0x00, 0x00, 0x00, 0x00, 0x00, 0x00, 0x33, 0xFF, 0xB9, 0x00, 0x00, 0x00, 0x00,
  0x5E, 0xFF, 0xAE, 0x00, 0x00, 0x00, 0x00, 0x00, 0x00, 0x93, 0xFF, 0xFF, 0xFF, 0xFF, 0xFF, 0xFF,
  0xFF, 0xFF, 0xFB, 0x1A, 0x00, 0x00, 0x00, 0x00, 0x06, 0xED, 0xFF, 0xFF, 0xFF, 0xFF, 0xFF, 0xFF,
  0xFF, 0xFF, 0xFF, 0x7C, 0x00, 0x00, 0x00, 0x00, 0x55, 0xFF, 0xBB, 0x00, 0x00, 0x00, 0x00, 0x00,
  0x00, 0x52, 0xFF, 0xE1, 0x02, 0x00, 0x00, 0x00, 0xB6, 0xFF, 0x63, 0x00, 0x00, 0x00, 0x00, 0x00,
  0x00, 0x06, 0xED, 0xFF, 0x4A, 0x00, 0x00, 0x19, 0xFC, 0xFA, 0x11, 0x00, 0x00, 0x00, 0x00, 0x00,
  0x00, 0x00, 0x96, 0xFF, 0xB1, 0x00, 0x00, 0x77, 0xFF, 0xB3, 0x00, 0x00, 0x00, 0x00, 0x00, 0x00,
  0x00, 0x00, 0x39, 0xFF, 0xFC, 0x1C, 0x00, 0xD7, 0xFF, 0x5B, 0x00, 0x00, 0x00, 0x00, 0x00, 0x00,
  0x00, 0x00, 0x00, 0xDA, 0xFF, 0x80, 0x00, 0x00, 0x00, 0x00, 0x00, 0x00, 0x00, 0x00, 0x00, 0x00,
  0x00, 0x00, 0x00, 0x00, 0x00, 0x00, 0x00, 0x00, 0x00, 0x00, 0x00, 0x00, 0x00, 0xEC, 0xFF, 0x48,
  0x00, 0x00, 0x00, 0x00, 0x00, 0x00, 0x00, 0x00, 0x00, 0x00, 0x00, 0x00, 0x00, 0xEC, 0xFF, 0x48,
  0x00, 0x00, 0x00, 0x00, 0x00, 0x00, 0x00, 0x00, 0x05, 0x6B, 0xC4, 0xEF, 0xF9, 0xE2, 0x9D, 0x20,
  0x00, 0x00, 0x00, 0x05, 0xBB, 0xFF, 0xFF, 0xFF, 0xFF, 0xFF, 0xFF, 0xE9, 0x16, 0x00, 0x00, 0x64,
  0xFF, 0xD6, 0x3C, 0x0B, 0x0C, 0x36, 0xC2, 0xFF, 0x79, 0x00, 0x00, 0xBD, 0xFF, 0x39, 0x00, 0x00,
  0x00, 0x00, 0x4A, 0xFF, 0xA5, 0x00, 0x00, 0x00, 0x00, 0x03, 0x2B, 0x53, 0x79, 0xAA, 0xEA, 0xFF,
  0xAE, 0x00, 0x00, 0x02, 0x73, 0xE9, 0xFF, 0xFF, 0xFF, 0xFF, 0xFF, 0xFF, 0xB0, 0x00, 0x00, 0x8E,
  0xFF, 0xFF, 0xD9, 0xAB, 0x85, 0x56, 0x5B, 0xFF, 0xB0, 0x00, 0x0F, 0xF9, 0xFD, 0x4C, 0x00, 0x00,
  0x00, 0x00, 0x59, 0xFF, 0xB1, 0x00, 0x2B, 0xFF, 0xE9, 0x00, 0x00, 0x00, 0x00, 0x00, 0xB6, 0xFF,
  0xB5, 0x00, 0x09, 0xFC, 0xFF, 0x7E, 0x14, 0x09, 0x37, 0xB0, 0xFF, 0xFF, 0xC0, 0x00, 0x00, 0x8F,
  0xFF, 0xFF, 0xFF, 0xFF, 0xFF, 0xFF, 0xFF, 0xFF, 0xE4, 0x00, 0x00, 0x04, 0x72, 0xD3, 0xF5, 0xEB,
  0xCF, 0x92, 0x31, 0xE6, 0xFF, 0x29, 0x00, 0x00, 0x00, 0x00, 0x00, 0x00, 0x00, 0x00, 0x00, 0x00,
  0x00, 0x00, 0x00, 0x00, 0x00, 0x00, 0x14, 0xFF, 0xFF, 0x20, 0x00, 0x00, 0x00, 0x00, 0x00, 0x00,
  0x00, 0x00, 0x14, 0xFF, 0xFF, 0x20, 0x00, 0x00, 0x00, 0x00, 0x00, 0x00, 0x00, 0x00, 0x00, 0x00,
  0xE1, 0xFC, 0xE7, 0xA0, 0x15, 0x00, 0x00, 0x00, 0x00, 0x00, 0x00, 0x00, 0x00, 0x00, 0x00, 0x00,
  0x03, 0x08, 0x6C, 0xFF, 0x98, 0x00, 0x00, 0x00, 0x00, 0x00, 0x00, 0x00, 0x00, 0x00, 0x00, 0x00,
  0x00, 0x78, 0xFE, 0xD3, 0x41, 0x00, 0x00, 0x00, 0x00, 0x00, 0x00, 0x00, 0x00, 0x00, 0x00, 0x00,
  0x00, 0x00, 0x00, 0x00, 0x00, 0x00, 0x00, 0x00, 0x00, 0x00, 0x00, 0x00, 0x00, 0x00, 0x00, 0x00,
  0x2C, 0xFF, 0xFF, 0x76, 0x00, 0x00, 0x00, 0x00, 0x00, 0x00, 0x00, 0x00, 0x00, 0x00, 0x00, 0x00,
  0x8D, 0xFF, 0xFF, 0xDC, 0x01, 0x00, 0x00, 0x00, 0x00, 0x00, 0x00, 0x00, 0x00, 0x00, 0x00, 0x04,
  0xE9, 0xF2, 0xC2, 0xFF, 0x44, 0x00, 0x00, 0x00, 0x00, 0x00, 0x00, 0x00, 0x00, 0x00, 0x00, 0x4F,
  0xFF, 0xB0, 0x66, 0xFF, 0xAB, 0x00, 0x00, 0x00, 0x00, 0x00, 0x00, 0x00, 0x00, 0x00, 0x00, 0xB0,
  0xFF, 0x5A, 0x10, 0xF8, 0xFA, 0x18, 0x00, 0x00, 0x00, 0x00, 0x00, 0x00, 0x00, 0x00, 0x15, 0xFA,
  0xEE, 0x09, 0x00, 0xA5, 0xFF, 0x79, 0x00, 0x00, 0x00, 0x00, 0x00, 0x00, 0x00, 0x00, 0x71, 0xFF,
  0x8D, 0x00, 0x00, 0x38, 0xFF, 0xDE, 0x02, 0x00, 0x00, 0x00, 0x00, 0x00, 0x00, 0x00, 0xD1, 0xFE,
  0x24, 0x00, 0x00, 0x00, 0xCB, 0xFF, 0x47, 0x00, 0x00, 0x00, 0x00, 0x00, 0x00, 0x33, 0xFF, 0xB9,
  0x00, 0x00, 0x00, 0x00, 0x5E, 0xFF, 0xAE, 0x00, 0x00, 0x00, 0x00, 0x00, 0x00, 0x93, 0xFF, 0xFF,
  0xFF, 0xFF, 0xFF, 0xFF, 0xFF, 0xFF, 0xFB, 0x1A, 0x00, 0x00, 0x00, 0x00, 0x06, 0xED, 0xFF, 0xFF,
  0xFF, 0xFF, 0xFF, 0xFF, 0xFF, 0xFF, 0xFF, 0x7C, 0x00, 0x00, 0x00, 0x00, 0x55, 0xFF, 0xBB, 0x00,
  0x00, 0x00, 0x00, 0x00, 0x00, 0x52, 0xFF, 0xE1, 0x02, 0x00, 0x00, 0x00, 0xB6, 0xFF, 0x63, 0x00,
  0x00, 0x00, 0x00, 0x00, 0x00, 0x06, 0xED, 0xFF, 0x4A, 0x00, 0x00, 0x19, 0xFC, 0xFA, 0x11, 0x00,
  0x00, 0x00, 0x00, 0x00, 0x00, 0x00, 0x96, 0xFF, 0xB1, 0x00, 0x00, 0x77, 0xFF, 0xB3, 0x00, 0x00,
  0x00, 0x00, 0x00, 0x00, 0x00, 0x00, 0x39, 0xFF, 0xFC, 0x1C, 0x00, 0xD7, 0xFF, 0x5B, 0x00, 0x00,
  0x00, 0x00, 0x00, 0x00, 0x00, 0x00, 0x00, 0xDA, 0xFF, 0x80, 0x00, 0x00, 0x00, 0x00, 0x00, 0x00,
  0x00, 0x00, 0x00, 0x00, 0x00, 0x00, 0x00, 0x00, 0x00, 0x00, 0xB8, 0xFE, 0xEA, 0xA2, 0x13, 0x00,
  0x00, 0x00, 0x00, 0x00, 0x00, 0x00, 0x06, 0x06, 0x43, 0xFD, 0xAF, 0x00, 0x00, 0x00, 0x00, 0x00,
  0x00, 0x00, 0x00, 0x01, 0x42, 0xFE, 0xC9, 0x00, 0x00, 0x00, 0x00, 0x00, 0x00, 0x00, 0x00, 0x4C,
  0xFF, 0xD5, 0x3C, 0x00, 0x00, 0x00, 0x00, 0x00, 0x00, 0x00, 0x00, 0x00, 0x00, 0x00, 0x00, 0x00,
  0x00, 0x00, 0x00, 0x00, 0x05, 0x6B, 0xC4, 0xEF, 0xF9, 0xE2, 0x9D, 0x20, 0x00, 0x00, 0x00, 0x05,
  0xBB, 0xFF, 0xFF, 0xFF, 0xFF, 0xFF, 0xFF, 0xE9, 0x16, 0x00, 0x00, 0x64, 0xFF, 0xD6, 0x3C, 0x0B,
  0x0C, 0x36, 0xC2, 0xFF, 0x79, 0x00, 0x00, 0xBD, 0xFF, 0x39, 0x00, 0x00, 0x00, 0x00, 0x4A, 0xFF,
  0xA5, 0x00, 0x00, 0x00, 0x00, 0x03, 0x2B, 0x53, 0x79, 0xAA, 0xEA, 0xFF, 0xAE, 0x00, 0x00, 0x02,
  0x73, 0xE9, 0xFF, 0xFF, 0xFF, 0xFF, 0xFF, 0xFF, 0xB0, 0x00, 0x00, 0x8E, 0xFF, 0xFF, 0xD9, 0xAB,
  0x85, 0x56, 0x5B, 0xFF, 0xB0, 0x00, 0x0F, 0xF9, 0xFD, 0x4C, 0x00, 0x00, 0x00, 0x00, 0x59, 0xFF,
  0xB1, 0x00, 0x2B, 0xFF, 0xE9, 0x00, 0x00, 0x00, 0x00, 0x00, 0xB6, 0xFF, 0xB5, 0x00, 0x09, 0xFC,
  0xFF, 0x7E, 0x14, 0x09, 0x37, 0xB0, 0xFF, 0xFF, 0xC0, 0x00, 0x00, 0x8F, 0xFF, 0xFF, 0xFF, 0xFF,
  0xFF, 0xFF, 0xFF, 0xFF, 0xE4, 0x00, 0x00, 0x04, 0x72, 0xD3, 0xF5, 0xEB, 0xCF, 0x92, 0x31, 0xE6,
  0xFF, 0x29, 0x00, 0x00, 0x00, 0x00, 0x00, 0x00, 0x00, 0x09, 0xD4, 0xF5, 0x57, 0x00, 0x00, 0x00,
  0x00, 0x00, 0x00, 0x00, 0x00, 0x00, 0x00, 0x00, 0x00, 0x97, 0xDF, 0x2F, 0x00, 0x00, 0x00, 0x00,
  0x00, 0x00, 0x00, 0x00, 0x00, 0x00, 0x00, 0x00, 0x83, 0xFF, 0xFD, 0xAA, 0x07, 0x00, 0x00, 0x00,
  0x00, 0x00, 0x00, 0x00, 0x00, 0x00, 0x04, 0x9F, 0xF6, 0x5E, 0x3D, 0xE7, 0xC0, 0x0F, 0x00, 0x00,
  0x00, 0x00, 0x00, 0x00, 0x00, 0x00, 0x00, 0x00, 0x2C, 0xFF, 0xFF, 0x76, 0x00, 0x00, 0x00, 0x00,
  0x00, 0x00, 0x00, 0x00, 0x00, 0x00, 0x00, 0x00, 0x8D, 0xFF, 0xFF, 0xDC, 0x01, 0x00, 0x00, 0x00,
  0x00, 0x00, 0x00, 0x00, 0x00, 0x00, 0x00, 0x04, 0xE9, 0xF2, 0xC2, 0xFF, 0x44, 0x00, 0x00, 0x00,
  0x00, 0x00, 0x00, 0x00, 0x00, 0x00, 0x00, 0x4F, 0xFF, 0xB0, 0x66, 0xFF, 0xAB, 0x00, 0x00, 0x00,
  0x00, 0x00, 0x00, 0x00, 0x00, 0x00, 0x00, 0xB0, 0xFF, 0x5A, 0x10, 0xF8, 0xFA, 0x18, 0x00, 0x00,
  0x00, 0x00, 0x00, 0x00, 0x00, 0x00, 0x15, 0xFA, 0xEE, 0x09, 0x00, 0xA5, 0xFF, 0x79, 0x00, 0x00,
  0x00, 0x00, 0x00, 0x00, 0x00, 0x00, 0x71, 0xFF, 0x8D, 0x00, 0x00, 0x38, 0xFF, 0xDE, 0x02, 0x00,
  0x00, 0x00, 0x00, 0x00, 0x00, 0x00, 0xD1, 0xFE, 0x24, 0x00, 0x00, 0x00, 0xCB, 0xFF, 0x47, 0x00,
  0x00, 0x00, 0x00, 0x00, 0x00, 0x33, 0xFF, 0xB9, 0x00, 0x00, 0x00, 0x00, 0x5E, 0xFF, 0xAE, 0x00,
  0x00, 0x00, 0x00, 0x00, 0x00, 0x93, 0xFF, 0xFF, 0xFF, 0xFF, 0xFF, 0xFF, 0xFF, 0xFF, 0xFB, 0x1A,
  0x00, 0x00, 0x00, 0x00, 0x06, 0xED, 0xFF, 0xFF, 0xFF, 0xFF, 0xFF, 0xFF, 0xFF, 0xFF, 0xFF, 0x7C,
  0x00, 0x00, 0x00, 0x00, 0x55, 0xFF, 0xBB, 0x00, 0x00, 0x00, 0x00, 0x00, 0x00, 0x52, 0xFF, 0xE1,
  0x02, 0x00, 0x00, 0x00, 0xB6, 0xFF, 0x63, 0x00, 0x00, 0x00, 0x00, 0x00, 0x00, 0x06, 0xED, 0xFF,
  0x4A, 0x00, 0x00, 0x19, 0xFC, 0xFA, 0x11, 0x00, 0x00, 0x00, 0x00, 0x00, 0x00, 0x00, 0x96, 0xFF,
  0xB1, 0x00, 0x00, 0x77, 0xFF, 0xB3, 0x00, 0x00, 0x00, 0x00, 0x00, 0x00, 0x00, 0x00, 0x39, 0xFF,
  0xFC, 0x1C, 0x00, 0xD7, 0xFF, 0x5B, 0x00, 0x00, 0x00, 0x00, 0x00, 0x00, 0x00, 0x00, 0x00, 0xDA,
  0xFF, 0x80, 0x00, 0x00, 0x00, 0x00, 0x00, 0x00, 0xCD, 0xFF, 0x99, 0x00, 0x00, 0x00, 0x00, 0x00,
  0x00, 0x00, 0x00, 0x4B, 0xFF, 0xC0, 0x05, 0x00, 0x00, 0x00, 0x00, 0x00, 0x00, 0x00, 0x00, 0xC6,
  0xDE, 0x13, 0x00, 0x00, 0x00, 0x00, 0x00, 0x00, 0x00, 0x00, 0x00, 0x00, 0x00, 0x00, 0x00, 0x00,
  0x00, 0x00, 0x00, 0x00, 0x00, 0x00, 0x68, 0xFF, 0xFF, 0x72, 0x00, 0x00, 0x00, 0x00, 0x00, 0x00,
  0x00, 0x35, 0xF8, 0xC7, 0x9F, 0xFC, 0x43, 0x00, 0x00, 0x00, 0x00, 0x00, 0x13, 0xE1, 0xFC, 0x31,
  0x16, 0xF0, 0xEC, 0x20, 0x00, 0x00, 0x00, 0x00, 0x00, 0x00, 0x00, 0x00, 0x00, 0x00, 0x00, 0x00,
  0x00, 0x00, 0x00, 0x00, 0x05, 0x6B, 0xC4, 0xEF, 0xF9, 0xE2, 0x9D, 0x20, 0x00, 0x00, 0x00, 0x05,
  0xBB, 0xFF, 0xFF, 0xFF, 0xFF, 0xFF, 0xFF, 0xE9, 0x16, 0x00, 0x00, 0x64, 0xFF, 0xD6, 0x3C, 0x0B,
  0x0C, 0x36, 0xC2, 0xFF, 0x79, 0x00, 0x00, 0xBD, 0xFF, 0x39, 0x00, 0x00, 0x00, 0x00, 0x4A, 0xFF,
  0xA5, 0x00, 0x00, 0x00, 0x00, 0x03, 0x2B, 0x53, 0x79, 0xAA, 0xEA, 0xFF, 0xAE, 0x00, 0x00, 0x02,
  0x73, 0xE9, 0xFF, 0xFF, 0xFF, 0xFF, 0xFF, 0xFF, 0xB0, 0x00, 0x00, 0x8E, 0xFF, 0xFF, 0xD9, 0xAB,
  0x85, 0x56, 0x5B, 0xFF, 0xB0, 0x00, 0x0F, 0xF9, 0xFD, 0x4C, 0x00, 0x00, 0x00, 0x00, 0x59, 0xFF,
  0xB1, 0x00, 0x2B, 0xFF, 0xE9, 0x00, 0x00, 0x00, 0x00, 0x00, 0xB6, 0xFF, 0xB5, 0x00, 0x09, 0xFC,
  0xFF, 0x7E, 0x14, 0x09, 0x37, 0xB0, 0xFF, 0xFF, 0xC0, 0x00, 0x00, 0x8F, 0xFF, 0xFF, 0xFF, 0xFF,
  0xFF, 0xFF, 0xFF, 0xFF, 0xE4, 0x00, 0x00, 0x04, 0x72, 0xD3, 0xF5, 0xEB, 0xCF, 0x92, 0x31, 0xE6,
  0xFF, 0x29, 0x00, 0x00, 0x00, 0x00, 0x00, 0x38, 0xE5, 0xF0, 0x1F, 0x00, 0x00, 0x00, 0x00, 0x00,
  0x00, 0x00, 0x00, 0x00, 0x00, 0x00, 0x00, 0x00, 0x19, 0xC6, 0xC4, 0x03, 0x00, 0x00, 0x00, 0x00,
  0x00, 0x00, 0x00, 0x00, 0x00, 0x00, 0x00, 0x00, 0x83, 0xFF, 0xFD, 0xAA, 0x07, 0x00, 0x00, 0x00,
  0x00, 0x00, 0x00, 0x00, 0x00, 0x00, 0x04, 0x9F, 0xF6, 0x5E, 0x3D, 0xE7, 0xC0, 0x0F, 0x00, 0x00,
  0x00, 0x00, 0x00, 0x00, 0x00, 0x00, 0x00, 0x00, 0x2C, 0xFF, 0xFF, 0x76, 0x00, 0x00, 0x00, 0x00,
  0x00, 0x00, 0x00, 0x00, 0x00, 0x00, 0x00, 0x00, 0x8D, 0xFF, 0xFF, 0xDC, 0x01, 0x00, 0x00, 0x00,
  0x00, 0x00, 0x00, 0x00, 0x00, 0x00, 0x00, 0x04, 0xE9, 0xF2, 0xC2, 0xFF, 0x44, 0x00, 0x00, 0x00,
  0x00, 0x00, 0x00, 0x00, 0x00, 0x00, 0x00, 0x4F, 0xFF, 0xB0, 0x66, 0xFF, 0xAB, 0x00, 0x00, 0x00,
  0x00, 0x00, 0x00, 0x00, 0x00, 0x00, 0x00, 0xB0, 0xFF, 0x5A, 0x10, 0xF8, 0xFA, 0x18, 0x00, 0x00,
  0x00, 0x00, 0x00, 0x00, 0x00, 0x00, 0x15, 0xFA, 0xEE, 0x09, 0x00, 0xA5, 0xFF, 0x79, 0x00, 0x00,
  0x00, 0x00, 0x00, 0x00, 0x00, 0x00, 0x71, 0xFF, 0x8D, 0x00, 0x00, 0x38, 0xFF, 0xDE, 0x02, 0x00,
  0x00, 0x00, 0x00, 0x00, 0x00, 0x00, 0xD1, 0xFE, 0x24, 0x00, 0x00, 0x00, 0xCB, 0xFF, 0x47, 0x00,
  0x00, 0x00, 0x00, 0x00, 0x00, 0x33, 0xFF, 0xB9, 0x00, 0x00, 0x00, 0x00, 0x5E, 0xFF, 0xAE, 0x00,
  0x00, 0x00, 0x00, 0x00, 0x00, 0x93, 0xFF, 0xFF, 0xFF, 0xFF, 0xFF, 0xFF, 0xFF, 0xFF, 0xFB, 0x1A,
  0x00, 0x00, 0x00, 0x00, 0x06, 0xED, 0xFF, 0xFF, 0xFF, 0xFF, 0xFF, 0xFF, 0xFF, 0xFF, 0xFF, 0x7C,
  0x00, 0x00, 0x00, 0x00, 0x55, 0xFF, 0xBB, 0x00, 0x00, 0x00, 0x00, 0x00, 0x00, 0x52, 0xFF, 0xE1,
  0x02, 0x00, 0x00, 0x00, 0xB6, 0xFF, 0x63, 0x00, 0x00, 0x00, 0x00, 0x00, 0x00, 0x06, 0xED, 0xFF,
  0x4A, 0x00, 0x00, 0x19, 0xFC, 0xFA, 0x11, 0x00, 0x00, 0x00, 0x00, 0x00, 0x00, 0x00, 0x96, 0xFF,
  0xB1, 0x00, 0x00, 0x77, 0xFF, 0xB3, 0x00, 0x00, 0x00, 0x00, 0x00, 0x00, 0x00, 0x00, 0x39, 0xFF,
  0xFC, 0x1C, 0x00, 0xD7, 0xFF, 0x5B, 0x00, 0x00, 0x00, 0x00, 0x00, 0x00, 0x00, 0x00, 0x00, 0xDA,
  0xFF, 0x80, 0x00, 0x00, 0x00, 0x96, 0xFF, 0xD3, 0x01, 0x00, 0x00, 0x00, 0x00, 0x00, 0x00, 0x00,
  0x00, 0x04, 0xBE, 0xFF, 0x4F, 0x00, 0x00, 0x00, 0x00, 0x00, 0x00, 0x00, 0x00, 0x00, 0x12, 0xDB,
  0xCA, 0x00, 0x00, 0x00, 0x00, 0x00, 0x00, 0x00, 0x00, 0x00, 0x00, 0x00, 0x00, 0x00, 0x00, 0x00,
  0x00, 0x00, 0x00, 0x00, 0x00, 0x00, 0x68, 0xFF, 0xFF, 0x72, 0x00, 0x00, 0x00, 0x00, 0x00, 0x00,
  0x00, 0x35, 0xF8, 0xC7, 0x9F, 0xFC, 0x43, 0x00, 0x00, 0x00, 0x00, 0x00, 0x13, 0xE1, 0xFC, 0x31,
  0x16, 0xF0, 0xEC, 0x20, 0x00, 0x00, 0x00, 0x00, 0x00, 0x00, 0x00, 0x00, 0x00, 0x00, 0x00, 0x00,
  0x00, 0x00, 0x00, 0x00, 0x05, 0x6B, 0xC4, 0xEF, 0xF9, 0xE2, 0x9D, 0x20, 0x00, 0x00, 0x00, 0x05,
  0xBB, 0xFF, 0xFF, 0xFF, 0xFF, 0xFF, 0xFF, 0xE9, 0x16, 0x00, 0x00, 0x64, 0xFF, 0xD6, 0x3C, 0x0B,
  0x0C, 0x36, 0xC2, 0xFF, 0x79, 0x00, 0x00, 0xBD, 0xFF, 0x39, 0x00, 0x00, 0x00, 0x00, 0x4A, 0xFF,
  0xA5, 0x00, 0x00, 0x00, 0x00, 0x03, 0x2B, 0x53, 0x79, 0xAA, 0xEA, 0xFF, 0xAE, 0x00, 0x00, 0x02,
  0x73, 0xE9, 0xFF, 0xFF, 0xFF, 0xFF, 0xFF, 0xFF, 0xB0, 0x00, 0x00, 0x8E, 0xFF, 0xFF, 0xD9, 0xAB,
  0x85, 0x56, 0x5B, 0xFF, 0xB0, 0x00, 0x0F, 0xF9, 0xFD, 0x4C, 0x00, 0x00, 0x00, 0x00, 0x59, 0xFF,
  0xB1, 0x00, 0x2B, 0xFF, 0xE9, 0x00, 0x00, 0x00, 0x00, 0x00, 0xB6, 0xFF, 0xB5, 0x00, 0x09, 0xFC,
  0xFF, 0x7E, 0x14, 0x09, 0x37, 0xB0, 0xFF, 0xFF, 0xC0, 0x00, 0x00, 0x8F, 0xFF, 0xFF, 0xFF, 0xFF,
  0xFF, 0xFF, 0xFF, 0xFF, 0xE4, 0x00, 0x00, 0x04, 0x72, 0xD3, 0xF5, 0xEB, 0xCF, 0x92, 0x31, 0xE6,
  0xFF, 0x29, 0x00, 0x00, 0x00, 0x00, 0x00, 0x00, 0xC0, 0xFD, 0xF1, 0xC3, 0x2A, 0x00, 0x00, 0x00,
  0x00, 0x00, 0x00, 0x00, 0x00, 0x00, 0x00, 0x00, 0x00, 0x58, 0xFD, 0xD8, 0x3D, 0x00, 0x00, 0x00,
  0x00, 0x00, 0x00, 0x00, 0x00, 0x00, 0x00, 0x00, 0x83, 0xFF, 0xFD, 0xAA, 0x07, 0x00, 0x00, 0x00,
  0x00, 0x00, 0x00, 0x00, 0x00, 0x00, 0x04, 0x9F, 0xF6, 0x5E, 0x3D, 0xE7, 0xC0, 0x0F, 0x00, 0x00,
  0x00, 0x00, 0x00, 0x00, 0x00, 0x00, 0x00, 0x00, 0x2C, 0xFF, 0xFF, 0x76, 0x00, 0x00, 0x00, 0x00,
  0x00, 0x00, 0x00, 0x00, 0x00, 0x00, 0x00, 0x00, 0x8D, 0xFF, 0xFF, 0xDC, 0x01, 0x00, 0x00, 0x00,
  0x00, 0x00, 0x00, 0x00, 0x00, 0x00, 0x00, 0x04, 0xE9, 0xF2, 0xC2, 0xFF, 0x44, 0x00, 0x00, 0x00,
  0x00, 0x00, 0x00, 0x00, 0x00, 0x00, 0x00, 0x4F, 0xFF, 0xB0, 0x66, 0xFF, 0xAB, 0x00, 0x00, 0x00,
  0x00, 0x00, 0x00, 0x00, 0x00, 0x00, 0x00, 0xB0, 0xFF, 0x5A, 0x10, 0xF8, 0xFA, 0x18, 0x00, 0x00,
  0x00, 0x00, 0x00, 0x00, 0x00, 0x00, 0x15, 0xFA, 0xEE, 0x09, 0x00, 0xA5, 0xFF, 0x79, 0x00, 0x00,
  0x00, 0x00, 0x00, 0x00, 0x00, 0x00, 0x71, 0xFF, 0x8D, 0x00, 0x00, 0x38, 0xFF, 0xDE, 0x02, 0x00,
  0x00, 0x00, 0x00, 0x00, 0x00, 0x00, 0xD1, 0xFE, 0x24, 0x00, 0x00, 0x00, 0xCB, 0xFF, 0x47, 0x00,
  0x00, 0x00, 0x00, 0x00, 0x00, 0x33, 0xFF, 0xB9, 0x00, 0x00, 0x00, 0x00, 0x5E, 0xFF, 0xAE, 0x00,
  0x00, 0x00, 0x00, 0x00, 0x00, 0x93, 0xFF, 0xFF, 0xFF, 0xFF, 0xFF, 0xFF, 0xFF, 0xFF, 0xFB, 0x1A,
  0x00, 0x00, 0x00, 0x00, 0x06, 0xED, 0xFF, 0xFF, 0xFF, 0xFF, 0xFF, 0xFF, 0xFF, 0xFF, 0xFF, 0x7C,
  0x00, 0x00, 0x00, 0x00, 0x55, 0xFF, 0xBB, 0x00, 0x00, 0x00, 0x00, 0x00, 0x00, 0x52, 0xFF, 0xE1,
  0x02, 0x00, 0x00, 0x00, 0xB6, 0xFF, 0x63, 0x00, 0x00, 0x00, 0x00, 0x00, 0x00, 0x06, 0xED, 0xFF,
  0x4A, 0x00, 0x00, 0x19, 0xFC, 0xFA, 0x11, 0x00, 0x00, 0x00, 0x00, 0x00, 0x00, 0x00, 0x96, 0xFF,
  0xB1, 0x00, 0x00, 0x77, 0xFF, 0xB3, 0x00, 0x00, 0x00, 0x00, 0x00, 0x00, 0x00, 0x00, 0x39, 0xFF,
  0xFC, 0x1C, 0x00, 0xD7, 0xFF, 0x5B, 0x00, 0x00, 0x00, 0x00, 0x00, 0x00, 0x00, 0x00, 0x00, 0xDA,
  0xFF, 0x80, 0x00, 0x00, 0x00, 0x00, 0xEF, 0xFC, 0xE4, 0x98, 0x10, 0x00, 0x00, 0x00, 0x00, 0x00,
  0x00, 0x00, 0x03, 0x09, 0x7A, 0xFF, 0x88, 0x00, 0x00, 0x00, 0x00, 0x00, 0x00, 0x00, 0x00, 0x88,
  0xFD, 0xCE, 0x37, 0x00, 0x00, 0x00, 0x00, 0x00, 0x00, 0x00, 0x00, 0x00, 0x00, 0x00, 0x00, 0x00,
  0x00, 0x00, 0x00, 0x00, 0x00, 0x00, 0x68, 0xFF, 0xFF, 0x72, 0x00, 0x00, 0x00, 0x00, 0x00, 0x00,
  0x00, 0x35, 0xF8, 0xC7, 0x9F, 0xFC, 0x43, 0x00, 0x00, 0x00, 0x00, 0x00, 0x13, 0xE1, 0xFC, 0x31,
  0x16, 0xF0, 0xEC, 0x20, 0x00, 0x00, 0x00, 0x00, 0x00, 0x00, 0x00, 0x00, 0x00, 0x00, 0x00, 0x00,
  0x00, 0x00, 0x00, 0x00, 0x05, 0x6B, 0xC4, 0xEF, 0xF9, 0xE2, 0x9D, 0x20, 0x00, 0x00, 0x00, 0x05,
  0xBB, 0xFF, 0xFF, 0xFF, 0xFF, 0xFF, 0xFF, 0xE9, 0x16, 0x00, 0x00, 0x64, 0xFF, 0xD6, 0x3C, 0x0B,
  0x0C, 0x36, 0xC2, 0xFF, 0x79, 0x00, 0x00, 0xBD, 0xFF, 0x39, 0x00, 0x00, 0x00, 0x00, 0x4A, 0xFF,
  0xA5, 0x00, 0x00, 0x00, 0x00, 0x03, 0x2B, 0x53, 0x79, 0xAA, 0xEA, 0xFF, 0xAE, 0x00, 0x00, 0x02,
  0x73, 0xE9, 0xFF, 0xFF, 0xFF, 0xFF, 0xFF, 0xFF, 0xB0, 0x00, 0x00, 0x8E, 0xFF, 0xFF, 0xD9, 0xAB,
  0x85, 0x56, 0x5B, 0xFF, 0xB0, 0x00, 0x0F, 0xF9, 0xFD, 0x4C, 0x00, 0x00, 0x00, 0x00, 0x59, 0xFF,
  0xB1, 0x00, 0x2B, 0xFF, 0xE9, 0x00, 0x00, 0x00, 0x00, 0x00, 0xB6, 0xFF, 0xB5, 0x00, 0x09, 0xFC,
  0xFF, 0x7E, 0x14, 0x09, 0x37, 0xB0, 0xFF, 0xFF, 0xC0, 0x00, 0x00, 0x8F, 0xFF, 0xFF, 0xFF, 0xFF,
  0xFF, 0xFF, 0xFF, 0xFF, 0xE4, 0x00, 0x00, 0x04, 0x72, 0xD3, 0xF5, 0xEB, 0xCF, 0x92, 0x31, 0xE6,
  0xFF, 0x29, 0x00, 0x00, 0x00, 0x00, 0x03, 0xA1, 0xF3, 0xD3, 0x68, 0x11, 0x7E, 0xAF, 0x00, 0x00,
  0x00, 0x00, 0x00, 0x00, 0x00, 0x00, 0x4F, 0xCC, 0x10, 0x3C, 0xAB, 0xF3, 0xD8, 0x34, 0x00, 0x00,
  0x00, 0x00, 0x00, 0x00, 0x00, 0x00, 0x00, 0x00, 0x83, 0xFF, 0xFD, 0xAA, 0x07, 0x00, 0x00, 0x00,
  0x00, 0x00, 0x00, 0x00, 0x00, 0x00, 0x04, 0x9F, 0xF6, 0x5E, 0x3D, 0xE7, 0xC0, 0x0F, 0x00, 0x00,
  0x00, 0x00, 0x00, 0x00, 0x00, 0x00, 0x00, 0x00, 0x2C, 0xFF, 0xFF, 0x76, 0x00, 0x00, 0x00, 0x00,
  0x00, 0x00, 0x00, 0x00, 0x00, 0x00, 0x00, 0x00, 0x8D, 0xFF, 0xFF, 0xDC, 0x01, 0x00, 0x00, 0x00,
  0x00, 0x00, 0x00, 0x00, 0x00, 0x00, 0x00, 0x04, 0xE9, 0xF2, 0xC2, 0xFF, 0x44, 0x00, 0x00, 0x00,
  0x00, 0x00, 0x00, 0x00, 0x00, 0x00, 0x00, 0x4F, 0xFF, 0xB0, 0x66, 0xFF, 0xAB, 0x00, 0x00, 0x00,
  0x00, 0x00, 0x00, 0x00, 0x00, 0x00, 0x00, 0xB0, 0xFF, 0x5A, 0x10, 0xF8, 0xFA, 0x18, 0x00, 0x00,
  0x00, 0x00, 0x00, 0x00, 0x00, 0x00, 0x15, 0xFA, 0xEE, 0x09, 0x00, 0xA5, 0xFF, 0x79, 0x00, 0x00,
  0x00, 0x00, 0x00, 0x00, 0x00, 0x00, 0x71, 0xFF, 0x8D, 0x00, 0x00, 0x38, 0xFF, 0xDE, 0x02, 0x00,
  0x00, 0x00, 0x00, 0x00, 0x00, 0x00, 0xD1, 0xFE, 0x24, 0x00, 0x00, 0x00, 0xCB, 0xFF, 0x47, 0x00,
  0x00, 0x00, 0x00, 0x00, 0x00, 0x33, 0xFF, 0xB9, 0x00, 0x00, 0x00, 0x00, 0x5E, 0xFF, 0xAE, 0x00,
  0x00, 0x00, 0x00, 0x00, 0x00, 0x93, 0xFF, 0xFF, 0xFF, 0xFF, 0xFF, 0xFF, 0xFF, 0xFF, 0xFB, 0x1A,
  0x00, 0x00, 0x00, 0x00, 0x06, 0xED, 0xFF, 0xFF, 0xFF, 0xFF, 0xFF, 0xFF, 0xFF, 0xFF, 0xFF, 0x7C,
  0x00, 0x00, 0x00, 0x00, 0x55, 0xFF, 0xBB, 0x00, 0x00, 0x00, 0x00, 0x00, 0x00, 0x52, 0xFF, 0xE1,
  0x02, 0x00, 0x00, 0x00, 0xB6, 0xFF, 0x63, 0x00, 0x00, 0x00, 0x00, 0x00, 0x00, 0x06, 0xED, 0xFF,
  0x4A, 0x00, 0x00, 0x19, 0xFC, 0xFA, 0x11, 0x00, 0x00, 0x00, 0x00, 0x00, 0x00, 0x00, 0x96, 0xFF,
  0xB1, 0x00, 0x00, 0x77, 0xFF, 0xB3, 0x00, 0x00, 0x00, 0x00, 0x00, 0x00, 0x00, 0x00, 0x39, 0xFF,
  0xFC, 0x1C, 0x00, 0xD7, 0xFF, 0x5B, 0x00, 0x00, 0x00, 0x00, 0x00, 0x00, 0x00, 0x00, 0x00, 0xDA,
  0xFF, 0x80, 0x00, 0x00, 0x0A, 0xAD, 0xF3, 0xCA, 0x59, 0x15, 0xE3, 0x93, 0x00, 0x00, 0x00, 0x00,
  0x6B, 0xFB, 0x21, 0x43, 0xB6, 0xF4, 0xCE, 0x23, 0x00, 0x00, 0x00, 0x00, 0x00, 0x00, 0x00, 0x00,
  0x00, 0x00, 0x00, 0x00, 0x00, 0x00, 0x00, 0x00, 0x00, 0x00, 0x68, 0xFF, 0xFF, 0x72, 0x00, 0x00,
  0x00, 0x00, 0x00, 0x00, 0x00, 0x35, 0xF8, 0xC7, 0x9F, 0xFC, 0x43, 0x00, 0x00, 0x00, 0x00, 0x00,
  0x13, 0xE1, 0xFC, 0x31, 0x16, 0xF0, 0xEC, 0x20, 0x00, 0x00, 0x00, 0x00, 0x00, 0x00, 0x00, 0x00,
  0x00, 0x00, 0x00, 0x00, 0x00, 0x00, 0x00, 0x00, 0x05, 0x6B, 0xC4, 0xEF, 0xF9, 0xE2, 0x9D, 0x20,
  0x00, 0x00, 0x00, 0x05, 0xBB, 0xFF, 0xFF, 0xFF, 0xFF, 0xFF, 0xFF, 0xE9, 0x16, 0x00, 0x00, 0x64,
  0xFF, 0xD6, 0x3C, 0x0B, 0x0C, 0x36, 0xC2, 0xFF, 0x79, 0x00, 0x00, 0xBD, 0xFF, 0x39, 0x00, 0x00,
  0x00, 0x00, 0x4A, 0xFF, 0xA5, 0x00, 0x00, 0x00, 0x00, 0x03, 0x2B, 0x53, 0x79, 0xAA, 0xEA, 0xFF,
  0xAE, 0x00, 0x00, 0x02, 0x73, 0xE9, 0xFF, 0xFF, 0xFF, 0xFF, 0xFF, 0xFF, 0xB0, 0x00, 0x00, 0x8E,
  0xFF, 0xFF, 0xD9, 0xAB, 0x85, 0x56, 0x5B, 0xFF, 0xB0, 0x00, 0x0F, 0xF9, 0xFD, 0x4C, 0x00, 0x00,
  0x00, 0x00, 0x59, 0xFF, 0xB1, 0x00, 0x2B, 0xFF, 0xE9, 0x00, 0x00, 0x00, 0x00, 0x00, 0xB6, 0xFF,
  0xB5, 0x00, 0x09, 0xFC, 0xFF, 0x7E, 0x14, 0x09, 0x37, 0xB0, 0xFF, 0xFF, 0xC0, 0x00, 0x00, 0x8F,
  0xFF, 0xFF, 0xFF, 0xFF, 0xFF, 0xFF, 0xFF, 0xFF, 0xE4, 0x00, 0x00, 0x04, 0x72, 0xD3, 0xF5, 0xEB,
  0xCF, 0x92, 0x31, 0xE6, 0xFF, 0x29, 0x00, 0x00, 0x00, 0x00, 0x00, 0x00, 0x83, 0xFF, 0xFD, 0xAA,
  0x07, 0x00, 0x00, 0x00, 0x00, 0x00, 0x00, 0x00, 0x00, 0x00, 0x04, 0x9F, 0xF6, 0x5E, 0x3D, 0xE7,
  0xC0, 0x0F, 0x00, 0x00, 0x00, 0x00, 0x00, 0x00, 0x00, 0x00, 0x00, 0x00, 0x00, 0x00, 0x00, 0x00,
  0x00, 0x00, 0x00, 0x00, 0x00, 0x00, 0x00, 0x00, 0x00, 0x00, 0x00, 0x00, 0x2C, 0xFF, 0xFF, 0x76,
  0x00, 0x00, 0x00, 0x00, 0x00, 0x00, 0x00, 0x00, 0x00, 0x00, 0x00, 0x00, 0x8D, 0xFF, 0xFF, 0xDC,
  0x01, 0x00, 0x00, 0x00, 0x00, 0x00, 0x00, 0x00, 0x00, 0x00, 0x00, 0x04, 0xE9, 0xF2, 0xC2, 0xFF,
  0x44, 0x00, 0x00, 0x00, 0x00, 0x00, 0x00, 0x00, 0x00, 0x00, 0x00, 0x4F, 0xFF, 0xB0, 0x66, 0xFF,
  0xAB, 0x00, 0x00, 0x00, 0x00, 0x00, 0x00, 0x00, 0x00, 0x00, 0x00, 0xB0, 0xFF, 0x5A, 0x10, 0xF8,
  0xFA, 0x18, 0x00, 0x00, 0x00, 0x00, 0x00, 0x00, 0x00, 0x00, 0x15, 0xFA, 0xEE, 0x09, 0x00, 0xA5,
  0xFF, 0x79, 0x00, 0x00, 0x00, 0x00, 0x00, 0x00, 0x00, 0x00, 0x71, 0xFF, 0x8D, 0x00, 0x00, 0x38,
  0xFF, 0xDE, 0x02, 0x00, 0x00, 0x00, 0x00, 0x00, 0x00, 0x00, 0xD1, 0xFE, 0x24, 0x00, 0x00, 0x00,
  0xCB, 0xFF, 0x47, 0x00, 0x00, 0x00, 0x00, 0x00, 0x00, 0x33, 0xFF, 0xB9, 0x00, 0x00, 0x00, 0x00,
  0x5E, 0xFF, 0xAE, 0x00, 0x00, 0x00, 0x00, 0x00, 0x00, 0x93, 0xFF, 0xFF, 0xFF, 0xFF, 0xFF, 0xFF,
  0xFF, 0xFF, 0xFB, 0x1A, 0x00, 0x00, 0x00, 0x00, 0x06, 0xED, 0xFF, 0xFF, 0xFF, 0xFF, 0xFF, 0xFF,
  0xFF, 0xFF, 0xFF, 0x7C, 0x00, 0x00, 0x00, 0x00, 0x55, 0xFF, 0xBB, 0x00, 0x00, 0x00, 0x00, 0x00,
  0x00, 0x52, 0xFF, 0xE1, 0x02, 0x00, 0x00, 0x00, 0xB6, 0xFF, 0x63, 0x00, 0x00, 0x00, 0x00, 0x00,
  0x00, 0x06, 0xED, 0xFF, 0x4A, 0x00, 0x00, 0x19, 0xFC, 0xFA, 0x11, 0x00, 0x00, 0x00, 0x00, 0x00,
  0x00, 0x00, 0x96, 0xFF, 0xB1, 0x00, 0x00, 0x77, 0xFF, 0xB3, 0x00, 0x00, 0x00, 0x00, 0x00, 0x00,
  0x00, 0x00, 0x39, 0xFF, 0xFC, 0x1C, 0x00, 0xD7, 0xFF, 0x5B, 0x00, 0x00, 0x00, 0x00, 0x00, 0x00,
  0x00, 0x00, 0x00, 0xDA, 0xFF, 0x80, 0x00, 0x00, 0x00, 0x00, 0x00, 0x00, 0x00, 0x00, 0x00, 0x00,
  0x00, 0x00, 0x00, 0x00, 0x00, 0x00, 0x00, 0x00, 0x00, 0x00, 0x00, 0x00, 0x00, 0xEC, 0xFF, 0x48,
  0x00, 0x00, 0x00, 0x00, 0x00, 0x00, 0x00, 0x00, 0x00, 0x00, 0x00, 0x00, 0x00, 0xEC, 0xFF, 0x48,
  0x00, 0x00, 0x00, 0x00, 0x00, 0x00, 0x00, 0x00, 0x00, 0x00, 0x68, 0xFF, 0xFF, 0x72, 0x00, 0x00,
  0x00, 0x00, 0x00, 0x00, 0x00, 0x35, 0xF8, 0xC7, 0x9F, 0xFC, 0x43, 0x00, 0x00, 0x00, 0x00, 0x00,
  0x13, 0xE1, 0xFC, 0x31, 0x16, 0xF0, 0xEC, 0x20, 0x00, 0x00, 0x00, 0x00, 0x00, 0x00, 0x00, 0x00,
  0x00, 0x00, 0x00, 0x00, 0x00, 0x00, 0x00, 0x00, 0x05, 0x6B, 0xC4, 0xEF, 0xF9, 0xE2, 0x9D, 0x20,
  0x00, 0x00, 0x00, 0x05, 0xBB, 0xFF, 0xFF, 0xFF, 0xFF, 0xFF, 0xFF, 0xE9, 0x16, 0x00, 0x00, 0x64,
  0xFF, 0xD6, 0x3C, 0x0B, 0x0C, 0x36, 0xC2, 0xFF, 0x79, 0x00, 0x00, 0xBD, 0xFF, 0x39, 0x00, 0x00,
  0x00, 0x00, 0x4A, 0xFF, 0xA5, 0x00, 0x00, 0x00, 0x00, 0x03, 0x2B, 0x53, 0x79, 0xAA, 0xEA, 0xFF,
  0xAE, 0x00, 0x00, 0x02, 0x73, 0xE9, 0xFF, 0xFF, 0xFF, 0xFF, 0xFF, 0xFF, 0xB0, 0x00, 0x00, 0x8E,
  0xFF, 0xFF, 0xD9, 0xAB, 0x85, 0x56, 0x5B, 0xFF, 0xB0, 0x00, 0x0F, 0xF9, 0xFD, 0x4C, 0x00, 0x00,
  0x00, 0x00, 0x59, 0xFF, 0xB1, 0x00, 0x2B, 0xFF, 0xE9, 0x00, 0x00, 0x00, 0x00, 0x00, 0xB6, 0xFF,
  0xB5, 0x00, 0x09, 0xFC, 0xFF, 0x7E, 0x14, 0x09, 0x37, 0xB0, 0xFF, 0xFF, 0xC0, 0x00, 0x00, 0x8F,
  0xFF, 0xFF, 0xFF, 0xFF, 0xFF, 0xFF, 0xFF, 0xFF, 0xE4, 0x00, 0x00, 0x04, 0x72, 0xD3, 0xF5, 0xEB,
  0xCF, 0x92, 0x31, 0xE6, 0xFF, 0x29, 0x00, 0x00, 0x00, 0x00, 0x00, 0x00, 0x00, 0x00, 0x00, 0x00,
  0x00, 0x00, 0x00, 0x00, 0x00, 0x00, 0x14, 0xFF, 0xFF, 0x20, 0x00, 0x00, 0x00, 0x00, 0x00, 0x00,
  0x00, 0x00, 0x14, 0xFF, 0xFF, 0x20, 0x00, 0x00, 0x00, 0x00, 0x00, 0x00, 0x00, 0x00, 0x00, 0x00,
  0x00, 0x09, 0xD4, 0xF5, 0x57, 0x00, 0x00, 0x00, 0x00, 0x00, 0x00, 0x00, 0x00, 0x00, 0x00, 0x00,
  0x00, 0x97, 0xDF, 0x2F, 0x00, 0x00, 0x00, 0x00, 0x00, 0x00, 0x00, 0x00, 0x00, 0x00, 0x00, 0x9A,
  0x89, 0x1C, 0x08, 0x42, 0xD2, 0x25, 0x00, 0x00, 0x00, 0x00, 0x00, 0x00, 0x00, 0x00, 0x00, 0x08,
  0x91, 0xE7, 0xF6, 0xCA, 0x45, 0x00, 0x00, 0x00, 0x00, 0x00, 0x00, 0x00, 0x00, 0x00, 0x00, 0x00,
  0x2C, 0xFF, 0xFF, 0x76, 0x00, 0x00, 0x00, 0x00, 0x00, 0x00, 0x00, 0x00, 0x00, 0x00, 0x00, 0x00,
  0x8D, 0xFF, 0xFF, 0xDC, 0x01, 0x00, 0x00, 0x00, 0x00, 0x00, 0x00, 0x00, 0x00, 0x00, 0x00, 0x04,
  0xE9, 0xF2, 0xC2, 0xFF, 0x44, 0x00, 0x00, 0x00, 0x00, 0x00, 0x00, 0x00, 0x00, 0x00, 0x00, 0x4F,
  0xFF, 0xB0, 0x66, 0xFF, 0xAB, 0x00, 0x00, 0x00, 0x00, 0x00, 0x00, 0x00, 0x00, 0x00, 0x00, 0xB0,
  0xFF, 0x5A, 0x10, 0xF8, 0xFA, 0x18, 0x00, 0x00, 0x00, 0x00, 0x00, 0x00, 0x00, 0x00, 0x15, 0xFA,
  0xEE, 0x09, 0x00, 0xA5, 0xFF, 0x79, 0x00, 0x00, 0x00, 0x00, 0x00, 0x00, 0x00, 0x00, 0x71, 0xFF,
  0x8D, 0x00, 0x00, 0x38, 0xFF, 0xDE, 0x02, 0x00, 0x00, 0x00, 0x00, 0x00, 0x00, 0x00, 0xD1, 0xFE,
  0x24, 0x00, 0x00, 0x00, 0xCB, 0xFF, 0x47, 0x00, 0x00, 0x00, 0x00, 0x00, 0x00, 0x33, 0xFF, 0xB9,
  0x00, 0x00, 0x00, 0x00, 0x5E, 0xFF, 0xAE, 0x00, 0x00, 0x00, 0x00, 0x00, 0x00, 0x93, 0xFF, 0xFF,
  0xFF, 0xFF, 0xFF, 0xFF, 0xFF, 0xFF, 0xFB, 0x1A, 0x00, 0x00, 0x00, 0x00, 0x06, 0xED, 0xFF, 0xFF,
  0xFF, 0xFF, 0xFF, 0xFF, 0xFF, 0xFF, 0xFF, 0x7C, 0x00, 0x00, 0x00, 0x00, 0x55, 0xFF, 0xBB, 0x00,
  0x00, 0x00, 0x00, 0x00, 0x00, 0x52, 0xFF, 0xE1, 0x02, 0x00, 0x00, 0x00, 0xB6, 0xFF, 0x63, 0x00,
  0x00, 0x00, 0x00, 0x00, 0x00, 0x06, 0xED, 0xFF, 0x4A, 0x00, 0x00, 0x19, 0xFC, 0xFA, 0x11, 0x00,
  0x00, 0x00, 0x00, 0x00, 0x00, 0x00, 0x96, 0xFF, 0xB1, 0x00, 0x00, 0x77, 0xFF, 0xB3, 0x00, 0x00,
  0x00, 0x00, 0x00, 0x00, 0x00, 0x00, 0x39, 0xFF, 0xFC, 0x1C, 0x00, 0xD7, 0xFF, 0x5B, 0x00, 0x00,
  0x00, 0x00, 0x00, 0x00, 0x00, 0x00, 0x00, 0xDA, 0xFF, 0x80, 0x00, 0x00, 0x00, 0x00, 0x00, 0x01,
  0xD4, 0xFF, 0x91, 0x00, 0x00, 0x00, 0x00, 0x00, 0x00, 0x00, 0x00, 0x53, 0xFF, 0xBA, 0x03, 0x00,
  0x00, 0x00, 0x00, 0x00, 0x00, 0x00, 0x00, 0xCD, 0xD9, 0x10, 0x00, 0x00, 0x00, 0x00, 0x00, 0x00,
  0x00, 0x00, 0x00, 0x00, 0x00, 0x00, 0x00, 0x00, 0x00, 0x00, 0x00, 0x00, 0x00, 0xC1, 0x91, 0x00,
  0x00, 0x07, 0xF6, 0x57, 0x00, 0x00, 0x00, 0x00, 0x00, 0x64, 0xF0, 0x37, 0x0D, 0x8D, 0xE9, 0x11,
  0x00, 0x00, 0x00, 0x00, 0x00, 0x00, 0x79, 0xE0, 0xF4, 0xC3, 0x34, 0x00, 0x00, 0x00, 0x00, 0x00,
  0x00, 0x00, 0x00, 0x00, 0x00, 0x00, 0x00, 0x00, 0x00, 0x00, 0x00, 0x00, 0x05, 0x6B, 0xC4, 0xEF,
  0xF9, 0xE2, 0x9D, 0x20, 0x00, 0x00, 0x00, 0x05, 0xBB, 0xFF, 0xFF, 0xFF, 0xFF, 0xFF, 0xFF, 0xE9,
  0x16, 0x00, 0x00, 0x64, 0xFF, 0xD6, 0x3C, 0x0B, 0x0C, 0x36, 0xC2, 0xFF, 0x79, 0x00, 0x00, 0xBD,
  0xFF, 0x39, 0x00, 0x00, 0x00, 0x00, 0x4A, 0xFF, 0xA5, 0x00, 0x00, 0x00, 0x00, 0x03, 0x2B, 0x53,
  0x79, 0xAA, 0xEA, 0xFF, 0xAE, 0x00, 0x00, 0x02, 0x73, 0xE9, 0xFF, 0xFF, 0xFF, 0xFF, 0xFF, 0xFF,
  0xB0, 0x00, 0x00, 0x8E, 0xFF, 0xFF, 0xD9, 0xAB, 0x85, 0x56, 0x5B, 0xFF, 0xB0, 0x00, 0x0F, 0xF9,
  0xFD, 0x4C, 0x00, 0x00, 0x00, 0x00, 0x59, 0xFF, 0xB1, 0x00, 0x2B, 0xFF, 0xE9, 0x00, 0x00, 0x00,
  0x00, 0x00, 0xB6, 0xFF, 0xB5, 0x00, 0x09, 0xFC, 0xFF, 0x7E, 0x14, 0x09, 0x37, 0xB0, 0xFF, 0xFF,
  0xC0, 0x00, 0x00, 0x8F, 0xFF, 0xFF, 0xFF, 0xFF, 0xFF, 0xFF, 0xFF, 0xFF, 0xE4, 0x00, 0x00, 0x04,
  0x72, 0xD3, 0xF5, 0xEB, 0xCF, 0x92, 0x31, 0xE6, 0xFF, 0x29, 0x00, 0x00, 0x00, 0x00, 0x00, 0x38,
  0xE5, 0xF0, 0x1F, 0x00, 0x00, 0x00, 0x00, 0x00, 0x00, 0x00, 0x00, 0x00, 0x00, 0x00, 0x00, 0x00,
  0x19, 0xC6, 0xC4, 0x03, 0x00, 0x00, 0x00, 0x00, 0x00, 0x00, 0x00, 0x00, 0x00, 0x00, 0x00, 0x9A,
  0x89, 0x1C, 0x08, 0x42, 0xD2, 0x25, 0x00, 0x00, 0x00, 0x00, 0x00, 0x00, 0x00, 0x00, 0x00, 0x08,
  0x91, 0xE7, 0xF6, 0xCA, 0x45, 0x00, 0x00, 0x00, 0x00, 0x00, 0x00, 0x00, 0x00, 0x00, 0x00, 0x00,
  0x2C, 0xFF, 0xFF, 0x76, 0x00, 0x00, 0x00, 0x00, 0x00, 0x00, 0x00, 0x00, 0x00, 0x00, 0x00, 0x00,
  0x8D, 0xFF, 0xFF, 0xDC, 0x01, 0x00, 0x00, 0x00, 0x00, 0x00, 0x00, 0x00, 0x00, 0x00, 0x00, 0x04,
  0xE9, 0xF2, 0xC2, 0xFF, 0x44, 0x00, 0x00, 0x00, 0x00, 0x00, 0x00, 0x00, 0x00, 0x00, 0x00, 0x4F,
  0xFF, 0xB0, 0x66, 0xFF, 0xAB, 0x00, 0x00, 0x00, 0x00, 0x00, 0x00, 0x00, 0x00, 0x00, 0x00, 0xB0,
  0xFF, 0x5A, 0x10, 0xF8, 0xFA, 0x18, 0x00, 0x00, 0x00, 0x00, 0x00, 0x00, 0x00, 0x00, 0x15, 0xFA,
  0xEE, 0x09, 0x00, 0xA5, 0xFF, 0x79, 0x00, 0x00, 0x00, 0x00, 0x00, 0x00, 0x00, 0x00, 0x71, 0xFF,
  0x8D, 0x00, 0x00, 0x38, 0xFF, 0xDE, 0x02, 0x00, 0x00, 0x00, 0x00, 0x00, 0x00, 0x00, 0xD1, 0xFE,
  0x24, 0x00, 0x00, 0x00, 0xCB, 0xFF, 0x47, 0x00, 0x00, 0x00, 0x00, 0x00, 0x00, 0x33, 0xFF, 0xB9,
  0x00, 0x00, 0x00, 0x00, 0x5E, 0xFF, 0xAE, 0x00, 0x00, 0x00, 0x00, 0x00, 0x00, 0x93, 0xFF, 0xFF,
  0xFF, 0xFF, 0xFF, 0xFF, 0xFF, 0xFF, 0xFB, 0x1A, 0x00, 0x00, 0x00, 0x00, 0x06, 0xED, 0xFF, 0xFF,
  0xFF, 0xFF, 0xFF, 0xFF, 0xFF, 0xFF, 0xFF, 0x7C, 0x00, 0x00, 0x00, 0x00, 0x55, 0xFF, 0xBB, 0x00,
  0x00, 0x00, 0x00, 0x00, 0x00, 0x52, 0xFF, 0xE1, 0x02, 0x00, 0x00, 0x00, 0xB6, 0xFF, 0x63, 0x00,
  0x00, 0x00, 0x00, 0x00, 0x00, 0x06, 0xED, 0xFF, 0x4A, 0x00, 0x00, 0x19, 0xFC, 0xFA, 0x11, 0x00,
  0x00, 0x00, 0x00, 0x00, 0x00, 0x00, 0x96, 0xFF, 0xB1, 0x00, 0x00, 0x77, 0xFF, 0xB3, 0x00, 0x00,
  0x00, 0x00, 0x00, 0x00, 0x00, 0x00, 0x39, 0xFF, 0xFC, 0x1C, 0x00, 0xD7, 0xFF, 0x5B, 0x00, 0x00,
  0x00, 0x00, 0x00, 0x00, 0x00, 0x00, 0x00, 0xDA, 0xFF, 0x80, 0x00, 0x00, 0x00, 0x27, 0xEF, 0xFF,
  0x54, 0x00, 0x00, 0x00, 0x00, 0x00, 0x00, 0x00, 0x00, 0x00, 0x46, 0xFC, 0xCE, 0x00, 0x00, 0x00,
  0x00, 0x00, 0x00, 0x00, 0x00, 0x00, 0x00, 0x6E, 0xFF, 0x4A, 0x00, 0x00, 0x00, 0x00, 0x00, 0x00,
  0x00, 0x00, 0x00, 0x00, 0x00, 0x00, 0x00, 0x00, 0x00, 0x00, 0x00, 0x00, 0x00, 0xC1, 0x91, 0x00,
  0x00, 0x07, 0xF6, 0x57, 0x00, 0x00, 0x00, 0x00, 0x00, 0x64, 0xF0, 0x37, 0x0D, 0x8D, 0xE9, 0x11,
  0x00, 0x00, 0x00, 0x00, 0x00, 0x00, 0x79, 0xE0, 0xF4, 0xC3, 0x34, 0x00, 0x00, 0x00, 0x00, 0x00,
  0x00, 0x00, 0x00, 0x00, 0x00, 0x00, 0x00, 0x00, 0x00, 0x00, 0x00, 0x00, 0x05, 0x6B, 0xC4, 0xEF,
  0xF9, 0xE2, 0x9D, 0x20, 0x00, 0x00, 0x00, 0x05, 0xBB, 0xFF, 0xFF, 0xFF, 0xFF, 0xFF, 0xFF, 0xE9,
  0x16, 0x00, 0x00, 0x64, 0xFF, 0xD6, 0x3C, 0x0B, 0x0C, 0x36, 0xC2, 0xFF, 0x79, 0x00, 0x00, 0xBD,
  0xFF, 0x39, 0x00, 0x00, 0x00, 0x00, 0x4A, 0xFF, 0xA5, 0x00, 0x00, 0x00, 0x00, 0x03, 0x2B, 0x53,
  0x79, 0xAA, 0xEA, 0xFF, 0xAE, 0x00, 0x00, 0x02, 0x73, 0xE9, 0xFF, 0xFF, 0xFF, 0xFF, 0xFF, 0xFF,
  0xB0, 0x00, 0x00, 0x8E, 0xFF, 0xFF, 0xD9, 0xAB, 0x85, 0x56, 0x5B, 0xFF, 0xB0, 0x00, 0x0F, 0xF9,
  0xFD, 0x4C, 0x00, 0x00, 0x00, 0x00, 0x59, 0xFF, 0xB1, 0x00, 0x2B, 0xFF, 0xE9, 0x00, 0x00, 0x00,
  0x00, 0x00, 0xB6, 0xFF, 0xB5, 0x00, 0x09, 0xFC, 0xFF, 0x7E, 0x14, 0x09, 0x37, 0xB0, 0xFF, 0xFF,
  0xC0, 0x00, 0x00, 0x8F, 0xFF, 0xFF, 0xFF, 0xFF, 0xFF, 0xFF, 0xFF, 0xFF, 0xE4, 0x00, 0x00, 0x04,
  0x72, 0xD3, 0xF5, 0xEB, 0xCF, 0x92, 0x31, 0xE6, 0xFF, 0x29, 0x00, 0x00, 0x00, 0x00, 0x00, 0x00,
  0xC0, 0xFD, 0xF1, 0xC3, 0x2A, 0x00, 0x00, 0x00, 0x00, 0x00, 0x00, 0x00, 0x00, 0x00, 0x00, 0x00,
  0x00, 0x58, 0xFD, 0xD8, 0x3D, 0x00, 0x00, 0x00, 0x00, 0x00, 0x00, 0x00, 0x00, 0x00, 0x00, 0x9A,
  0x89, 0x1C, 0x08, 0x42, 0xD2, 0x25, 0x00, 0x00, 0x00, 0x00, 0x00, 0x00, 0x00, 0x00, 0x00, 0x08,
  0x91, 0xE7, 0xF6, 0xCA, 0x45, 0x00, 0x00, 0x00, 0x00, 0x00, 0x00, 0x00, 0x00, 0x00, 0x00, 0x00,
  0x2C, 0xFF, 0xFF, 0x76, 0x00, 0x00, 0x00, 0x00, 0x00, 0x00, 0x00, 0x00, 0x00, 0x00, 0x00, 0x00,
  0x8D, 0xFF, 0xFF, 0xDC, 0x01, 0x00, 0x00, 0x00, 0x00, 0x00, 0x00, 0x00, 0x00, 0x00, 0x00, 0x04,
  0xE9, 0xF2, 0xC2, 0xFF, 0x44, 0x00, 0x00, 0x00, 0x00, 0x00, 0x00, 0x00, 0x00, 0x00, 0x00, 0x4F,
  0xFF, 0xB0, 0x66, 0xFF, 0xAB, 0x00, 0x00, 0x00, 0x00, 0x00, 0x00, 0x00, 0x00, 0x00, 0x00, 0xB0,
  0xFF, 0x5A, 0x10, 0xF8, 0xFA, 0x18, 0x00, 0x00, 0x00, 0x00, 0x00, 0x00, 0x00, 0x00, 0x15, 0xFA,
  0xEE, 0x09, 0x00, 0xA5, 0xFF, 0x79, 0x00, 0x00, 0x00, 0x00, 0x00, 0x00, 0x00, 0x00, 0x71, 0xFF,
  0x8D, 0x00, 0x00, 0x38, 0xFF, 0xDE, 0x02, 0x00, 0x00, 0x00, 0x00, 0x00, 0x00, 0x00, 0xD1, 0xFE,
  0x24, 0x00, 0x00, 0x00, 0xCB, 0xFF, 0x47, 0x00, 0x00, 0x00, 0x00, 0x00, 0x00, 0x33, 0xFF, 0xB9,
  0x00, 0x00, 0x00, 0x00, 0x5E, 0xFF, 0xAE, 0x00, 0x00, 0x00, 0x00, 0x00, 0x00, 0x93, 0xFF, 0xFF,
  0xFF, 0xFF, 0xFF, 0xFF, 0xFF, 0xFF, 0xFB, 0x1A, 0x00, 0x00, 0x00, 0x00, 0x06, 0xED, 0xFF, 0xFF,
  0xFF, 0xFF, 0xFF, 0xFF, 0xFF, 0xFF, 0xFF, 0x7C, 0x00, 0x00, 0x00, 0x00, 0x55, 0xFF, 0xBB, 0x00,
  0x00, 0x00, 0x00, 0x00, 0x00, 0x52, 0xFF, 0xE1, 0x02, 0x00, 0x00, 0x00, 0xB6, 0xFF, 0x63, 0x00,
  0x00, 0x00, 0x00, 0x00, 0x00, 0x06, 0xED, 0xFF, 0x4A, 0x00, 0x00, 0x19, 0xFC, 0xFA, 0x11, 0x00,
  0x00, 0x00, 0x00, 0x00, 0x00, 0x00, 0x96, 0xFF, 0xB1, 0x00, 0x00, 0x77, 0xFF, 0xB3, 0x00, 0x00,
  0x00, 0x00, 0x00, 0x00, 0x00, 0x00, 0x39, 0xFF, 0xFC, 0x1C, 0x00, 0xD7, 0xFF, 0x5B, 0x00, 0x00,
  0x00, 0x00, 0x00, 0x00, 0x00, 0x00, 0x00, 0xDA, 0xFF, 0x80, 0x00, 0x00, 0x00, 0x00, 0xBD, 0xFD,
  0xEB, 0xAF, 0x24, 0x00, 0x00, 0x00, 0x00, 0x00, 0x00, 0x00, 0x03, 0x05, 0x4B, 0xFF, 0xBC, 0x00,
  0x00, 0x00, 0x00, 0x00, 0x00, 0x00, 0x00, 0x54, 0xFF, 0xDD, 0x59, 0x00, 0x00, 0x00, 0x00, 0x00,
  0x00, 0x00, 0x00, 0x00, 0x00, 0x00, 0x00, 0x00, 0x00, 0x00, 0x00, 0x00, 0x00, 0xC1, 0x91, 0x00,
  0x00, 0x07, 0xF6, 0x57, 0x00, 0x00, 0x00, 0x00, 0x00, 0x64, 0xF0, 0x37, 0x0D, 0x8D, 0xE9, 0x11,
  0x00, 0x00, 0x00, 0x00, 0x00, 0x00, 0x79, 0xE0, 0xF4, 0xC3, 0x34, 0x00, 0x00, 0x00, 0x00, 0x00,
  0x00, 0x00, 0x00, 0x00, 0x00, 0x00, 0x00, 0x00, 0x00, 0x00, 0x00, 0x00, 0x05, 0x6B, 0xC4, 0xEF,
  0xF9, 0xE2, 0x9D, 0x20, 0x00, 0x00, 0x00, 0x05, 0xBB, 0xFF, 0xFF, 0xFF, 0xFF, 0xFF, 0xFF, 0xE9,
  0x16, 0x00, 0x00, 0x64, 0xFF, 0xD6, 0x3C, 0x0B, 0x0C, 0x36, 0xC2, 0xFF, 0x79, 0x00, 0x00, 0xBD,
  0xFF, 0x39, 0x00, 0x00, 0x00, 0x00, 0x4A, 0xFF, 0xA5, 0x00, 0x00, 0x00, 0x00, 0x03, 0x2B, 0x53,
  0x79, 0xAA, 0xEA, 0xFF, 0xAE, 0x00, 0x00, 0x02, 0x73, 0xE9, 0xFF, 0xFF, 0xFF, 0xFF, 0xFF, 0xFF,
  0xB0, 0x00, 0x00, 0x8E, 0xFF, 0xFF, 0xD9, 0xAB, 0x85, 0x56, 0x5B, 0xFF, 0xB0, 0x00, 0x0F, 0xF9,
  0xFD, 0x4C, 0x00, 0x00, 0x00, 0x00, 0x59, 0xFF, 0xB1, 0x00, 0x2B, 0xFF, 0xE9, 0x00, 0x00, 0x00,
  0x00, 0x00, 0xB6, 0xFF, 0xB5, 0x00, 0x09, 0xFC, 0xFF, 0x7E, 0x14, 0x09, 0x37, 0xB0, 0xFF, 0xFF,
  0xC0, 0x00, 0x00, 0x8F, 0xFF, 0xFF, 0xFF, 0xFF, 0xFF, 0xFF, 0xFF, 0xFF, 0xE4, 0x00, 0x00, 0x04,
  0x72, 0xD3, 0xF5, 0xEB, 0xCF, 0x92, 0x31, 0xE6, 0xFF, 0x29, 0x00, 0x00, 0x00, 0x00, 0x00, 0x74,
  0xEC, 0xE3, 0x81, 0x1D, 0x46, 0xE7, 0x00, 0x00, 0x00, 0x00, 0x00, 0x00, 0x00, 0x00, 0x18, 0xF5,
  0x1B, 0x29, 0x92, 0xEB, 0xE8, 0x5B, 0x00, 0x00, 0x00, 0x00, 0x00, 0x00, 0x00, 0x00, 0x00, 0x9A,
  0x89, 0x1C, 0x08, 0x42, 0xD2, 0x25, 0x00, 0x00, 0x00, 0x00, 0x00, 0x00, 0x00, 0x00, 0x00, 0x08,
  0x91, 0xE7, 0xF6, 0xCA, 0x45, 0x00, 0x00, 0x00, 0x00, 0x00, 0x00, 0x00, 0x00, 0x00, 0x00, 0x00,
  0x2C, 0xFF, 0xFF, 0x76, 0x00, 0x00, 0x00, 0x00, 0x00, 0x00, 0x00, 0x00, 0x00, 0x00, 0x00, 0x00,
  0x8D, 0xFF, 0xFF, 0xDC, 0x01, 0x00, 0x00, 0x00, 0x00, 0x00, 0x00, 0x00, 0x00, 0x00, 0x00, 0x04,
  0xE9, 0xF2, 0xC2, 0xFF, 0x44, 0x00, 0x00, 0x00, 0x00, 0x00, 0x00, 0x00, 0x00, 0x00, 0x00, 0x4F,
  0xFF, 0xB0, 0x66, 0xFF, 0xAB, 0x00, 0x00, 0x00, 0x00, 0x00, 0x00, 0x00, 0x00, 0x00, 0x00, 0xB0,
  0xFF, 0x5A, 0x10, 0xF8, 0xFA, 0x18, 0x00, 0x00, 0x00, 0x00, 0x00, 0x00, 0x00, 0x00, 0x15, 0xFA,
  0xEE, 0x09, 0x00, 0xA5, 0xFF, 0x79, 0x00, 0x00, 0x00, 0x00, 0x00, 0x00, 0x00, 0x00, 0x71, 0xFF,
  0x8D, 0x00, 0x00, 0x38, 0xFF, 0xDE, 0x02, 0x00, 0x00, 0x00, 0x00, 0x00, 0x00, 0x00, 0xD1, 0xFE,
  0x24, 0x00, 0x00, 0x00, 0xCB, 0xFF, 0x47, 0x00, 0x00, 0x00, 0x00, 0x00, 0x00, 0x33, 0xFF, 0xB9,
  0x00, 0x00, 0x00, 0x00, 0x5E, 0xFF, 0xAE, 0x00, 0x00, 0x00, 0x00, 0x00, 0x00, 0x93, 0xFF, 0xFF,
  0xFF, 0xFF, 0xFF, 0xFF, 0xFF, 0xFF, 0xFB, 0x1A, 0x00, 0x00, 0x00, 0x00, 0x06, 0xED, 0xFF, 0xFF,
  0xFF, 0xFF, 0xFF, 0xFF, 0xFF, 0xFF, 0xFF, 0x7C, 0x00, 0x00, 0x00, 0x00, 0x55, 0xFF, 0xBB, 0x00,
  0x00, 0x00, 0x00, 0x00, 0x00, 0x52, 0xFF, 0xE1, 0x02, 0x00, 0x00, 0x00, 0xB6, 0xFF, 0x63, 0x00,
  0x00, 0x00, 0x00, 0x00, 0x00, 0x06, 0xED, 0xFF, 0x4A, 0x00, 0x00, 0x19, 0xFC, 0xFA, 0x11, 0x00,
  0x00, 0x00, 0x00, 0x00, 0x00, 0x00, 0x96, 0xFF, 0xB1, 0x00, 0x00, 0x77, 0xFF, 0xB3, 0x00, 0x00,
  0x00, 0x00, 0x00, 0x00, 0x00, 0x00, 0x39, 0xFF, 0xFC, 0x1C, 0x00, 0xD7, 0xFF, 0x5B, 0x00, 0x00,
  0x00, 0x00, 0x00, 0x00, 0x00, 0x00, 0x00, 0xDA, 0xFF, 0x80, 0x00, 0x00, 0x00, 0x5C, 0xE5, 0xE9,
  0x8C, 0x1E, 0x85, 0xF9, 0x06, 0x00, 0x00, 0x00, 0x06, 0xF8, 0x86, 0x1B, 0x87, 0xE6, 0xED, 0x6E,
  0x00, 0x00, 0x00, 0x00, 0x00, 0x00, 0x00, 0x00, 0x00, 0x00, 0x00, 0x00, 0x00, 0x00, 0x00, 0x00,
  0x00, 0xC1, 0x91, 0x00, 0x00, 0x07, 0xF6, 0x57, 0x00, 0x00, 0x00, 0x00, 0x00, 0x64, 0xF0, 0x37,
  0x0D, 0x8D, 0xE9, 0x11, 0x00, 0x00, 0x00, 0x00, 0x00, 0x00, 0x79, 0xE0, 0xF4, 0xC3, 0x34, 0x00,
  0x00, 0x00, 0x00, 0x00, 0x00, 0x00, 0x00, 0x00, 0x00, 0x00, 0x00, 0x00, 0x00, 0x00, 0x00, 0x00,
  0x05, 0x6B, 0xC4, 0xEF, 0xF9, 0xE2, 0x9D, 0x20, 0x00, 0x00, 0x00, 0x05, 0xBB, 0xFF, 0xFF, 0xFF,
  0xFF, 0xFF, 0xFF, 0xE9, 0x16, 0x00, 0x00, 0x64, 0xFF, 0xD6, 0x3C, 0x0B, 0x0C, 0x36, 0xC2, 0xFF,
  0x79, 0x00, 0x00, 0xBD, 0xFF, 0x39, 0x00, 0x00, 0x00, 0x00, 0x4A, 0xFF, 0xA5, 0x00, 0x00, 0x00,
  0x00, 0x03, 0x2B, 0x53, 0x79, 0xAA, 0xEA, 0xFF, 0xAE, 0x00, 0x00, 0x02, 0x73, 0xE9, 0xFF, 0xFF,
  0xFF, 0xFF, 0xFF, 0xFF, 0xB0, 0x00, 0x00, 0x8E, 0xFF, 0xFF, 0xD9, 0xAB, 0x85, 0x56, 0x5B, 0xFF,
  0xB0, 0x00, 0x0F, 0xF9, 0xFD, 0x4C, 0x00, 0x00, 0x00, 0x00, 0x59, 0xFF, 0xB1, 0x00, 0x2B, 0xFF,
  0xE9, 0x00, 0x00, 0x00, 0x00, 0x00, 0xB6, 0xFF, 0xB5, 0x00, 0x09, 0xFC, 0xFF, 0x7E, 0x14, 0x09,
  0x37, 0xB0, 0xFF, 0xFF, 0xC0, 0x00, 0x00, 0x8F, 0xFF, 0xFF, 0xFF, 0xFF, 0xFF, 0xFF, 0xFF, 0xFF,
  0xE4, 0x00, 0x00, 0x04, 0x72, 0xD3, 0xF5, 0xEB, 0xCF, 0x92, 0x31, 0xE6, 0xFF, 0x29, 0x00, 0x00,
  0x00, 0x00, 0x00, 0x9A, 0x89, 0x1C, 0x08, 0x42, 0xD2, 0x25, 0x00, 0x00, 0x00, 0x00, 0x00, 0x00,
  0x00, 0x00, 0x00, 0x08, 0x91, 0xE7, 0xF6, 0xCA, 0x45, 0x00, 0x00, 0x00, 0x00, 0x00, 0x00, 0x00,
  0x00, 0x00, 0x00, 0x00, 0x00, 0x00, 0x00, 0x00, 0x00, 0x00, 0x00, 0x00, 0x00, 0x00, 0x00, 0x00,
  0x00, 0x00, 0x00, 0x00, 0x2C, 0xFF, 0xFF, 0x76, 0x00, 0x00, 0x00, 0x00, 0x00, 0x00, 0x00, 0x00,
  0x00, 0x00, 0x00, 0x00, 0x8D, 0xFF, 0xFF, 0xDC, 0x01, 0x00, 0x00, 0x00, 0x00, 0x00, 0x00, 0x00,
  0x00, 0x00, 0x00, 0x04, 0xE9, 0xF2, 0xC2, 0xFF, 0x44, 0x00, 0x00, 0x00, 0x00, 0x00, 0x00, 0x00,
  0x00, 0x00, 0x00, 0x4F, 0xFF, 0xB0, 0x66, 0xFF, 0xAB, 0x00, 0x00, 0x00, 0x00, 0x00, 0x00, 0x00,
  0x00, 0x00, 0x00, 0xB0, 0xFF, 0x5A, 0x10, 0xF8, 0xFA, 0x18, 0x00, 0x00, 0x00, 0x00, 0x00, 0x00,
  0x00, 0x00, 0x15, 0xFA, 0xEE, 0x09, 0x00, 0xA5, 0xFF, 0x79, 0x00, 0x00, 0x00, 0x00, 0x00, 0x00,
  0x00, 0x00, 0x71, 0xFF, 0x8D, 0x00, 0x00, 0x38, 0xFF, 0xDE, 0x02, 0x00, 0x00, 0x00, 0x00, 0x00,
  0x00, 0x00, 0xD1, 0xFE, 0x24, 0x00, 0x00, 0x00, 0xCB, 0xFF, 0x47, 0x00, 0x00, 0x00, 0x00, 0x00,
  0x00, 0x33, 0xFF, 0xB9, 0x00, 0x00, 0x00, 0x00, 0x5E, 0xFF, 0xAE, 0x00, 0x00, 0x00, 0x00, 0x00,
  0x00, 0x93, 0xFF, 0xFF, 0xFF, 0xFF, 0xFF, 0xFF, 0xFF, 0xFF, 0xFB, 0x1A, 0x00, 0x00, 0x00, 0x00,
  0x06, 0xED, 0xFF, 0xFF, 0xFF, 0xFF, 0xFF, 0xFF, 0xFF, 0xFF, 0xFF, 0x7C, 0x00, 0x00, 0x00, 0x00,
  0x55, 0xFF, 0xBB, 0x00, 0x00, 0x00, 0x00, 0x00, 0x00, 0x52, 0xFF, 0xE1, 0x02, 0x00, 0x00, 0x00,
  0xB6, 0xFF, 0x63, 0x00, 0x00, 0x00, 0x00, 0x00, 0x00, 0x06, 0xED, 0xFF, 0x4A, 0x00, 0x00, 0x19,
  0xFC, 0xFA, 0x11, 0x00, 0x00, 0x00, 0x00, 0x00, 0x00, 0x00, 0x96, 0xFF, 0xB1, 0x00, 0x00, 0x77,
  0xFF, 0xB3, 0x00, 0x00, 0x00, 0x00, 0x00, 0x00, 0x00, 0x00, 0x39, 0xFF, 0xFC, 0x1C, 0x00, 0xD7,
  0xFF, 0x5B, 0x00, 0x00, 0x00, 0x00, 0x00, 0x00, 0x00, 0x00, 0x00, 0xDA, 0xFF, 0x80, 0x00, 0x00,
  0x00, 0x00, 0x00, 0x00, 0x00, 0x00, 0x00, 0x00, 0x00, 0x00, 0x00, 0x00, 0x00, 0x00, 0x00, 0x00,
  0x00, 0x00, 0x00, 0x00, 0x00, 0xEC, 0xFF, 0x48, 0x00, 0x00, 0x00, 0x00, 0x00, 0x00, 0x00, 0x00,
  0x00, 0x00, 0x00, 0x00, 0x00, 0xEC, 0xFF, 0x48, 0x00, 0x00, 0x00, 0x00, 0x00, 0x00, 0x00, 0x00,
  0x00, 0xC1, 0x91, 0x00, 0x00, 0x07, 0xF6, 0x57, 0x00, 0x00, 0x00, 0x00, 0x00, 0x64, 0xF0, 0x37,
  0x0D, 0x8D, 0xE9, 0x11, 0x00, 0x00, 0x00, 0x00, 0x00, 0x00, 0x79, 0xE0, 0xF4, 0xC3, 0x34, 0x00,
  0x00, 0x00, 0x00, 0x00, 0x00, 0x00, 0x00, 0x00, 0x00, 0x00, 0x00, 0x00, 0x00, 0x00, 0x00, 0x00,
  0x05, 0x6B, 0xC4, 0xEF, 0xF9, 0xE2, 0x9D, 0x20, 0x00, 0x00, 0x00, 0x05, 0xBB, 0xFF, 0xFF, 0xFF,
  0xFF, 0xFF, 0xFF, 0xE9, 0x16, 0x00, 0x00, 0x64, 0xFF, 0xD6, 0x3C, 0x0B, 0x0C, 0x36, 0xC2, 0xFF,
  0x79, 0x00, 0x00, 0xBD, 0xFF, 0x39, 0x00, 0x00, 0x00, 0x00, 0x4A, 0xFF, 0xA5, 0x00, 0x00, 0x00,
  0x00, 0x03, 0x2B, 0x53, 0x79, 0xAA, 0xEA, 0xFF, 0xAE, 0x00, 0x00, 0x02, 0x73, 0xE9, 0xFF, 0xFF,
  0xFF, 0xFF, 0xFF, 0xFF, 0xB0, 0x00, 0x00, 0x8E, 0xFF, 0xFF, 0xD9, 0xAB, 0x85, 0x56, 0x5B, 0xFF,
  0xB0, 0x00, 0x0F, 0xF9, 0xFD, 0x4C, 0x00, 0x00, 0x00, 0x00, 0x59, 0xFF, 0xB1, 0x00, 0x2B, 0xFF,
  0xE9, 0x00, 0x00, 0x00, 0x00, 0x00, 0xB6, 0xFF, 0xB5, 0x00, 0x09, 0xFC, 0xFF, 0x7E, 0x14, 0x09,
  0x37, 0xB0, 0xFF, 0xFF, 0xC0, 0x00, 0x00, 0x8F, 0xFF, 0xFF, 0xFF, 0xFF, 0xFF, 0xFF, 0xFF, 0xFF,
  0xE4, 0x00, 0x00, 0x04, 0x72, 0xD3, 0xF5, 0xEB, 0xCF, 0x92, 0x31, 0xE6, 0xFF, 0x29, 0x00, 0x00,
  0x00, 0x00, 0x00, 0x00, 0x00, 0x00, 0x00, 0x00, 0x00, 0x00, 0x00, 0x00, 0x00, 0x00, 0x14, 0xFF,
  0xFF, 0x20, 0x00, 0x00, 0x00, 0x00, 0x00, 0x00, 0x00, 0x00, 0x14, 0xFF, 0xFF, 0x20, 0x00, 0x00,
  0x00, 0x00, 0x00, 0x44, 0xFF, 0xFF, 0xFF, 0xFF, 0xFF, 0xFF, 0xFF, 0xFF, 0xFF, 0xFF, 0xFF, 0x20,
  0x00, 0x00, 0x44, 0xFF, 0xFF, 0xFF, 0xFF, 0xFF, 0xFF, 0xFF, 0xFF, 0xFF, 0xFF, 0xFF, 0x20, 0x00,
  0x00, 0x44, 0xFF, 0xD4, 0x00, 0x00, 0x00, 0x00, 0x00, 0x00, 0x00, 0x00, 0x00, 0x00, 0x00, 0x00,
  0x44, 0xFF, 0xD4, 0x00, 0x00, 0x00, 0x00, 0x00, 0x00, 0x00, 0x00, 0x00, 0x00, 0x00, 0x00, 0x44,
  0xFF, 0xD4, 0x00, 0x00, 0x00, 0x00, 0x00, 0x00, 0x00, 0x00, 0x00, 0x00, 0x00, 0x00, 0x44, 0xFF,
  0xD4, 0x00, 0x00, 0x00, 0x00, 0x00, 0x00, 0x00, 0x00, 0x00, 0x00, 0x00, 0x00, 0x44, 0xFF, 0xD4,
  0x00, 0x00, 0x00, 0x00, 0x00, 0x00, 0x00, 0x00, 0x00, 0x00, 0x00, 0x00, 0x44, 0xFF, 0xFF, 0xFF,
  0xFF, 0xFF, 0xFF, 0xFF, 0xFF, 0xFF, 0xFF, 0x88, 0x00, 0x00, 0x00, 0x44, 0xFF, 0xFF, 0xFF, 0xFF,
  0xFF, 0xFF, 0xFF, 0xFF, 0xFF, 0xFF, 0x88, 0x00, 0x00, 0x00, 0x44, 0xFF, 0xD4, 0x00, 0x00, 0x00,
  0x00, 0x00, 0x00, 0x00, 0x00, 0x00, 0x00, 0x00, 0x00, 0x44, 0xFF, 0xD4, 0x00, 0x00, 0x00, 0x00,
  0x00, 0x00, 0x00, 0x00, 0x00, 0x00, 0x00, 0x00, 0x44, 0xFF, 0xD4, 0x00, 0x00, 0x00, 0x00, 0x00,
  0x00, 0x00, 0x00, 0x00, 0x00, 0x00, 0x00, 0x44, 0xFF, 0xD4, 0x00, 0x00, 0x00, 0x00, 0x00, 0x00,
  0x00, 0x00, 0x00, 0x00, 0x00, 0x00, 0x44, 0xFF, 0xD4, 0x00, 0x00, 0x00, 0x00, 0x00, 0x00, 0x00,
  0x00, 0x00, 0x00, 0x00, 0x00, 0x44, 0xFF, 0xFF, 0xFF, 0xFF, 0xFF, 0xFF, 0xFF, 0xFF, 0xFF, 0xFF,
  0xFF, 0x80, 0x00, 0x00, 0x44, 0xFF, 0xFF, 0xFF, 0xFF, 0xFF, 0xFF, 0xFF, 0xFF, 0xFF, 0xFF, 0xFF,
  0x80, 0x00, 0x00, 0x00, 0x00, 0x00, 0x00, 0x00, 0x00, 0x00, 0x00, 0x00, 0x00, 0x00, 0x00, 0x00,
  0x00, 0x00, 0x00, 0x00, 0x00, 0x00, 0x00, 0x80, 0xFF, 0xB4, 0x00, 0x00, 0x00, 0x00, 0x00, 0x00,
  0x00, 0x00, 0x00, 0x00, 0x00, 0x00, 0x80, 0xFF, 0xB4, 0x00, 0x00, 0x00, 0x00, 0x00, 0x00, 0x00,
  0x00, 0x00, 0x50, 0xBE, 0xF0, 0xF7, 0xD3, 0x7B, 0x09, 0x00, 0x00, 0x00, 0x00, 0x8D, 0xFF, 0xFF,
  0xFF, 0xFF, 0xFF, 0xFF, 0xCE, 0x0F, 0x00, 0x00, 0x53, 0xFF, 0xD7, 0x4F, 0x13, 0x0C, 0x38, 0xB6,
  0xFF, 0x9E, 0x00, 0x00, 0xC8, 0xFC, 0x1C, 0x00, 0x00, 0x00, 0x00, 0x04, 0xE0, 0xFB, 0x0E, 0x0C,
  0xFD, 0xFF, 0xFF, 0xFF, 0xFF, 0xFF, 0xFF, 0xFF, 0xFF, 0xFF, 0x3E, 0x26, 0xFF, 0xFF, 0xFF, 0xFF,
  0xFF, 0xFF, 0xFF, 0xFF, 0xFF, 0xFF, 0x50, 0x29, 0xFF, 0xE3, 0x00, 0x00, 0x00, 0x00, 0x00, 0x00,
  0x00, 0x00, 0x00, 0x11, 0xFF, 0xFF, 0x18, 0x00, 0x00, 0x00, 0x00, 0x00, 0x00, 0x00, 0x00, 0x00,
  0xD2, 0xFF, 0x94, 0x00, 0x00, 0x00, 0x00, 0x15, 0xF0, 0xFA, 0x16, 0x00, 0x62, 0xFF, 0xFE, 0x87,
  0x1A, 0x08, 0x3C, 0xCF, 0xFF, 0xA5, 0x00, 0x00, 0x00, 0x9E, 0xFF, 0xFF, 0xFF, 0xFF, 0xFF, 0xFF,
  0xD6, 0x10, 0x00, 0x00, 0x00, 0x00, 0x59, 0xC0, 0xF0, 0xFA, 0xDD, 0x8C, 0x11, 0x00, 0x00, 0x00,
  0x00, 0x00, 0x00, 0x00, 0x00, 0x00, 0x00, 0x00, 0x00, 0x00, 0x00, 0x00, 0x00, 0x00, 0x00, 0x00,
  0xE4, 0xFF, 0x50, 0x00, 0x00, 0x00, 0x00, 0x00, 0x00, 0x00, 0x00, 0x00, 0xE4, 0xFF, 0x50, 0x00,
  0x00, 0x00, 0x00, 0x00, 0x00, 0x00, 0x00, 0x00, 0x73, 0xFC, 0xF3, 0xC7, 0x4F, 0x00, 0x00, 0x00,
  0x00, 0x00, 0x00, 0x00, 0x00, 0x00, 0x00, 0x02, 0x02, 0x26, 0xDC, 0xFB, 0x0D, 0x00, 0x00, 0x00,
  0x00, 0x00, 0x00, 0x00, 0x00, 0x00, 0x00, 0x08, 0xFF, 0xEE, 0x93, 0x01, 0x00, 0x00, 0x00, 0x00,
  0x00, 0x00, 0x00, 0x00, 0x00, 0x00, 0x00, 0x00, 0x00, 0x00, 0x00, 0x00, 0x00, 0x00, 0x00, 0x00,
  0x44, 0xFF, 0xFF, 0xFF, 0xFF, 0xFF, 0xFF, 0xFF, 0xFF, 0xFF, 0xFF, 0xFF, 0x20, 0x00, 0x00, 0x44,
  0xFF, 0xFF, 0xFF, 0xFF, 0xFF, 0xFF, 0xFF, 0xFF, 0xFF, 0xFF, 0xFF, 0x20, 0x00, 0x00, 0x44, 0xFF,
  0xD4, 0x00, 0x00, 0x00, 0x00, 0x00, 0x00, 0x00, 0x00, 0x00, 0x00, 0x00, 0x00, 0x44, 0xFF, 0xD4,
  0x00, 0x00, 0x00, 0x00, 0x00, 0x00, 0x00, 0x00, 0x00, 0x00, 0x00, 0x00, 0x44, 0xFF, 0xD4, 0x00,
  0x00, 0x00, 0x00, 0x00, 0x00, 0x00, 0x00, 0x00, 0x00, 0x00, 0x00, 0x44, 0xFF, 0xD4, 0x00, 0x00,
  0x00, 0x00, 0x00, 0x00, 0x00, 0x00, 0x00, 0x00, 0x00, 0x00, 0x44, 0xFF, 0xD4, 0x00, 0x00, 0x00,
  0x00, 0x00, 0x00, 0x00, 0x00, 0x00, 0x00, 0x00, 0x00, 0x44, 0xFF, 0xFF, 0xFF, 0xFF, 0xFF, 0xFF,
  0xFF, 0xFF, 0xFF, 0xFF, 0x88, 0x00, 0x00, 0x00, 0x44, 0xFF, 0xFF, 0xFF, 0xFF, 0xFF, 0xFF, 0xFF,
  0xFF, 0xFF, 0xFF, 0x88, 0x00, 0x00, 0x00, 0x44, 0xFF, 0xD4, 0x00, 0x00, 0x00, 0x00, 0x00, 0x00,
  0x00, 0x00, 0x00, 0x00, 0x00, 0x00, 0x44, 0xFF, 0xD4, 0x00, 0x00, 0x00, 0x00, 0x00, 0x00, 0x00,
  0x00, 0x00, 0x00, 0x00, 0x00, 0x44, 0xFF, 0xD4, 0x00, 0x00, 0x00, 0x00, 0x00, 0x00, 0x00, 0x00,
  0x00, 0x00, 0x00, 0x00, 0x44, 0xFF, 0xD4, 0x00, 0x00, 0x00, 0x00, 0x00, 0x00, 0x00, 0x00, 0x00,
  0x00, 0x00, 0x00, 0x44, 0xFF, 0xD4, 0x00, 0x00, 0x00, 0x00, 0x00, 0x00, 0x00, 0x00, 0x00, 0x00,
  0x00, 0x00, 0x44, 0xFF, 0xFF, 0xFF, 0xFF, 0xFF, 0xFF, 0xFF, 0xFF, 0xFF, 0xFF, 0xFF, 0x80, 0x00,
  0x00, 0x44, 0xFF, 0xFF, 0xFF, 0xFF, 0xFF, 0xFF, 0xFF, 0xFF, 0xFF, 0xFF, 0xFF, 0x80, 0x00, 0x00,
  0x00, 0x00, 0x00, 0x00, 0x00, 0x00, 0x00, 0x00, 0x00, 0x00, 0x00, 0x00, 0x00, 0x00, 0x00, 0xD4,
  0xFD, 0xE6, 0x94, 0x0A, 0x00, 0x00, 0x00, 0x00, 0x00, 0x00, 0x00, 0x06, 0x08, 0x5A, 0xFF, 0x93,
  0x00, 0x00, 0x00, 0x00, 0x00, 0x00, 0x00, 0x00, 0x03, 0x5B, 0xFF, 0xAD, 0x00, 0x00, 0x00, 0x00,
  0x00, 0x00, 0x00, 0x00, 0x68, 0xFE, 0xCB, 0x2C, 0x00, 0x00, 0x00, 0x00, 0x00, 0x00, 0x00, 0x00,
  0x00, 0x00, 0x00, 0x00, 0x00, 0x00, 0x00, 0x00, 0x00, 0x00, 0x50, 0xBE, 0xF0, 0xF7, 0xD3, 0x7B,
  0x09, 0x00, 0x00, 0x00, 0x00, 0x8D, 0xFF, 0xFF, 0xFF, 0xFF, 0xFF, 0xFF, 0xCE, 0x0F, 0x00, 0x00,
  0x53, 0xFF, 0xD7, 0x4F, 0x13, 0x0C, 0x38, 0xB6, 0xFF, 0x9E, 0x00, 0x00, 0xC8, 0xFC, 0x1C, 0x00,
  0x00, 0x00, 0x00, 0x04, 0xE0, 0xFB, 0x0E, 0x0C, 0xFD, 0xFF, 0xFF, 0xFF, 0xFF, 0xFF, 0xFF, 0xFF,
  0xFF, 0xFF, 0x3E, 0x26, 0xFF, 0xFF, 0xFF, 0xFF, 0xFF, 0xFF, 0xFF, 0xFF, 0xFF, 0xFF, 0x50, 0x29,
  0xFF, 0xE3, 0x00, 0x00, 0x00, 0x00, 0x00, 0x00, 0x00, 0x00, 0x00, 0x11, 0xFF, 0xFF, 0x18, 0x00,
  0x00, 0x00, 0x00, 0x00, 0x00, 0x00, 0x00, 0x00, 0xD2, 0xFF, 0x94, 0x00, 0x00, 0x00, 0x00, 0x15,
  0xF0, 0xFA, 0x16, 0x00, 0x62, 0xFF, 0xFE, 0x87, 0x1A, 0x08, 0x3C, 0xCF, 0xFF, 0xA5, 0x00, 0x00,
  0x00, 0x9E, 0xFF, 0xFF, 0xFF, 0xFF, 0xFF, 0xFF, 0xD6, 0x10, 0x00, 0x00, 0x00, 0x00, 0x59, 0xC0,
  0xF0, 0xFA, 0xDD, 0x8C, 0x11, 0x00, 0x00, 0x00, 0x00, 0x00, 0x00, 0x13, 0xBC, 0xF0, 0xA8, 0x33,
  0x41, 0xFF, 0x46, 0x00, 0x00, 0x00, 0x00, 0x00, 0x00, 0x00, 0x8F, 0xFF, 0xFF, 0xFF, 0xFF, 0xFF,
  0xF9, 0x17, 0x00, 0x00, 0x00, 0x00, 0x00, 0x00, 0x00, 0xC9, 0xC3, 0x14, 0x69, 0xD4, 0xED, 0x69,
  0x00, 0x00, 0x00, 0x00, 0x00, 0x00, 0x00, 0x00, 0x00, 0x00, 0x00, 0x00, 0x00, 0x00, 0x00, 0x00,
  0x00, 0x00, 0x00, 0x00, 0x44, 0xFF, 0xFF, 0xFF, 0xFF, 0xFF, 0xFF, 0xFF, 0xFF, 0xFF, 0xFF, 0xFF,
  0x20, 0x00, 0x00, 0x44, 0xFF, 0xFF, 0xFF, 0xFF, 0xFF, 0xFF, 0xFF, 0xFF, 0xFF, 0xFF, 0xFF, 0x20,
  0x00, 0x00, 0x44, 0xFF, 0xD4, 0x00, 0x00, 0x00, 0x00, 0x00, 0x00, 0x00, 0x00, 0x00, 0x00, 0x00,
  0x00, 0x44, 0xFF, 0xD4, 0x00, 0x00, 0x00, 0x00, 0x00, 0x00, 0x00, 0x00, 0x00, 0x00, 0x00, 0x00,
  0x44, 0xFF, 0xD4, 0x00, 0x00, 0x00, 0x00, 0x00, 0x00, 0x00, 0x00, 0x00, 0x00, 0x00, 0x00, 0x44,
  0xFF, 0xD4, 0x00, 0x00, 0x00, 0x00, 0x00, 0x00, 0x00, 0x00, 0x00, 0x00, 0x00, 0x00, 0x44, 0xFF,
  0xD4, 0x00, 0x00, 0x00, 0x00, 0x00, 0x00, 0x00, 0x00, 0x00, 0x00, 0x00, 0x00, 0x44, 0xFF, 0xFF,
  0xFF, 0xFF, 0xFF, 0xFF, 0xFF, 0xFF, 0xFF, 0xFF, 0x88, 0x00, 0x00, 0x00, 0x44, 0xFF, 0xFF, 0xFF,
  0xFF, 0xFF, 0xFF, 0xFF, 0xFF, 0xFF, 0xFF, 0x88, 0x00, 0x00, 0x00, 0x44, 0xFF, 0xD4, 0x00, 0x00,
  0x00, 0x00, 0x00, 0x00, 0x00, 0x00, 0x00, 0x00, 0x00, 0x00, 0x44, 0xFF, 0xD4, 0x00, 0x00, 0x00,
  0x00, 0x00, 0x00, 0x00, 0x00, 0x00, 0x00, 0x00, 0x00, 0x44, 0xFF, 0xD4, 0x00, 0x00, 0x00, 0x00,
  0x00, 0x00, 0x00, 0x00, 0x00, 0x00, 0x00, 0x00, 0x44, 0xFF, 0xD4, 0x00, 0x00, 0x00, 0x00, 0x00,
  0x00, 0x00, 0x00, 0x00, 0x00, 0x00, 0x00, 0x44, 0xFF, 0xD4, 0x00, 0x00, 0x00, 0x00, 0x00, 0x00,
  0x00, 0x00, 0x00, 0x00, 0x00, 0x00, 0x44, 0xFF, 0xFF, 0xFF, 0xFF, 0xFF, 0xFF, 0xFF, 0xFF, 0xFF,
  0xFF, 0xFF, 0x80, 0x00, 0x00, 0x44, 0xFF, 0xFF, 0xFF, 0xFF, 0xFF, 0xFF, 0xFF, 0xFF, 0xFF, 0xFF,
  0xFF, 0x80, 0x00, 0x00, 0x00, 0x00, 0x61, 0xEA, 0xD7, 0x6C, 0x12, 0xBA, 0xC6, 0x00, 0x00, 0x00,
  0x00, 0x17, 0xF8, 0xFF, 0xFF, 0xFF, 0xFF, 0xFF, 0x90, 0x00, 0x00, 0x00, 0x00, 0x49, 0xFF, 0x4C,
  0x30, 0xA4, 0xF0, 0xC4, 0x17, 0x00, 0x00, 0x00, 0x00, 0x00, 0x00, 0x00, 0x00, 0x00, 0x00, 0x00,
  0x00, 0x00, 0x00, 0x00, 0x00, 0x00, 0x50, 0xBE, 0xF0, 0xF7, 0xD3, 0x7B, 0x09, 0x00, 0x00, 0x00,
  0x00, 0x8D, 0xFF, 0xFF, 0xFF, 0xFF, 0xFF, 0xFF, 0xCE, 0x0F, 0x00, 0x00, 0x53, 0xFF, 0xD7, 0x4F,
  0x13, 0x0C, 0x38, 0xB6, 0xFF, 0x9E, 0x00, 0x00, 0xC8, 0xFC, 0x1C, 0x00, 0x00, 0x00, 0x00, 0x04,
  0xE0, 0xFB, 0x0E, 0x0C, 0xFD, 0xFF, 0xFF, 0xFF, 0xFF, 0xFF, 0xFF, 0xFF, 0xFF, 0xFF, 0x3E, 0x26,
  0xFF, 0xFF, 0xFF, 0xFF, 0xFF, 0xFF, 0xFF, 0xFF, 0xFF, 0xFF, 0x50, 0x29, 0xFF, 0xE3, 0x00, 0x00,
  0x00, 0x00, 0x00, 0x00, 0x00, 0x00, 0x00, 0x11, 0xFF, 0xFF, 0x18, 0x00, 0x00, 0x00, 0x00, 0x00,
  0x00, 0x00, 0x00, 0x00, 0xD2, 0xFF, 0x94, 0x00, 0x00, 0x00, 0x00, 0x15, 0xF0, 0xFA, 0x16, 0x00,
  0x62, 0xFF, 0xFE, 0x87, 0x1A, 0x08, 0x3C, 0xCF, 0xFF, 0xA5, 0x00, 0x00, 0x00, 0x9E, 0xFF, 0xFF,
  0xFF, 0xFF, 0xFF, 0xFF, 0xD6, 0x10, 0x00, 0x00, 0x00, 0x00, 0x59, 0xC0, 0xF0, 0xFA, 0xDD, 0x8C,
  0x11, 0x00, 0x00, 0x00, 0x00, 0x00, 0x00, 0x00, 0x00, 0x00, 0x8A, 0xFF, 0x9A, 0x06, 0x00, 0x00,
  0x00, 0x00, 0x00, 0x00, 0x00, 0x00, 0x00, 0x00, 0x44, 0xF8, 0x69, 0x00, 0x00, 0x00, 0x00, 0x00,
  0x00, 0x00, 0x00, 0x00, 0x00, 0x00, 0x40, 0xF0, 0xFD, 0xDF, 0x26, 0x00, 0x00, 0x00, 0x00, 0x00,
  0x00, 0x00, 0x00, 0x00, 0x57, 0xF8, 0xA0, 0x1E, 0xBC, 0xEC, 0x38, 0x00, 0x00, 0x00, 0x00, 0x00,
  0x44, 0xFF, 0xFF, 0xFF, 0xFF, 0xFF, 0xFF, 0xFF, 0xFF, 0xFF, 0xFF, 0xFF, 0x20, 0x00, 0x00, 0x44,
  0xFF, 0xFF, 0xFF, 0xFF, 0xFF, 0xFF, 0xFF, 0xFF, 0xFF, 0xFF, 0xFF, 0x20, 0x00, 0x00, 0x44, 0xFF,
  0xD4, 0x00, 0x00, 0x00, 0x00, 0x00, 0x00, 0x00, 0x00, 0x00, 0x00, 0x00, 0x00, 0x44, 0xFF, 0xD4,
  0x00, 0x00, 0x00, 0x00, 0x00, 0x00, 0x00, 0x00, 0x00, 0x00, 0x00, 0x00, 0x44, 0xFF, 0xD4, 0x00,
  0x00, 0x00, 0x00, 0x00, 0x00, 0x00, 0x00, 0x00, 0x00, 0x00, 0x00, 0x44, 0xFF, 0xD4, 0x00, 0x00,
  0x00, 0x00, 0x00, 0x00, 0x00, 0x00, 0x00, 0x00, 0x00, 0x00, 0x44, 0xFF, 0xD4, 0x00, 0x00, 0x00,
  0x00, 0x00, 0x00, 0x00, 0x00, 0x00, 0x00, 0x00, 0x00, 0x44, 0xFF, 0xFF, 0xFF, 0xFF, 0xFF, 0xFF,
  0xFF, 0xFF, 0xFF, 0xFF, 0x88, 0x00, 0x00, 0x00, 0x44, 0xFF, 0xFF, 0xFF, 0xFF, 0xFF, 0xFF, 0xFF,
  0xFF, 0xFF, 0xFF, 0x88, 0x00, 0x00, 0x00, 0x44, 0xFF, 0xD4, 0x00, 0x00, 0x00, 0x00, 0x00, 0x00,
  0x00, 0x00, 0x00, 0x00, 0x00, 0x00, 0x44, 0xFF, 0xD4, 0x00, 0x00, 0x00, 0x00, 0x00, 0x00, 0x00,
  0x00, 0x00, 0x00, 0x00, 0x00, 0x44, 0xFF, 0xD4, 0x00, 0x00, 0x00, 0x00, 0x00, 0x00, 0x00, 0x00,
  0x00, 0x00, 0x00, 0x00, 0x44, 0xFF, 0xD4, 0x00, 0x00, 0x00, 0x00, 0x00, 0x00, 0x00, 0x00, 0x00,
  0x00, 0x00, 0x00, 0x44, 0xFF, 0xD4, 0x00, 0x00, 0x00, 0x00, 0x00, 0x00, 0x00, 0x00, 0x00, 0x00,
  0x00, 0x00, 0x44, 0xFF, 0xFF, 0xFF, 0xFF, 0xFF, 0xFF, 0xFF, 0xFF, 0xFF, 0xFF, 0xFF, 0x80, 0x00,
  0x00, 0x44, 0xFF, 0xFF, 0xFF, 0xFF, 0xFF, 0xFF, 0xFF, 0xFF, 0xFF, 0xFF, 0xFF, 0x80, 0x00, 0x00,
  0x00, 0x00, 0x00, 0x00, 0x00, 0xCD, 0xFF, 0x99, 0x00, 0x00, 0x00, 0x00, 0x00, 0x00, 0x00, 0x00,
  0x4B, 0xFF, 0xC0, 0x05, 0x00, 0x00, 0x00, 0x00, 0x00, 0x00, 0x00, 0x00, 0xC6, 0xDE, 0x13, 0x00,
  0x00, 0x00, 0x00, 0x00, 0x00, 0x00, 0x00, 0x00, 0x00, 0x00, 0x00, 0x00, 0x00, 0x00, 0x00, 0x00,
  0x00, 0x00, 0x00, 0x68, 0xFF, 0xFF, 0x72, 0x00, 0x00, 0x00, 0x00, 0x00, 0x00, 0x00, 0x35, 0xF8,
  0xC7, 0x9F, 0xFC, 0x43, 0x00, 0x00, 0x00, 0x00, 0x00, 0x13, 0xE1, 0xFC, 0x31, 0x16, 0xF0, 0xEC,
  0x20, 0x00, 0x00, 0x00, 0x00, 0x00, 0x00, 0x00, 0x00, 0x00, 0x00, 0x00, 0x00, 0x00, 0x00, 0x00,
  0x00, 0x00, 0x50, 0xBE, 0xF0, 0xF7, 0xD3, 0x7B, 0x09, 0x00, 0x00, 0x00, 0x00, 0x8D, 0xFF, 0xFF,
  0xFF, 0xFF, 0xFF, 0xFF, 0xCE, 0x0F, 0x00, 0x00, 0x53, 0xFF, 0xD7, 0x4F, 0x13, 0x0C, 0x38, 0xB6,
  0xFF, 0x9E, 0x00, 0x00, 0xC8, 0xFC, 0x1C, 0x00, 0x00, 0x00, 0x00, 0x04, 0xE0, 0xFB, 0x0E, 0x0C,
  0xFD, 0xFF, 0xFF, 0xFF, 0xFF, 0xFF, 0xFF, 0xFF, 0xFF, 0xFF, 0x3E, 0x26, 0xFF, 0xFF, 0xFF, 0xFF,
  0xFF, 0xFF, 0xFF, 0xFF, 0xFF, 0xFF, 0x50, 0x29, 0xFF, 0xE3, 0x00, 0x00, 0x00, 0x00, 0x00, 0x00,
  0x00, 0x00, 0x00, 0x11, 0xFF, 0xFF, 0x18, 0x00, 0x00, 0x00, 0x00, 0x00, 0x00, 0x00, 0x00, 0x00,
  0xD2, 0xFF, 0x94, 0x00, 0x00, 0x00, 0x00, 0x15, 0xF0, 0xFA, 0x16, 0x00, 0x62, 0xFF, 0xFE, 0x87,
  0x1A, 0x08, 0x3C, 0xCF, 0xFF, 0xA5, 0x00, 0x00, 0x00, 0x9E, 0xFF, 0xFF, 0xFF, 0xFF, 0xFF, 0xFF,
  0xD6, 0x10, 0x00, 0x00, 0x00, 0x00, 0x59, 0xC0, 0xF0, 0xFA, 0xDD, 0x8C, 0x11, 0x00, 0x00, 0x00,
  0x00, 0x00, 0x00, 0x12, 0xBB, 0xFF, 0x5F, 0x00, 0x00, 0x00, 0x00, 0x00, 0x00, 0x00, 0x00, 0x00,
  0x00, 0x00, 0x00, 0x03, 0x8D, 0xF2, 0x24, 0x00, 0x00, 0x00, 0x00, 0x00, 0x00, 0x00, 0x00, 0x00,
  0x00, 0x00, 0x40, 0xF0, 0xFD, 0xDF, 0x26, 0x00, 0x00, 0x00, 0x00, 0x00, 0x00, 0x00, 0x00, 0x00,
  0x57, 0xF8, 0xA0, 0x1E, 0xBC, 0xEC, 0x38, 0x00, 0x00, 0x00, 0x00, 0x00, 0x44, 0xFF, 0xFF, 0xFF,
  0xFF, 0xFF, 0xFF, 0xFF, 0xFF, 0xFF, 0xFF, 0xFF, 0x20, 0x00, 0x00, 0x44, 0xFF, 0xFF, 0xFF, 0xFF,
  0xFF, 0xFF, 0xFF, 0xFF, 0xFF, 0xFF, 0xFF, 0x20, 0x00, 0x00, 0x44, 0xFF, 0xD4, 0x00, 0x00, 0x00,
  0x00, 0x00, 0x00, 0x00, 0x00, 0x00, 0x00, 0x00, 0x00, 0x44, 0xFF, 0xD4, 0x00, 0x00, 0x00, 0x00,
  0x00, 0x00, 0x00, 0x00, 0x00, 0x00, 0x00, 0x00, 0x44, 0xFF, 0xD4, 0x00, 0x00, 0x00, 0x00, 0x00,
  0x00, 0x00, 0x00, 0x00, 0x00, 0x00, 0x00, 0x44, 0xFF, 0xD4, 0x00, 0x00, 0x00, 0x00, 0x00, 0x00,
  0x00, 0x00, 0x00, 0x00, 0x00, 0x00, 0x44, 0xFF, 0xD4, 0x00, 0x00, 0x00, 0x00, 0x00, 0x00, 0x00,
  0x00, 0x00, 0x00, 0x00, 0x00, 0x44, 0xFF, 0xFF, 0xFF, 0xFF, 0xFF, 0xFF, 0xFF, 0xFF, 0xFF, 0xFF,
  0x88, 0x00, 0x00, 0x00, 0x44, 0xFF, 0xFF, 0xFF, 0xFF, 0xFF, 0xFF, 0xFF, 0xFF, 0xFF, 0xFF, 0x88,
  0x00, 0x00, 0x00, 0x44, 0xFF, 0xD4, 0x00, 0x00, 0x00, 0x00, 0x00, 0x00, 0x00, 0x00, 0x00, 0x00,
  0x00, 0x00, 0x44, 0xFF, 0xD4, 0x00, 0x00, 0x00, 0x00, 0x00, 0x00, 0x00, 0x00, 0x00, 0x00, 0x00,
  0x00, 0x44, 0xFF, 0xD4, 0x00, 0x00, 0x00, 0x00, 0x00, 0x00, 0x00, 0x00, 0x00, 0x00, 0x00, 0x00,
  0x44, 0xFF, 0xD4, 0x00, 0x00, 0x00, 0x00, 0x00, 0x00, 0x00, 0x00, 0x00, 0x00, 0x00, 0x00, 0x44,
  0xFF, 0xD4, 0x00, 0x00, 0x00, 0x00, 0x00, 0x00, 0x00, 0x00, 0x00, 0x00, 0x00, 0x00, 0x44, 0xFF,
  0xFF, 0xFF, 0xFF, 0xFF, 0xFF, 0xFF, 0xFF, 0xFF, 0xFF, 0xFF, 0x80, 0x00, 0x00, 0x44, 0xFF, 0xFF,
  0xFF, 0xFF, 0xFF, 0xFF, 0xFF, 0xFF, 0xFF, 0xFF, 0xFF, 0x80, 0x00, 0x00, 0x00, 0x00, 0x93, 0xFF,
  0xD6, 0x02, 0x00, 0x00, 0x00, 0x00, 0x00, 0x00, 0x00, 0x00, 0x03, 0xBA, 0xFF, 0x53, 0x00, 0x00,
  0x00, 0x00, 0x00, 0x00, 0x00, 0x00, 0x00, 0x10, 0xD9, 0xCD, 0x00, 0x00, 0x00, 0x00, 0x00, 0x00,
  0x00, 0x00, 0x00, 0x00, 0x00, 0x00, 0x00, 0x00, 0x00, 0x00, 0x00, 0x00, 0x00, 0x00, 0x00, 0x68,
  0xFF, 0xFF, 0x72, 0x00, 0x00, 0x00, 0x00, 0x00, 0x00, 0x00, 0x35, 0xF8, 0xC7, 0x9F, 0xFC, 0x43,
  0x00, 0x00, 0x00, 0x00, 0x00, 0x13, 0xE1, 0xFC, 0x31, 0x16, 0xF0, 0xEC, 0x20, 0x00, 0x00, 0x00,
  0x00, 0x00, 0x00, 0x00, 0x00, 0x00, 0x00, 0x00, 0x00, 0x00, 0x00, 0x00, 0x00, 0x00, 0x50, 0xBE,
  0xF0, 0xF7, 0xD3, 0x7B, 0x09, 0x00, 0x00, 0x00, 0x00, 0x8D, 0xFF, 0xFF, 0xFF, 0xFF, 0xFF, 0xFF,
  0xCE, 0x0F, 0x00, 0x00, 0x53, 0xFF, 0xD7, 0x4F, 0x13, 0x0C, 0x38, 0xB6, 0xFF, 0x9E, 0x00, 0x00,
  0xC8, 0xFC, 0x1C, 0x00, 0x00, 0x00, 0x00, 0x04, 0xE0, 0xFB, 0x0E, 0x0C, 0xFD, 0xFF, 0xFF, 0xFF,
  0xFF, 0xFF, 0xFF, 0xFF, 0xFF, 0xFF, 0x3E, 0x26, 0xFF, 0xFF, 0xFF, 0xFF, 0xFF, 0xFF, 0xFF, 0xFF,
  0xFF, 0xFF, 0x50, 0x29, 0xFF, 0xE3, 0x00, 0x00, 0x00, 0x00, 0x00, 0x00, 0x00, 0x00, 0x00, 0x11,
  0xFF, 0xFF, 0x18, 0x00, 0x00, 0x00, 0x00, 0x00, 0x00, 0x00, 0x00, 0x00, 0xD2, 0xFF, 0x94, 0x00,
  0x00, 0x00, 0x00, 0x15, 0xF0, 0xFA, 0x16, 0x00, 0x62, 0xFF, 0xFE, 0x87, 0x1A, 0x08, 0x3C, 0xCF,
  0xFF, 0xA5, 0x00, 0x00, 0x00, 0x9E, 0xFF, 0xFF, 0xFF, 0xFF, 0xFF, 0xFF, 0xD6, 0x10, 0x00, 0x00,
  0x00, 0x00, 0x59, 0xC0, 0xF0, 0xFA, 0xDD, 0x8C, 0x11, 0x00, 0x00, 0x00, 0x00, 0x00, 0x00, 0x00,
  0x89, 0xFE, 0xF5, 0xD3, 0x4D, 0x00, 0x00, 0x00, 0x00, 0x00, 0x00, 0x00, 0x00, 0x00, 0x00, 0x00,
  0x20, 0xFF, 0xE5, 0x66, 0x00, 0x00, 0x00, 0x00, 0x00, 0x00, 0x00, 0x00, 0x00, 0x00, 0x40, 0xF0,
  0xFD, 0xDF, 0x26, 0x00, 0x00, 0x00, 0x00, 0x00, 0x00, 0x00, 0x00, 0x00, 0x57, 0xF8, 0xA0, 0x1E,
  0xBC, 0xEC, 0x38, 0x00, 0x00, 0x00, 0x00, 0x00, 0x44, 0xFF, 0xFF, 0xFF, 0xFF, 0xFF, 0xFF, 0xFF,
  0xFF, 0xFF, 0xFF, 0xFF, 0x20, 0x00, 0x00, 0x44, 0xFF, 0xFF, 0xFF, 0xFF, 0xFF, 0xFF, 0xFF, 0xFF,
  0xFF, 0xFF, 0xFF, 0x20, 0x00, 0x00, 0x44, 0xFF, 0xD4, 0x00, 0x00, 0x00, 0x00, 0x00, 0x00, 0x00,
  0x00, 0x00, 0x00, 0x00, 0x00, 0x44, 0xFF, 0xD4, 0x00, 0x00, 0x00, 0x00, 0x00, 0x00, 0x00, 0x00,
  0x00, 0x00, 0x00, 0x00, 0x44, 0xFF, 0xD4, 0x00, 0x00, 0x00, 0x00, 0x00, 0x00, 0x00, 0x00, 0x00,
  0x00, 0x00, 0x00, 0x44, 0xFF, 0xD4, 0x00, 0x00, 0x00, 0x00, 0x00, 0x00, 0x00, 0x00, 0x00, 0x00,
  0x00, 0x00, 0x44, 0xFF, 0xD4, 0x00, 0x00, 0x00, 0x00, 0x00, 0x00, 0x00, 0x00, 0x00, 0x00, 0x00,
  0x00, 0x44, 0xFF, 0xFF, 0xFF, 0xFF, 0xFF, 0xFF, 0xFF, 0xFF, 0xFF, 0xFF, 0x88, 0x00, 0x00, 0x00,
  0x44, 0xFF, 0xFF, 0xFF, 0xFF, 0xFF, 0xFF, 0xFF, 0xFF, 0xFF, 0xFF, 0x88, 0x00, 0x00, 0x00, 0x44,
  0xFF, 0xD4, 0x00, 0x00, 0x00, 0x00, 0x00, 0x00, 0x00, 0x00, 0x00, 0x00, 0x00, 0x00, 0x44, 0xFF,
  0xD4, 0x00, 0x00, 0x00, 0x00, 0x00, 0x00, 0x00, 0x00, 0x00, 0x00, 0x00, 0x00, 0x44, 0xFF, 0xD4,
  0x00, 0x00, 0x00, 0x00, 0x00, 0x00, 0x00, 0x00, 0x00, 0x00, 0x00, 0x00, 0x44, 0xFF, 0xD4, 0x00,
  0x00, 0x00, 0x00, 0x00, 0x00, 0x00, 0x00, 0x00, 0x00, 0x00, 0x00, 0x44, 0xFF, 0xD4, 0x00, 0x00,
  0x00, 0x00, 0x00, 0x00, 0x00, 0x00, 0x00, 0x00, 0x00, 0x00, 0x44, 0xFF, 0xFF, 0xFF, 0xFF, 0xFF,
  0xFF, 0xFF, 0xFF, 0xFF, 0xFF, 0xFF, 0x80, 0x00, 0x00, 0x44, 0xFF, 0xFF, 0xFF, 0xFF, 0xFF, 0xFF,
  0xFF, 0xFF, 0xFF, 0xFF, 0xFF, 0x80, 0x00, 0x00, 0x00, 0x00, 0x00, 0xEF, 0xFC, 0xE4, 0x98, 0x10,
  0x00, 0x00, 0x00, 0x00, 0x00, 0x00, 0x00, 0x03, 0x09, 0x7A, 0xFF, 0x88, 0x00, 0x00, 0x00, 0x00,
  0x00, 0x00, 0x00, 0x00, 0x88, 0xFD, 0xCE, 0x37, 0x00, 0x00, 0x00, 0x00, 0x00, 0x00, 0x00, 0x00,
  0x00, 0x00, 0x00, 0x00, 0x00, 0x00, 0x00, 0x00, 0x00, 0x00, 0x00, 0x68, 0xFF, 0xFF, 0x72, 0x00,
  0x00, 0x00, 0x00, 0x00, 0x00, 0x00, 0x35, 0xF8, 0xC7, 0x9F, 0xFC, 0x43, 0x00, 0x00, 0x00, 0x00,
  0x00, 0x13, 0xE1, 0xFC, 0x31, 0x16, 0xF0, 0xEC, 0x20, 0x00, 0x00, 0x00, 0x00, 0x00, 0x00, 0x00,
  0x00, 0x00, 0x00, 0x00, 0x00, 0x00, 0x00, 0x00, 0x00, 0x00, 0x50, 0xBE, 0xF0, 0xF7, 0xD3, 0x7B,
  0x09, 0x00, 0x00, 0x00, 0x00, 0x8D, 0xFF, 0xFF, 0xFF, 0xFF, 0xFF, 0xFF, 0xCE, 0x0F, 0x00, 0x00,
  0x53, 0xFF, 0xD7, 0x4F, 0x13, 0x0C, 0x38, 0xB6, 0xFF, 0x9E, 0x00, 0x00, 0xC8, 0xFC, 0x1C, 0x00,
  0x00, 0x00, 0x00, 0x04, 0xE0, 0xFB, 0x0E, 0x0C, 0xFD, 0xFF, 0xFF, 0xFF, 0xFF, 0xFF, 0xFF, 0xFF,
  0xFF, 0xFF, 0x3E, 0x26, 0xFF, 0xFF, 0xFF, 0xFF, 0xFF, 0xFF, 0xFF, 0xFF, 0xFF, 0xFF, 0x50, 0x29,
  0xFF, 0xE3, 0x00, 0x00, 0x00, 0x00, 0x00, 0x00, 0x00, 0x00, 0x00, 0x11, 0xFF, 0xFF, 0x18, 0x00,
  0x00, 0x00, 0x00, 0x00, 0x00, 0x00, 0x00, 0x00, 0xD2, 0xFF, 0x94, 0x00, 0x00, 0x00, 0x00, 0x15,
  0xF0, 0xFA, 0x16, 0x00, 0x62, 0xFF, 0xFE, 0x87, 0x1A, 0x08, 0x3C, 0xCF, 0xFF, 0xA5, 0x00, 0x00,
  0x00, 0x9E, 0xFF, 0xFF, 0xFF, 0xFF, 0xFF, 0xFF, 0xD6, 0x10, 0x00, 0x00, 0x00, 0x00, 0x59, 0xC0,
  0xF0, 0xFA, 0xDD, 0x8C, 0x11, 0x00, 0x00, 0x00, 0x00, 0x00, 0x00, 0x74, 0xEC, 0xE3, 0x81, 0x1D,
  0x46, 0xE7, 0x00, 0x00, 0x00, 0x00, 0x00, 0x00, 0x00, 0x18, 0xF5, 0x1B, 0x29, 0x92, 0xEB, 0xE8,
  0x5B, 0x00, 0x00, 0x00, 0x00, 0x00, 0x00, 0x00, 0x00, 0x00, 0x40, 0xF0, 0xFD, 0xDF, 0x26, 0x00,
  0x00, 0x00, 0x00, 0x00, 0x00, 0x00, 0x00, 0x00, 0x57, 0xF8, 0xA0, 0x1E, 0xBC, 0xEC, 0x38, 0x00,
  0x00, 0x00, 0x00, 0x00, 0x44, 0xFF, 0xFF, 0xFF, 0xFF, 0xFF, 0xFF, 0xFF, 0xFF, 0xFF, 0xFF, 0xFF,
  0x20, 0x00, 0x00, 0x44, 0xFF, 0xFF, 0xFF, 0xFF, 0xFF, 0xFF, 0xFF, 0xFF, 0xFF, 0xFF, 0xFF, 0x20,
  0x00, 0x00, 0x44, 0xFF, 0xD4, 0x00, 0x00, 0x00, 0x00, 0x00, 0x00, 0x00, 0x00, 0x00, 0x00, 0x00,
  0x00, 0x44, 0xFF, 0xD4, 0x00, 0x00, 0x00, 0x00, 0x00, 0x00, 0x00, 0x00, 0x00, 0x00, 0x00, 0x00,
  0x44, 0xFF, 0xD4, 0x00, 0x00, 0x00, 0x00, 0x00, 0x00, 0x00, 0x00, 0x00, 0x00, 0x00, 0x00, 0x44,
  0xFF, 0xD4, 0x00, 0x00, 0x00, 0x00, 0x00, 0x00, 0x00, 0x00, 0x00, 0x00, 0x00, 0x00, 0x44, 0xFF,
  0xD4, 0x00, 0x00, 0x00, 0x00, 0x00, 0x00, 0x00, 0x00, 0x00, 0x00, 0x00, 0x00, 0x44, 0xFF, 0xFF,
  0xFF, 0xFF, 0xFF, 0xFF, 0xFF, 0xFF, 0xFF, 0xFF, 0x88, 0x00, 0x00, 0x00, 0x44, 0xFF, 0xFF, 0xFF,
  0xFF, 0xFF, 0xFF, 0xFF, 0xFF, 0xFF, 0xFF, 0x88, 0x00, 0x00, 0x00, 0x44, 0xFF, 0xD4, 0x00, 0x00,
  0x00, 0x00, 0x00, 0x00, 0x00, 0x00, 0x00, 0x00, 0x00, 0x00, 0x44, 0xFF, 0xD4, 0x00, 0x00, 0x00,
  0x00, 0x00, 0x00, 0x00, 0x00, 0x00, 0x00, 0x00, 0x00, 0x44, 0xFF, 0xD4, 0x00, 0x00, 0x00, 0x00,
  0x00, 0x00, 0x00, 0x00, 0x00, 0x00, 0x00, 0x00, 0x44, 0xFF, 0xD4, 0x00, 0x00, 0x00, 0x00, 0x00,
  0x00, 0x00, 0x00, 0x00, 0x00, 0x00, 0x00, 0x44, 0xFF, 0xD4, 0x00, 0x00, 0x00, 0x00, 0x00, 0x00,
  0x00, 0x00, 0x00, 0x00, 0x00, 0x00, 0x44, 0xFF, 0xFF, 0xFF, 0xFF, 0xFF, 0xFF, 0xFF, 0xFF, 0xFF,
  0xFF, 0xFF, 0x80, 0x00, 0x00, 0x44, 0xFF, 0xFF, 0xFF, 0xFF, 0xFF, 0xFF, 0xFF, 0xFF, 0xFF, 0xFF,
  0xFF, 0x80, 0x00, 0x00, 0x00, 0x0A, 0xAD, 0xF3, 0xCA, 0x59, 0x15, 0xE3, 0x93, 0x00, 0x00, 0x00,
  0x00, 0x6B, 0xFB, 0x21, 0x43, 0xB6, 0xF4, 0xCE, 0x23, 0x00, 0x00, 0x00, 0x00, 0x00, 0x00, 0x00,
  0x00, 0x00, 0x00, 0x00, 0x00, 0x00, 0x00, 0x00, 0x00, 0x00, 0x00, 0x68, 0xFF, 0xFF, 0x72, 0x00,
  0x00, 0x00, 0x00, 0x00, 0x00, 0x00, 0x35, 0xF8, 0xC7, 0x9F, 0xFC, 0x43, 0x00, 0x00, 0x00, 0x00,
  0x00, 0x13, 0xE1, 0xFC, 0x31, 0x16, 0xF0, 0xEC, 0x20, 0x00, 0x00, 0x00, 0x00, 0x00, 0x00, 0x00,
  0x00, 0x00, 0x00, 0x00, 0x00, 0x00, 0x00, 0x00, 0x00, 0x00, 0x50, 0xBE, 0xF0, 0xF7, 0xD3, 0x7B,
  0x09, 0x00, 0x00, 0x00, 0x00, 0x8D, 0xFF, 0xFF, 0xFF, 0xFF, 0xFF, 0xFF, 0xCE, 0x0F, 0x00, 0x00,
  0x53, 0xFF, 0xD7, 0x4F, 0x13, 0x0C, 0x38, 0xB6, 0xFF, 0x9E, 0x00, 0x00, 0xC8, 0xFC, 0x1C, 0x00,
  0x00, 0x00, 0x00, 0x04, 0xE0, 0xFB, 0x0E, 0x0C, 0xFD, 0xFF, 0xFF, 0xFF, 0xFF, 0xFF, 0xFF, 0xFF,
  0xFF, 0xFF, 0x3E, 0x26, 0xFF, 0xFF, 0xFF, 0xFF, 0xFF, 0xFF, 0xFF, 0xFF, 0xFF, 0xFF, 0x50, 0x29,
  0xFF, 0xE3, 0x00, 0x00, 0x00, 0x00, 0x00, 0x00, 0x00, 0x00, 0x00, 0x11, 0xFF, 0xFF, 0x18, 0x00,
  0x00, 0x00, 0x00, 0x00, 0x00, 0x00, 0x00, 0x00, 0xD2, 0xFF, 0x94, 0x00, 0x00, 0x00, 0x00, 0x15,
  0xF0, 0xFA, 0x16, 0x00, 0x62, 0xFF, 0xFE, 0x87, 0x1A, 0x08, 0x3C, 0xCF, 0xFF, 0xA5, 0x00, 0x00,
  0x00, 0x9E, 0xFF, 0xFF, 0xFF, 0xFF, 0xFF, 0xFF, 0xD6, 0x10, 0x00, 0x00, 0x00, 0x00, 0x59, 0xC0,
  0xF0, 0xFA, 0xDD, 0x8C, 0x11, 0x00, 0x00, 0x00, 0x00, 0x00, 0x00, 0x00, 0x40, 0xF0, 0xFD, 0xDF,
  0x26, 0x00, 0x00, 0x00, 0x00, 0x00, 0x00, 0x00, 0x00, 0x00, 0x57, 0xF8, 0xA0, 0x1E, 0xBC, 0xEC,
  0x38, 0x00, 0x00, 0x00, 0x00, 0x00, 0x00, 0x00, 0x00, 0x00, 0x00, 0x00, 0x00, 0x00, 0x00, 0x00,
  0x00, 0x00, 0x00, 0x00, 0x00, 0x44, 0xFF, 0xFF, 0xFF, 0xFF, 0xFF, 0xFF, 0xFF, 0xFF, 0xFF, 0xFF,
  0xFF, 0x20, 0x00, 0x00, 0x44, 0xFF, 0xFF, 0xFF, 0xFF, 0xFF, 0xFF, 0xFF, 0xFF, 0xFF, 0xFF, 0xFF,
  0x20, 0x00, 0x00, 0x44, 0xFF, 0xD4, 0x00, 0x00, 0x00, 0x00, 0x00, 0x00, 0x00, 0x00, 0x00, 0x00,
  0x00, 0x00, 0x44, 0xFF, 0xD4, 0x00, 0x00, 0x00, 0x00, 0x00, 0x00, 0x00, 0x00, 0x00, 0x00, 0x00,
  0x00, 0x44, 0xFF, 0xD4, 0x00, 0x00, 0x00, 0x00, 0x00, 0x00, 0x00, 0x00, 0x00, 0x00, 0x00, 0x00,
  0x44, 0xFF, 0xD4, 0x00, 0x00, 0x00, 0x00, 0x00, 0x00, 0x00, 0x00, 0x00, 0x00, 0x00, 0x00, 0x44,
  0xFF, 0xD4, 0x00, 0x00, 0x00, 0x00, 0x00, 0x00, 0x00, 0x00, 0x00, 0x00, 0x00, 0x00, 0x44, 0xFF,
  0xFF, 0xFF, 0xFF, 0xFF, 0xFF, 0xFF, 0xFF, 0xFF, 0xFF, 0x88, 0x00, 0x00, 0x00, 0x44, 0xFF, 0xFF,
  0xFF, 0xFF, 0xFF, 0xFF, 0xFF, 0xFF, 0xFF, 0xFF, 0x88, 0x00, 0x00, 0x00, 0x44, 0xFF, 0xD4, 0x00,
  0x00, 0x00, 0x00, 0x00, 0x00, 0x00, 0x00, 0x00, 0x00, 0x00, 0x00, 0x44, 0xFF, 0xD4, 0x00, 0x00,
  0x00, 0x00, 0x00, 0x00, 0x00, 0x00, 0x00, 0x00, 0x00, 0x00, 0x44, 0xFF, 0xD4, 0x00, 0x00, 0x00,
  0x00, 0x00, 0x00, 0x00, 0x00, 0x00, 0x00, 0x00, 0x00, 0x44, 0xFF, 0xD4, 0x00, 0x00, 0x00, 0x00,
  0x00, 0x00, 0x00, 0x00, 0x00, 0x00, 0x00, 0x00, 0x44, 0xFF, 0xD4, 0x00, 0x00, 0x00, 0x00, 0x00,
  0x00, 0x00, 0x00, 0x00, 0x00, 0x00, 0x00, 0x44, 0xFF, 0xFF, 0xFF, 0xFF, 0xFF, 0xFF, 0xFF, 0xFF,
  0xFF, 0xFF, 0xFF, 0x80, 0x00, 0x00, 0x44, 0xFF, 0xFF, 0xFF, 0xFF, 0xFF, 0xFF, 0xFF, 0xFF, 0xFF,
  0xFF, 0xFF, 0x80, 0x00, 0x00, 0x00, 0x00, 0x00, 0x00, 0x00, 0x00, 0x00, 0x00, 0x00, 0x00, 0x00,
  0x00, 0x00, 0x00, 0x00, 0x00, 0x00, 0x00, 0x00, 0x00, 0x80, 0xFF, 0xB4, 0x00, 0x00, 0x00, 0x00,
  0x00, 0x00, 0x00, 0x00, 0x00, 0x00, 0x00, 0x00, 0x80, 0xFF, 0xB4, 0x00, 0x00, 0x00, 0x00, 0x00,
  0x00, 0x00, 0x00, 0x00, 0x00, 0x68, 0xFF, 0xFF, 0x72, 0x00, 0x00, 0x00, 0x00, 0x00, 0x00, 0x00,
  0x35, 0xF8, 0xC7, 0x9F, 0xFC, 0x43, 0x00, 0x00, 0x00, 0x00, 0x00, 0x13, 0xE1, 0xFC, 0x31, 0x16,
  0xF0, 0xEC, 0x20, 0x00, 0x00, 0x00, 0x00, 0x00, 0x00, 0x00, 0x00, 0x00, 0x00, 0x00, 0x00, 0x00,
  0x00, 0x00, 0x00, 0x00, 0x50, 0xBE, 0xF0, 0xF7, 0xD3, 0x7B, 0x09, 0x00, 0x00, 0x00, 0x00, 0x8D,
  0xFF, 0xFF, 0xFF, 0xFF, 0xFF, 0xFF, 0xCE, 0x0F, 0x00, 0x00, 0x53, 0xFF, 0xD7, 0x4F, 0x13, 0x0C,
  0x38, 0xB6, 0xFF, 0x9E, 0x00, 0x00, 0xC8, 0xFC, 0x1C, 0x00, 0x00, 0x00, 0x00, 0x04, 0xE0, 0xFB,
  0x0E, 0x0C, 0xFD, 0xFF, 0xFF, 0xFF, 0xFF, 0xFF, 0xFF, 0xFF, 0xFF, 0xFF, 0x3E, 0x26, 0xFF, 0xFF,
  0xFF, 0xFF, 0xFF, 0xFF, 0xFF, 0xFF, 0xFF, 0xFF, 0x50, 0x29, 0xFF, 0xE3, 0x00, 0x00, 0x00, 0x00,
  0x00, 0x00, 0x00, 0x00, 0x00, 0x11, 0xFF, 0xFF, 0x18, 0x00, 0x00, 0x00, 0x00, 0x00, 0x00, 0x00,
  0x00, 0x00, 0xD2, 0xFF, 0x94, 0x00, 0x00, 0x00, 0x00, 0x15, 0xF0, 0xFA, 0x16, 0x00, 0x62, 0xFF,
  0xFE, 0x87, 0x1A, 0x08, 0x3C, 0xCF, 0xFF, 0xA5, 0x00, 0x00, 0x00, 0x9E, 0xFF, 0xFF, 0xFF, 0xFF,
  0xFF, 0xFF, 0xD6, 0x10, 0x00, 0x00, 0x00, 0x00, 0x59, 0xC0, 0xF0, 0xFA, 0xDD, 0x8C, 0x11, 0x00,
  0x00, 0x00, 0x00, 0x00, 0x00, 0x00, 0x00, 0x00, 0x00, 0x00, 0x00, 0x00, 0x00, 0x00, 0x00, 0x00,
  0x00, 0x00, 0xE4, 0xFF, 0x50, 0x00, 0x00, 0x00, 0x00, 0x00, 0x00, 0x00, 0x00, 0x00, 0xE4, 0xFF,
  0x50, 0x00, 0x00, 0x00, 0x00, 0x00, 0xD9, 0xFC, 0xE8, 0xA3, 0x18, 0x00, 0x03, 0x07, 0x65, 0xFF,
  0xA0, 0x00, 0x00, 0x70, 0xFE, 0xD5, 0x46, 0x00, 0x00, 0x00, 0x00, 0x00, 0x00, 0x00, 0x00, 0xF4,
  0xFF, 0x24, 0x00, 0x00, 0x00, 0xF4, 0xFF, 0x24, 0x00, 0x00, 0x00, 0xF4, 0xFF, 0x24, 0x00, 0x00,
  0x00, 0xF4, 0xFF, 0x24, 0x00, 0x00, 0x00, 0xF4, 0xFF, 0x24, 0x00, 0x00, 0x00, 0xF4, 0xFF, 0x24,
  0x00, 0x00, 0x00, 0xF4, 0xFF, 0x24, 0x00, 0x00, 0x00, 0xF4, 0xFF, 0x24, 0x00, 0x00, 0x00, 0xF4,
  0xFF, 0x24, 0x00, 0x00, 0x00, 0xF4, 0xFF, 0x24, 0x00, 0x00, 0x00, 0xF4, 0xFF, 0x24, 0x00, 0x00,
  0x00, 0xF4, 0xFF, 0x24, 0x00, 0x00, 0x00, 0xF4, 0xFF, 0x24, 0x00, 0x00, 0x00, 0xF4, 0xFF, 0x24,
  0x00, 0x00, 0x00, 0xF4, 0xFF, 0x24, 0x00, 0x00, 0x00, 0xF4, 0xFF, 0x24, 0x00, 0x00, 0x00, 0x00,
  0x00, 0x00, 0x00, 0x98, 0xFE, 0xEE, 0xB0, 0x22, 0x00, 0x05, 0x05, 0x33, 0xEF, 0xCF, 0x00, 0x00,
  0x00, 0x2F, 0xF3, 0xE9, 0x00, 0x00, 0x2C, 0xFF, 0xDF, 0x52, 0x00, 0x00, 0x00, 0x00, 0x00, 0x00,
  0x00, 0x00, 0x88, 0xFF, 0x64, 0x00, 0x00, 0x00, 0x88, 0xFF, 0x64, 0x00, 0x00, 0x00, 0x88, 0xFF,
  0x64, 0x00, 0x00, 0x00, 0x88, 0xFF, 0x64, 0x00, 0x00, 0x00, 0x88, 0xFF, 0x64, 0x00, 0x00, 0x00,
  0x88, 0xFF, 0x64, 0x00, 0x00, 0x00, 0x88, 0xFF, 0x64, 0x00, 0x00, 0x00, 0x88, 0xFF, 0x64, 0x00,
  0x00, 0x00, 0x88, 0xFF, 0x64, 0x00, 0x00, 0x00, 0x88, 0xFF, 0x64, 0x00, 0x00, 0x00, 0x88, 0xFF,
  0x64, 0x00, 0x00, 0x00, 0x88, 0xFF, 0x64, 0x00, 0x00, 0x00, 0x00, 0xF4, 0xFF, 0x24, 0x00, 0x00,
  0x00, 0xF4, 0xFF, 0x24, 0x00, 0x00, 0x00, 0xF4, 0xFF, 0x24, 0x00, 0x00, 0x00, 0xF4, 0xFF, 0x24,
  0x00, 0x00, 0x00, 0xF4, 0xFF, 0x24, 0x00, 0x00, 0x00, 0xF4, 0xFF, 0x24, 0x00, 0x00, 0x00, 0xF4,
  0xFF, 0x24, 0x00, 0x00, 0x00, 0xF4, 0xFF, 0x24, 0x00, 0x00, 0x00, 0xF4, 0xFF, 0x24, 0x00, 0x00,
  0x00, 0xF4, 0xFF, 0x24, 0x00, 0x00, 0x00, 0xF4, 0xFF, 0x24, 0x00, 0x00, 0x00, 0xF4, 0xFF, 0x24,
  0x00, 0x00, 0x00, 0xF4, 0xFF, 0x24, 0x00, 0x00, 0x00, 0xF4, 0xFF, 0x24, 0x00, 0x00, 0x00, 0xF4,
  0xFF, 0x24, 0x00, 0x00, 0x00, 0xF4, 0xFF, 0x24, 0x00, 0x00, 0x00, 0x00, 0x00, 0x00, 0x00, 0x00,
  0x00, 0xFF, 0xFF, 0x34, 0x00, 0x00, 0x00, 0xFF, 0xFF, 0x34, 0x00, 0x00, 0x88, 0xFF, 0x64, 0x00,
  0x00, 0x88, 0xFF, 0x64, 0x00, 0x00, 0x00, 0x00, 0x00, 0x00, 0x00, 0x00, 0x00, 0x00, 0x00, 0x00,
  0x88, 0xFF, 0x64, 0x00, 0x00, 0x88, 0xFF, 0x64, 0x00, 0x00, 0x88, 0xFF, 0x64, 0x00, 0x00, 0x88,
  0xFF, 0x64, 0x00, 0x00, 0x88, 0xFF, 0x64, 0x00, 0x00, 0x88, 0xFF, 0x64, 0x00, 0x00, 0x88, 0xFF,
  0x64, 0x00, 0x00, 0x88, 0xFF, 0x64, 0x00, 0x00, 0x88, 0xFF, 0x64, 0x00, 0x00, 0x88, 0xFF, 0x64,
  0x00, 0x00, 0x88, 0xFF, 0x64, 0x00, 0x00, 0x88, 0xFF, 0x64, 0x00, 0x00, 0x00, 0x00, 0x00, 0x00,
  0x00, 0xAC, 0xFF, 0x88, 0x00, 0x00, 0xAC, 0xFF, 0x88, 0x00, 0x00, 0x00, 0x00, 0x00, 0x04, 0x62,
  0xB6, 0xE7, 0xFA, 0xEF, 0xC4, 0x73, 0x0D, 0x00, 0x00, 0x00, 0x00, 0x00, 0x00, 0x00, 0x27, 0xD7,
  0xFF, 0xFF, 0xFF, 0xFF, 0xFF, 0xFF, 0xFF, 0xE5, 0x39, 0x00, 0x00, 0x00, 0x00, 0x00, 0x22, 0xED,
  0xFF, 0xE0, 0x69, 0x1F, 0x06, 0x1D, 0x5C, 0xD1, 0xFF, 0xF9, 0x40, 0x00, 0x00, 0x00, 0x00, 0xC9,
  0xFF, 0xBF, 0x0E, 0x00, 0x00, 0x00, 0x00, 0x00, 0x07, 0xA9, 0xFF, 0xE1, 0x0E, 0x00, 0x00, 0x46,
  0xFF, 0xF2, 0x13, 0x00, 0x00, 0x00, 0x00, 0x00, 0x00, 0x00, 0x0B, 0xDF, 0xFF, 0x6C, 0x00, 0x00,
  0x97, 0xFF, 0x98, 0x00, 0x00, 0x00, 0x00, 0x00, 0x00, 0x00, 0x00, 0x00, 0x78, 0xFF, 0xC5, 0x00,
  0x00, 0xCE, 0xFF, 0x5D, 0x00, 0x00, 0x00, 0x00, 0x00, 0x00, 0x00, 0x00, 0x00, 0x30, 0xFF, 0xF6,
  0x00, 0x00, 0xE4, 0xFF, 0x43, 0x00, 0x00, 0x00, 0x00, 0x00, 0x00, 0x00, 0x00, 0x00, 0x15, 0xFF,
  0xFF, 0x11, 0x00, 0xE6, 0xFF, 0x3D, 0x00, 0x00, 0x00, 0x00, 0x00, 0x00, 0x00, 0x00, 0x00, 0x11,
  0xFF, 0xFF, 0x12, 0x00, 0xCA, 0xFF, 0x55, 0x00, 0x00, 0x00, 0x00, 0x00, 0x00, 0x00, 0x00, 0x00,
  0x2C, 0xFF, 0xF6, 0x00, 0x00, 0x97, 0xFF, 0x95, 0x00, 0x00, 0x00, 0x00, 0x00, 0x00, 0x00, 0x00,
  0x00, 0x6C, 0xFF, 0xC8, 0x00, 0x00, 0x3C, 0xFF, 0xF3, 0x18, 0x00, 0x00, 0x00, 0x00, 0x00, 0x00,
  0x00, 0x07, 0xD9, 0xFF, 0x6C, 0x00, 0x00, 0x00, 0xBA, 0xFF, 0xC7, 0x11, 0x00, 0x00, 0x00, 0x00,
  0x00, 0x05, 0xA4, 0xFF, 0xE4, 0x10, 0x00, 0x00, 0x00, 0x1C, 0xE9, 0xFF, 0xE1, 0x67, 0x1D, 0x05,
  0x16, 0x55, 0xCD, 0xFF, 0xFC, 0x41, 0x00, 0x00, 0x00, 0x00, 0x00, 0x1F, 0xCF, 0xFF, 0xFF, 0xFF,
  0xFF, 0xFF, 0xFF, 0xFF, 0xE5, 0x3E, 0x00, 0x00, 0x00, 0x00, 0x00, 0x00, 0x00, 0x05, 0x61, 0xB9,
  0xEB, 0xFB, 0xE4, 0xBF, 0x67, 0x0D, 0x00, 0x00, 0x00, 0x00, 0x00, 0x00, 0x00, 0x00, 0x00, 0x00,
  0x00, 0x00, 0x00, 0x00, 0x00, 0x00, 0x00, 0x00, 0x00, 0x00, 0x00, 0x00, 0x00, 0x00, 0x00, 0x00,
  0x00, 0x00, 0xA4, 0xFF, 0x90, 0x00, 0x00, 0x00, 0x00, 0x00, 0x00, 0x00, 0x00, 0x00, 0x00, 0x00,
  0x00, 0x00, 0x00, 0xA4, 0xFF, 0x90, 0x00, 0x00, 0x00, 0x00, 0x00, 0x00, 0x00, 0x00, 0x00, 0x01,
  0x5F, 0xC5, 0xF3, 0xF6, 0xCF, 0x73, 0x07, 0x00, 0x00, 0x00, 0x02, 0xA9, 0xFF, 0xFF, 0xFF, 0xFF,
  0xFF, 0xFF, 0xC4, 0x0B, 0x00, 0x00, 0x72, 0xFF, 0xF6, 0x70, 0x1C, 0x14, 0x5D, 0xEC, 0xFF, 0x98,
  0x00, 0x00, 0xE3, 0xFF, 0x53, 0x00, 0x00, 0x00, 0x00, 0x3E, 0xFF, 0xFA, 0x12, 0x21, 0xFF, 0xE6,
  0x01, 0x00, 0x00, 0x00, 0x00, 0x00, 0xC7, 0xFF, 0x4C, 0x3B, 0xFF, 0xC0, 0x00, 0x00, 0x00, 0x00,
  0x00, 0x00, 0xA0, 0xFF, 0x64, 0x3C, 0xFF, 0xC8, 0x00, 0x00, 0x00, 0x00, 0x00, 0x00, 0x99, 0xFF,
  0x5D, 0x22, 0xFF, 0xED, 0x02, 0x00, 0x00, 0x00, 0x00, 0x00, 0xC2, 0xFF, 0x46, 0x00, 0xE4, 0xFF,
  0x62, 0x00, 0x00, 0x00, 0x00, 0x2F, 0xFD, 0xF8, 0x0E, 0x00, 0x75, 0xFF, 0xF6, 0x70, 0x1B, 0x14,
  0x5B, 0xEB, 0xFF, 0x9A, 0x00, 0x00, 0x03, 0xAF, 0xFF, 0xFF, 0xFF, 0xFF, 0xFF, 0xFF, 0xC4, 0x0C,
  0x00, 0x00, 0x00, 0x02, 0x65, 0xC8, 0xF4, 0xF3, 0xCB, 0x6C, 0x04, 0x00, 0x00, 0x00, 0x00, 0x00,
  0x00, 0x00, 0x00, 0x00, 0x00, 0x00, 0x00, 0x00, 0x00, 0x00, 0x00, 0x00, 0x00, 0x1C, 0xFF, 0xFF,
  0x18, 0x00, 0x00, 0x00, 0x00, 0x00, 0x00, 0x00, 0x00, 0x1C, 0xFF, 0xFF, 0x18, 0x00, 0x00, 0x00,
  0x00, 0x00, 0x00, 0x00, 0x00, 0x00, 0x00, 0x5F, 0xFC, 0xF5, 0xCD, 0x5C, 0x00, 0x00, 0x00, 0x00,
  0x00, 0x00, 0x00, 0x00, 0x00, 0x00, 0x00, 0x00, 0x02, 0x02, 0x1F, 0xCF, 0xFF, 0x1D, 0x00, 0x00,
  0x00, 0x00, 0x00, 0x00, 0x00, 0x00, 0x00, 0x00, 0x00, 0x00, 0x00, 0xF4, 0xF1, 0x9F, 0x05, 0x00,
  0x00, 0x00, 0x00, 0x00, 0x00, 0x00, 0x00, 0x00, 0x00, 0x00, 0x00, 0x00, 0x00, 0x00, 0x00, 0x00,
  0x00, 0x00, 0x00, 0x00, 0x00, 0x00, 0x00, 0x00, 0x00, 0x04, 0x62, 0xB6, 0xE7, 0xFA, 0xEF, 0xC4,
  0x73, 0x0D, 0x00, 0x00, 0x00, 0x00, 0x00, 0x00, 0x00, 0x27, 0xD7, 0xFF, 0xFF, 0xFF, 0xFF, 0xFF,
  0xFF, 0xFF, 0xE5, 0x39, 0x00, 0x00, 0x00, 0x00, 0x00, 0x22, 0xED, 0xFF, 0xE0, 0x69, 0x1F, 0x06,
  0x1D, 0x5C, 0xD1, 0xFF, 0xF9, 0x40, 0x00, 0x00, 0x00, 0x00, 0xC9, 0xFF, 0xBF, 0x0E, 0x00, 0x00,
  0x00, 0x00, 0x00, 0x07, 0xA9, 0xFF, 0xE1, 0x0E, 0x00, 0x00, 0x46, 0xFF, 0xF2, 0x13, 0x00, 0x00,
  0x00, 0x00, 0x00, 0x00, 0x00, 0x0B, 0xDF, 0xFF, 0x6C, 0x00, 0x00, 0x97, 0xFF, 0x98, 0x00, 0x00,
  0x00, 0x00, 0x00, 0x00, 0x00, 0x00, 0x00, 0x78, 0xFF, 0xC5, 0x00, 0x00, 0xCE, 0xFF, 0x5D, 0x00,
  0x00, 0x00, 0x00, 0x00, 0x00, 0x00, 0x00, 0x00, 0x30, 0xFF, 0xF6, 0x00, 0x00, 0xE4, 0xFF, 0x43,
  0x00, 0x00, 0x00, 0x00, 0x00, 0x00, 0x00, 0x00, 0x00, 0x15, 0xFF, 0xFF, 0x11, 0x00, 0xE6, 0xFF,
  0x3D, 0x00, 0x00, 0x00, 0x00, 0x00, 0x00, 0x00, 0x00, 0x00, 0x11, 0xFF, 0xFF, 0x12, 0x00, 0xCA,
  0xFF, 0x55, 0x00, 0x00, 0x00, 0x00, 0x00, 0x00, 0x00, 0x00, 0x00, 0x2C, 0xFF, 0xF6, 0x00, 0x00,
  0x97, 0xFF, 0x95, 0x00, 0x00, 0x00, 0x00, 0x00, 0x00, 0x00, 0x00, 0x00, 0x6C, 0xFF, 0xC8, 0x00,
  0x00, 0x3C, 0xFF, 0xF3, 0x18, 0x00, 0x00, 0x00, 0x00, 0x00, 0x00, 0x00, 0x07, 0xD9, 0xFF, 0x6C,
  0x00, 0x00, 0x00, 0xBA, 0xFF, 0xC7, 0x11, 0x00, 0x00, 0x00, 0x00, 0x00, 0x05, 0xA4, 0xFF, 0xE4,
  0x10, 0x00, 0x00, 0x00, 0x1C, 0xE9, 0xFF, 0xE1, 0x67, 0x1D, 0x05, 0x16, 0x55, 0xCD, 0xFF, 0xFC,
  0x41, 0x00, 0x00, 0x00, 0x00, 0x00, 0x1F, 0xCF, 0xFF, 0xFF, 0xFF, 0xFF, 0xFF, 0xFF, 0xFF, 0xE5,
  0x3E, 0x00, 0x00, 0x00, 0x00, 0x00, 0x00, 0x00, 0x05, 0x61, 0xB9, 0xEB, 0xFB, 0xE4, 0xBF, 0x67,
  0x0D, 0x00, 0x00, 0x00, 0x00, 0x00, 0x00, 0x00, 0x00, 0x00, 0x00, 0x00, 0x00, 0x00, 0x00, 0x00,
  0x00, 0x00, 0x00, 0x00, 0x00, 0xD4, 0xFD, 0xE6, 0x94, 0x0A, 0x00, 0x00, 0x00, 0x00, 0x00, 0x00,
  0x00, 0x06, 0x08, 0x5A, 0xFF, 0x93, 0x00, 0x00, 0x00, 0x00, 0x00, 0x00, 0x00, 0x00, 0x03, 0x5B,
  0xFF, 0xAD, 0x00, 0x00, 0x00, 0x00, 0x00, 0x00, 0x00, 0x00, 0x68, 0xFE, 0xCB, 0x2C, 0x00, 0x00,
  0x00, 0x00, 0x00, 0x00, 0x00, 0x00, 0x00, 0x00, 0x00, 0x00, 0x00, 0x00, 0x00, 0x00, 0x00, 0x01,
  0x5F, 0xC5, 0xF3, 0xF6, 0xCF, 0x73, 0x07, 0x00, 0x00, 0x00, 0x02, 0xA9, 0xFF, 0xFF, 0xFF, 0xFF,
  0xFF, 0xFF, 0xC4, 0x0B, 0x00, 0x00, 0x72, 0xFF, 0xF6, 0x70, 0x1C, 0x14, 0x5D, 0xEC, 0xFF, 0x98,
  0x00, 0x00, 0xE3, 0xFF, 0x53, 0x00, 0x00, 0x00, 0x00, 0x3E, 0xFF, 0xFA, 0x12, 0x21, 0xFF, 0xE6,
  0x01, 0x00, 0x00, 0x00, 0x00, 0x00, 0xC7, 0xFF, 0x4C, 0x3B, 0xFF, 0xC0, 0x00, 0x00, 0x00, 0x00,
  0x00, 0x00, 0xA0, 0xFF, 0x64, 0x3C, 0xFF, 0xC8, 0x00, 0x00, 0x00, 0x00, 0x00, 0x00, 0x99, 0xFF,
  0x5D, 0x22, 0xFF, 0xED, 0x02, 0x00, 0x00, 0x00, 0x00, 0x00, 0xC2, 0xFF, 0x46, 0x00, 0xE4, 0xFF,
  0x62, 0x00, 0x00, 0x00, 0x00, 0x2F, 0xFD, 0xF8, 0x0E, 0x00, 0x75, 0xFF, 0xF6, 0x70, 0x1B, 0x14,
  0x5B, 0xEB, 0xFF, 0x9A, 0x00, 0x00, 0x03, 0xAF, 0xFF, 0xFF, 0xFF, 0xFF, 0xFF, 0xFF, 0xC4, 0x0C,
  0x00, 0x00, 0x00, 0x02, 0x65, 0xC8, 0xF4, 0xF3, 0xCB, 0x6C, 0x04, 0x00, 0x00, 0x00, 0x00, 0x00,
  0x00, 0x00, 0x00, 0x00, 0x00, 0x51, 0xFF, 0xC2, 0x16, 0x00, 0x00, 0x00, 0x00, 0x00, 0x00, 0x00,
  0x00, 0x00, 0x00, 0x00, 0x00, 0x1D, 0xEE, 0x96, 0x05, 0x00, 0x00, 0x00, 0x00, 0x00, 0x00, 0x00,
  0x00, 0x00, 0x00, 0x00, 0x00, 0x22, 0xDA, 0xFD, 0xF3, 0x46, 0x00, 0x00, 0x00, 0x00, 0x00, 0x00,
  0x00, 0x00, 0x00, 0x00, 0x00, 0x33, 0xE8, 0xC3, 0x20, 0x96, 0xFA, 0x5D, 0x00, 0x00, 0x00, 0x00,
  0x00, 0x00, 0x00, 0x00, 0x00, 0x04, 0x62, 0xB6, 0xE7, 0xFA, 0xEF, 0xC4, 0x73, 0x0D, 0x00, 0x00,
  0x00, 0x00, 0x00, 0x00, 0x00, 0x27, 0xD7, 0xFF, 0xFF, 0xFF, 0xFF, 0xFF, 0xFF, 0xFF, 0xE5, 0x39,
  0x00, 0x00, 0x00, 0x00, 0x00, 0x22, 0xED, 0xFF, 0xE0, 0x69, 0x1F, 0x06, 0x1D, 0x5C, 0xD1, 0xFF,
  0xF9, 0x40, 0x00, 0x00, 0x00, 0x00, 0xC9, 0xFF, 0xBF, 0x0E, 0x00, 0x00, 0x00, 0x00, 0x00, 0x07,
  0xA9, 0xFF, 0xE1, 0x0E, 0x00, 0x00, 0x46, 0xFF, 0xF2, 0x13, 0x00, 0x00, 0x00, 0x00, 0x00, 0x00,
  0x00, 0x0B, 0xDF, 0xFF, 0x6C, 0x00, 0x00, 0x97, 0xFF, 0x98, 0x00, 0x00, 0x00, 0x00, 0x00, 0x00,
  0x00, 0x00, 0x00, 0x78, 0xFF, 0xC5, 0x00, 0x00, 0xCE, 0xFF, 0x5D, 0x00, 0x00, 0x00, 0x00, 0x00,
  0x00, 0x00, 0x00, 0x00, 0x30, 0xFF, 0xF6, 0x00, 0x00, 0xE4, 0xFF, 0x43, 0x00, 0x00, 0x00, 0x00,
  0x00, 0x00, 0x00, 0x00, 0x00, 0x15, 0xFF, 0xFF, 0x11, 0x00, 0xE6, 0xFF, 0x3D, 0x00, 0x00, 0x00,
  0x00, 0x00, 0x00, 0x00, 0x00, 0x00, 0x11, 0xFF, 0xFF, 0x12, 0x00, 0xCA, 0xFF, 0x55, 0x00, 0x00,
  0x00, 0x00, 0x00, 0x00, 0x00, 0x00, 0x00, 0x2C, 0xFF, 0xF6, 0x00, 0x00, 0x97, 0xFF, 0x95, 0x00,
  0x00, 0x00, 0x00, 0x00, 0x00, 0x00, 0x00, 0x00, 0x6C, 0xFF, 0xC8, 0x00, 0x00, 0x3C, 0xFF, 0xF3,
  0x18, 0x00, 0x00, 0x00, 0x00, 0x00, 0x00, 0x00, 0x07, 0xD9, 0xFF, 0x6C, 0x00, 0x00, 0x00, 0xBA,
  0xFF, 0xC7, 0x11, 0x00, 0x00, 0x00, 0x00, 0x00, 0x05, 0xA4, 0xFF, 0xE4, 0x10, 0x00, 0x00, 0x00,
  0x1C, 0xE9, 0xFF, 0xE1, 0x67, 0x1D, 0x05, 0x16, 0x55, 0xCD, 0xFF, 0xFC, 0x41, 0x00, 0x00, 0x00,
  0x00, 0x00, 0x1F, 0xCF, 0xFF, 0xFF, 0xFF, 0xFF, 0xFF, 0xFF, 0xFF, 0xE5, 0x3E, 0x00, 0x00, 0x00,
  0x00, 0x00, 0x00, 0x00, 0x05, 0x61, 0xB9, 0xEB, 0xFB, 0xE4, 0xBF, 0x67, 0x0D, 0x00, 0x00, 0x00,
  0x00, 0x00, 0x00, 0x00, 0x00, 0x00, 0x00, 0xCA, 0xFF, 0x9D, 0x00, 0x00, 0x00, 0x00, 0x00, 0x00,
  0x00, 0x00, 0x47, 0xFF, 0xC3, 0x06, 0x00, 0x00, 0x00, 0x00, 0x00, 0x00, 0x00, 0x00, 0xC2, 0xE0,
  0x15, 0x00, 0x00, 0x00, 0x00, 0x00, 0x00, 0x00, 0x00, 0x00, 0x00, 0x00, 0x00, 0x00, 0x00, 0x00,
  0x00, 0x00, 0x00, 0x00, 0x00, 0x63, 0xFF, 0xFF, 0x76, 0x00, 0x00, 0x00, 0x00, 0x00, 0x00, 0x00,
  0x32, 0xF7, 0xCB, 0x9C, 0xFC, 0x46, 0x00, 0x00, 0x00, 0x00, 0x00, 0x11, 0xDF, 0xFD, 0x34, 0x14,
  0xEE, 0xEE, 0x22, 0x00, 0x00, 0x00, 0x00, 0x00, 0x00, 0x00, 0x00, 0x00, 0x00, 0x00, 0x00, 0x00,
  0x00, 0x00, 0x00, 0x01, 0x5F, 0xC5, 0xF3, 0xF6, 0xCF, 0x73, 0x07, 0x00, 0x00, 0x00, 0x02, 0xA9,
  0xFF, 0xFF, 0xFF, 0xFF, 0xFF, 0xFF, 0xC4, 0x0B, 0x00, 0x00, 0x72, 0xFF, 0xF6, 0x70, 0x1C, 0x14,
  0x5D, 0xEC, 0xFF, 0x98, 0x00, 0x00, 0xE3, 0xFF, 0x53, 0x00, 0x00, 0x00, 0x00, 0x3E, 0xFF, 0xFA,
  0x12, 0x21, 0xFF, 0xE6, 0x01, 0x00, 0x00, 0x00, 0x00, 0x00, 0xC7, 0xFF, 0x4C, 0x3B, 0xFF, 0xC0,
  0x00, 0x00, 0x00, 0x00, 0x00, 0x00, 0xA0, 0xFF, 0x64, 0x3C, 0xFF, 0xC8, 0x00, 0x00, 0x00, 0x00,
  0x00, 0x00, 0x99, 0xFF, 0x5D, 0x22, 0xFF, 0xED, 0x02, 0x00, 0x00, 0x00, 0x00, 0x00, 0xC2, 0xFF,
  0x46, 0x00, 0xE4, 0xFF, 0x62, 0x00, 0x00, 0x00, 0x00, 0x2F, 0xFD, 0xF8, 0x0E, 0x00, 0x75, 0xFF,
  0xF6, 0x70, 0x1B, 0x14, 0x5B, 0xEB, 0xFF, 0x9A, 0x00, 0x00, 0x03, 0xAF, 0xFF, 0xFF, 0xFF, 0xFF,
  0xFF, 0xFF, 0xC4, 0x0C, 0x00, 0x00, 0x00, 0x02, 0x65, 0xC8, 0xF4, 0xF3, 0xCB, 0x6C, 0x04, 0x00,
  0x00, 0x00, 0x00, 0x00, 0x00, 0x00, 0x04, 0x91, 0xFF, 0x97, 0x00, 0x00, 0x00, 0x00, 0x00, 0x00,
  0x00, 0x00, 0x00, 0x00, 0x00, 0x00, 0x00, 0x00, 0x00, 0x60, 0xF7, 0x50, 0x00, 0x00, 0x00, 0x00,
  0x00, 0x00, 0x00, 0x00, 0x00, 0x00, 0x00, 0x00, 0x00, 0x22, 0xDA, 0xFD, 0xF3, 0x46, 0x00, 0x00,
  0x00, 0x00, 0x00, 0x00, 0x00, 0x00, 0x00, 0x00, 0x00, 0x33, 0xE8, 0xC3, 0x20, 0x96, 0xFA, 0x5D,
  0x00, 0x00, 0x00, 0x00, 0x00, 0x00, 0x00, 0x00, 0x00, 0x04, 0x62, 0xB6, 0xE7, 0xFA, 0xEF, 0xC4,
  0x73, 0x0D, 0x00, 0x00, 0x00, 0x00, 0x00, 0x00, 0x00, 0x27, 0xD7, 0xFF, 0xFF, 0xFF, 0xFF, 0xFF,
  0xFF, 0xFF, 0xE5, 0x39, 0x00, 0x00, 0x00, 0x00, 0x00, 0x22, 0xED, 0xFF, 0xE0, 0x69, 0x1F, 0x06,
  0x1D, 0x5C, 0xD1, 0xFF, 0xF9, 0x40, 0x00, 0x00, 0x00, 0x00, 0xC9, 0xFF, 0xBF, 0x0E, 0x00, 0x00,
  0x00, 0x00, 0x00, 0x07, 0xA9, 0xFF, 0xE1, 0x0E, 0x00, 0x00, 0x46, 0xFF, 0xF2, 0x13, 0x00, 0x00,
  0x00, 0x00, 0x00, 0x00, 0x00, 0x0B, 0xDF, 0xFF, 0x6C, 0x00, 0x00, 0x97, 0xFF, 0x98, 0x00, 0x00,
  0x00, 0x00, 0x00, 0x00, 0x00, 0x00, 0x00, 0x78, 0xFF, 0xC5, 0x00, 0x00, 0xCE, 0xFF, 0x5D, 0x00,
  0x00, 0x00, 0x00, 0x00, 0x00, 0x00, 0x00, 0x00, 0x30, 0xFF, 0xF6, 0x00, 0x00, 0xE4, 0xFF, 0x43,
  0x00, 0x00, 0x00, 0x00, 0x00, 0x00, 0x00, 0x00, 0x00, 0x15, 0xFF, 0xFF, 0x11, 0x00, 0xE6, 0xFF,
  0x3D, 0x00, 0x00, 0x00, 0x00, 0x00, 0x00, 0x00, 0x00, 0x00, 0x11, 0xFF, 0xFF, 0x12, 0x00, 0xCA,
  0xFF, 0x55, 0x00, 0x00, 0x00, 0x00, 0x00, 0x00, 0x00, 0x00, 0x00, 0x2C, 0xFF, 0xF6, 0x00, 0x00,
  0x97, 0xFF, 0x95, 0x00, 0x00, 0x00, 0x00, 0x00, 0x00, 0x00, 0x00, 0x00, 0x6C, 0xFF, 0xC8, 0x00,
  0x00, 0x3C, 0xFF, 0xF3, 0x18, 0x00, 0x00, 0x00, 0x00, 0x00, 0x00, 0x00, 0x07, 0xD9, 0xFF, 0x6C,
  0x00, 0x00, 0x00, 0xBA, 0xFF, 0xC7, 0x11, 0x00, 0x00, 0x00, 0x00, 0x00, 0x05, 0xA4, 0xFF, 0xE4,
  0x10, 0x00, 0x00, 0x00, 0x1C, 0xE9, 0xFF, 0xE1, 0x67, 0x1D, 0x05, 0x16, 0x55, 0xCD, 0xFF, 0xFC,
  0x41, 0x00, 0x00, 0x00, 0x00, 0x00, 0x1F, 0xCF, 0xFF, 0xFF, 0xFF, 0xFF, 0xFF, 0xFF, 0xFF, 0xE5,
  0x3E, 0x00, 0x00, 0x00, 0x00, 0x00, 0x00, 0x00, 0x05, 0x61, 0xB9, 0xEB, 0xFB, 0xE4, 0xBF, 0x67,
  0x0D, 0x00, 0x00, 0x00, 0x00, 0x00, 0x00, 0x00, 0x93, 0xFF, 0xD6, 0x02, 0x00, 0x00, 0x00, 0x00,
  0x00, 0x00, 0x00, 0x00, 0x03, 0xBA, 0xFF, 0x53, 0x00, 0x00, 0x00, 0x00, 0x00, 0x00, 0x00, 0x00,
  0x00, 0x10, 0xD9, 0xCD, 0x00, 0x00, 0x00, 0x00, 0x00, 0x00, 0x00, 0x00, 0x00, 0x00, 0x00, 0x00,
  0x00, 0x00, 0x00, 0x00, 0x00, 0x00, 0x00, 0x00, 0x00, 0x63, 0xFF, 0xFF, 0x76, 0x00, 0x00, 0x00,
  0x00, 0x00, 0x00, 0x00, 0x32, 0xF7, 0xCB, 0x9C, 0xFC, 0x46, 0x00, 0x00, 0x00, 0x00, 0x00, 0x11,
  0xDF, 0xFD, 0x34, 0x14, 0xEE, 0xEE, 0x22, 0x00, 0x00, 0x00, 0x00, 0x00, 0x00, 0x00, 0x00, 0x00,
  0x00, 0x00, 0x00, 0x00, 0x00, 0x00, 0x00, 0x01, 0x5F, 0xC5, 0xF3, 0xF6, 0xCF, 0x73, 0x07, 0x00,
  0x00, 0x00, 0x02, 0xA9, 0xFF, 0xFF, 0xFF, 0xFF, 0xFF, 0xFF, 0xC4, 0x0B, 0x00, 0x00, 0x72, 0xFF,
  0xF6, 0x70, 0x1C, 0x14, 0x5D, 0xEC, 0xFF, 0x98, 0x00, 0x00, 0xE3, 0xFF, 0x53, 0x00, 0x00, 0x00,
  0x00, 0x3E, 0xFF, 0xFA, 0x12, 0x21, 0xFF, 0xE6, 0x01, 0x00, 0x00, 0x00, 0x00, 0x00, 0xC7, 0xFF,
  0x4C, 0x3B, 0xFF, 0xC0, 0x00, 0x00, 0x00, 0x00, 0x00, 0x00, 0xA0, 0xFF, 0x64, 0x3C, 0xFF, 0xC8,
  0x00, 0x00, 0x00, 0x00, 0x00, 0x00, 0x99, 0xFF, 0x5D, 0x22, 0xFF, 0xED, 0x02, 0x00, 0x00, 0x00,
  0x00, 0x00, 0xC2, 0xFF, 0x46, 0x00, 0xE4, 0xFF, 0x62, 0x00, 0x00, 0x00, 0x00, 0x2F, 0xFD, 0xF8,
  0x0E, 0x00, 0x75, 0xFF, 0xF6, 0x70, 0x1B, 0x14, 0x5B, 0xEB, 0xFF, 0x9A, 0x00, 0x00, 0x03, 0xAF,
  0xFF, 0xFF, 0xFF, 0xFF, 0xFF, 0xFF, 0xC4, 0x0C, 0x00, 0x00, 0x00, 0x02, 0x65, 0xC8, 0xF4, 0xF3,
  0xCB, 0x6C, 0x04, 0x00, 0x00, 0x00, 0x00, 0x00, 0x00, 0x00, 0x00, 0x42, 0xFC, 0xF9, 0xE1, 0x83,
  0x00, 0x00, 0x00, 0x00, 0x00, 0x00, 0x00, 0x00, 0x00, 0x00, 0x00, 0x00, 0x00, 0x00, 0xD8, 0xF2,
  0xA1, 0x00, 0x00, 0x00, 0x00, 0x00, 0x00, 0x00, 0x00, 0x00, 0x00, 0x00, 0x00, 0x22, 0xDA, 0xFD,
  0xF3, 0x46, 0x00, 0x00, 0x00, 0x00, 0x00, 0x00, 0x00, 0x00, 0x00, 0x00, 0x00, 0x33, 0xE8, 0xC3,
  0x20, 0x96, 0xFA, 0x5D, 0x00, 0x00, 0x00, 0x00, 0x00, 0x00, 0x00, 0x00, 0x00, 0x04, 0x62, 0xB6,
  0xE7, 0xFA, 0xEF, 0xC4, 0x73, 0x0D, 0x00, 0x00, 0x00, 0x00, 0x00, 0x00, 0x00, 0x27, 0xD7, 0xFF,
  0xFF, 0xFF, 0xFF, 0xFF, 0xFF, 0xFF, 0xE5, 0x39, 0x00, 0x00, 0x00, 0x00, 0x00, 0x22, 0xED, 0xFF,
  0xE0, 0x69, 0x1F, 0x06, 0x1D, 0x5C, 0xD1, 0xFF, 0xF9, 0x40, 0x00, 0x00, 0x00, 0x00, 0xC9, 0xFF,
  0xBF, 0x0E, 0x00, 0x00, 0x00, 0x00, 0x00, 0x07, 0xA9, 0xFF, 0xE1, 0x0E, 0x00, 0x00, 0x46, 0xFF,
  0xF2, 0x13, 0x00, 0x00, 0x00, 0x00, 0x00, 0x00, 0x00, 0x0B, 0xDF, 0xFF, 0x6C, 0x00, 0x00, 0x97,
  0xFF, 0x98, 0x00, 0x00, 0x00, 0x00, 0x00, 0x00, 0x00, 0x00, 0x00, 0x78, 0xFF, 0xC5, 0x00, 0x00,
  0xCE, 0xFF, 0x5D, 0x00, 0x00, 0x00, 0x00, 0x00, 0x00, 0x00, 0x00, 0x00, 0x30, 0xFF, 0xF6, 0x00,
  0x00, 0xE4, 0xFF, 0x43, 0x00, 0x00, 0x00, 0x00, 0x00, 0x00, 0x00, 0x00, 0x00, 0x15, 0xFF, 0xFF,
  0x11, 0x00, 0xE6, 0xFF, 0x3D, 0x00, 0x00, 0x00, 0x00, 0x00, 0x00, 0x00, 0x00, 0x00, 0x11, 0xFF,
  0xFF, 0x12, 0x00, 0xCA, 0xFF, 0x55, 0x00, 0x00, 0x00, 0x00, 0x00, 0x00, 0x00, 0x00, 0x00, 0x2C,
  0xFF, 0xF6, 0x00, 0x00, 0x97, 0xFF, 0x95, 0x00, 0x00, 0x00, 0x00, 0x00, 0x00, 0x00, 0x00, 0x00,
  0x6C, 0xFF, 0xC8, 0x00, 0x00, 0x3C, 0xFF, 0xF3, 0x18, 0x00, 0x00, 0x00, 0x00, 0x00, 0x00, 0x00,
  0x07, 0xD9, 0xFF, 0x6C, 0x00, 0x00, 0x00, 0xBA, 0xFF, 0xC7, 0x11, 0x00, 0x00, 0x00, 0x00, 0x00,
  0x05, 0xA4, 0xFF, 0xE4, 0x10, 0x00, 0x00, 0x00, 0x1C, 0xE9, 0xFF, 0xE1, 0x67, 0x1D, 0x05, 0x16,
  0x55, 0xCD, 0xFF, 0xFC, 0x41, 0x00, 0x00, 0x00, 0x00, 0x00, 0x1F, 0xCF, 0xFF, 0xFF, 0xFF, 0xFF,
  0xFF, 0xFF, 0xFF, 0xE5, 0x3E, 0x00, 0x00, 0x00, 0x00, 0x00, 0x00, 0x00, 0x05, 0x61, 0xB9, 0xEB,
  0xFB, 0xE4, 0xBF, 0x67, 0x0D, 0x00, 0x00, 0x00, 0x00, 0x00, 0x00, 0x00, 0x00, 0xEF, 0xFC, 0xE4,
  0x98, 0x10, 0x00, 0x00, 0x00, 0x00, 0x00, 0x00, 0x00, 0x03, 0x09, 0x7A, 0xFF, 0x88, 0x00, 0x00,
  0x00, 0x00, 0x00, 0x00, 0x00, 0x00, 0x88, 0xFD, 0xCE, 0x37, 0x00, 0x00, 0x00, 0x00, 0x00, 0x00,
  0x00, 0x00, 0x00, 0x00, 0x00, 0x00, 0x00, 0x00, 0x00, 0x00, 0x00, 0x00, 0x00, 0x63, 0xFF, 0xFF,
  0x76, 0x00, 0x00, 0x00, 0x00, 0x00, 0x00, 0x00, 0x32, 0xF7, 0xCB, 0x9C, 0xFC, 0x46, 0x00, 0x00,
  0x00, 0x00, 0x00, 0x11, 0xDF, 0xFD, 0x34, 0x14, 0xEE, 0xEE, 0x22, 0x00, 0x00, 0x00, 0x00, 0x00,
  0x00, 0x00, 0x00, 0x00, 0x00, 0x00, 0x00, 0x00, 0x00, 0x00, 0x00, 0x01, 0x5F, 0xC5, 0xF3, 0xF6,
  0xCF, 0x73, 0x07, 0x00, 0x00, 0x00, 0x02, 0xA9, 0xFF, 0xFF, 0xFF, 0xFF, 0xFF, 0xFF, 0xC4, 0x0B,
  0x00, 0x00, 0x72, 0xFF, 0xF6, 0x70, 0x1C, 0x14, 0x5D, 0xEC, 0xFF, 0x98, 0x00, 0x00, 0xE3, 0xFF,
  0x53, 0x00, 0x00, 0x00, 0x00, 0x3E, 0xFF, 0xFA, 0x12, 0x21, 0xFF, 0xE6, 0x01, 0x00, 0x00, 0x00,
  0x00, 0x00, 0xC7, 0xFF, 0x4C, 0x3B, 0xFF, 0xC0, 0x00, 0x00, 0x00, 0x00, 0x00, 0x00, 0xA0, 0xFF,
  0x64, 0x3C, 0xFF, 0xC8, 0x00, 0x00, 0x00, 0x00, 0x00, 0x00, 0x99, 0xFF, 0x5D, 0x22, 0xFF, 0xED,
  0x02, 0x00, 0x00, 0x00, 0x00, 0x00, 0xC2, 0xFF, 0x46, 0x00, 0xE4, 0xFF, 0x62, 0x00, 0x00, 0x00,
  0x00, 0x2F, 0xFD, 0xF8, 0x0E, 0x00, 0x75, 0xFF, 0xF6, 0x70, 0x1B, 0x14, 0x5B, 0xEB, 0xFF, 0x9A,
  0x00, 0x00, 0x03, 0xAF, 0xFF, 0xFF, 0xFF, 0xFF, 0xFF, 0xFF, 0xC4, 0x0C, 0x00, 0x00, 0x00, 0x02,
  0x65, 0xC8, 0xF4, 0xF3, 0xCB, 0x6C, 0x04, 0x00, 0x00, 0x00, 0x00, 0x00, 0x00, 0x00, 0x3E, 0xD9,
  0xF0, 0xA3, 0x34, 0x14, 0xE8, 0x33, 0x00, 0x00, 0x00, 0x00, 0x00, 0x00, 0x00, 0x00, 0x00, 0xCB,
  0x5B, 0x15, 0x70, 0xD8, 0xF3, 0x9A, 0x00, 0x00, 0x00, 0x00, 0x00, 0x00, 0x00, 0x00, 0x00, 0x00,
  0x00, 0x22, 0xDA, 0xFD, 0xF3, 0x46, 0x00, 0x00, 0x00, 0x00, 0x00, 0x00, 0x00, 0x00, 0x00, 0x00,
  0x00, 0x33, 0xE8, 0xC3, 0x20, 0x96, 0xFA, 0x5D, 0x00, 0x00, 0x00, 0x00, 0x00, 0x00, 0x00, 0x00,
  0x00, 0x04, 0x62, 0xB6, 0xE7, 0xFA, 0xEF, 0xC4, 0x73, 0x0D, 0x00, 0x00, 0x00, 0x00, 0x00, 0x00,
  0x00, 0x27, 0xD7, 0xFF, 0xFF, 0xFF, 0xFF, 0xFF, 0xFF, 0xFF, 0xE5, 0x39, 0x00, 0x00, 0x00, 0x00,
  0x00, 0x22, 0xED, 0xFF, 0xE0, 0x69, 0x1F, 0x06, 0x1D, 0x5C, 0xD1, 0xFF, 0xF9, 0x40, 0x00, 0x00,
  0x00, 0x00, 0xC9, 0xFF, 0xBF, 0x0E, 0x00, 0x00, 0x00, 0x00, 0x00, 0x07, 0xA9, 0xFF, 0xE1, 0x0E,
  0x00, 0x00, 0x46, 0xFF, 0xF2, 0x13, 0x00, 0x00, 0x00, 0x00, 0x00, 0x00, 0x00, 0x0B, 0xDF, 0xFF,
  0x6C, 0x00, 0x00, 0x97, 0xFF, 0x98, 0x00, 0x00, 0x00, 0x00, 0x00, 0x00, 0x00, 0x00, 0x00, 0x78,
  0xFF, 0xC5, 0x00, 0x00, 0xCE, 0xFF, 0x5D, 0x00, 0x00, 0x00, 0x00, 0x00, 0x00, 0x00, 0x00, 0x00,
  0x30, 0xFF, 0xF6, 0x00, 0x00, 0xE4, 0xFF, 0x43, 0x00, 0x00, 0x00, 0x00, 0x00, 0x00, 0x00, 0x00,
  0x00, 0x15, 0xFF, 0xFF, 0x11, 0x00, 0xE6, 0xFF, 0x3D, 0x00, 0x00, 0x00, 0x00, 0x00, 0x00, 0x00,
  0x00, 0x00, 0x11, 0xFF, 0xFF, 0x12, 0x00, 0xCA, 0xFF, 0x55, 0x00, 0x00, 0x00, 0x00, 0x00, 0x00,
  0x00, 0x00, 0x00, 0x2C, 0xFF, 0xF6, 0x00, 0x00, 0x97, 0xFF, 0x95, 0x00, 0x00, 0x00, 0x00, 0x00,
  0x00, 0x00, 0x00, 0x00, 0x6C, 0xFF, 0xC8, 0x00, 0x00, 0x3C, 0xFF, 0xF3, 0x18, 0x00, 0x00, 0x00,
  0x00, 0x00, 0x00, 0x00, 0x07, 0xD9, 0xFF, 0x6C, 0x00, 0x00, 0x00, 0xBA, 0xFF, 0xC7, 0x11, 0x00,
  0x00, 0x00, 0x00, 0x00, 0x05, 0xA4, 0xFF, 0xE4, 0x10, 0x00, 0x00, 0x00, 0x1C, 0xE9, 0xFF, 0xE1,
  0x67, 0x1D, 0x05, 0x16, 0x55, 0xCD, 0xFF, 0xFC, 0x41, 0x00, 0x00, 0x00, 0x00, 0x00, 0x1F, 0xCF,
  0xFF, 0xFF, 0xFF, 0xFF, 0xFF, 0xFF, 0xFF, 0xE5, 0x3E, 0x00, 0x00, 0x00, 0x00, 0x00, 0x00, 0x00,
  0x05, 0x61, 0xB9, 0xEB, 0xFB, 0xE4, 0xBF, 0x67, 0x0D, 0x00, 0x00, 0x00, 0x00, 0x00, 0x00, 0x0A,
  0xAD, 0xF3, 0xCA, 0x59, 0x15, 0xE3, 0x93, 0x00, 0x00, 0x00, 0x00, 0x6B, 0xFB, 0x21, 0x43, 0xB6,
  0xF4, 0xCE, 0x23, 0x00, 0x00, 0x00, 0x00, 0x00, 0x00, 0x00, 0x00, 0x00, 0x00, 0x00, 0x00, 0x00,
  0x00, 0x00, 0x00, 0x00, 0x00, 0x63, 0xFF, 0xFF, 0x76, 0x00, 0x00, 0x00, 0x00, 0x00, 0x00, 0x00,
  0x32, 0xF7, 0xCB, 0x9C, 0xFC, 0x46, 0x00, 0x00, 0x00, 0x00, 0x00, 0x11, 0xDF, 0xFD, 0x34, 0x14,
  0xEE, 0xEE, 0x22, 0x00, 0x00, 0x00, 0x00, 0x00, 0x00, 0x00, 0x00, 0x00, 0x00, 0x00, 0x00, 0x00,
  0x00, 0x00, 0x00, 0x01, 0x5F, 0xC5, 0xF3, 0xF6, 0xCF, 0x73, 0x07, 0x00, 0x00, 0x00, 0x02, 0xA9,
  0xFF, 0xFF, 0xFF, 0xFF, 0xFF, 0xFF, 0xC4, 0x0B, 0x00, 0x00, 0x72, 0xFF, 0xF6, 0x70, 0x1C, 0x14,
  0x5D, 0xEC, 0xFF, 0x98, 0x00, 0x00, 0xE3, 0xFF, 0x53, 0x00, 0x00, 0x00, 0x00, 0x3E, 0xFF, 0xFA,
  0x12, 0x21, 0xFF, 0xE6, 0x01, 0x00, 0x00, 0x00, 0x00, 0x00, 0xC7, 0xFF, 0x4C, 0x3B, 0xFF, 0xC0,
  0x00, 0x00, 0x00, 0x00, 0x00, 0x00, 0xA0, 0xFF, 0x64, 0x3C, 0xFF, 0xC8, 0x00, 0x00, 0x00, 0x00,
  0x00, 0x00, 0x99, 0xFF, 0x5D, 0x22, 0xFF, 0xED, 0x02, 0x00, 0x00, 0x00, 0x00, 0x00, 0xC2, 0xFF,
  0x46, 0x00, 0xE4, 0xFF, 0x62, 0x00, 0x00, 0x00, 0x00, 0x2F, 0xFD, 0xF8, 0x0E, 0x00, 0x75, 0xFF,
  0xF6, 0x70, 0x1B, 0x14, 0x5B, 0xEB, 0xFF, 0x9A, 0x00, 0x00, 0x03, 0xAF, 0xFF, 0xFF, 0xFF, 0xFF,
  0xFF, 0xFF, 0xC4, 0x0C, 0x00, 0x00, 0x00, 0x02, 0x65, 0xC8, 0xF4, 0xF3, 0xCB, 0x6C, 0x04, 0x00,
  0x00, 0x00, 0x00, 0x00, 0x00, 0x00, 0x00, 0x22, 0xDA, 0xFD, 0xF3, 0x46, 0x00, 0x00, 0x00, 0x00,
  0x00, 0x00, 0x00, 0x00, 0x00, 0x00, 0x00, 0x33, 0xE8, 0xC3, 0x20, 0x96, 0xFA, 0x5D, 0x00, 0x00,
  0x00, 0x00, 0x00, 0x00, 0x00, 0x00, 0x00, 0x00, 0x00, 0x00, 0x00, 0x00, 0x00, 0x00, 0x00, 0x00,
  0x00, 0x00, 0x00, 0x00, 0x00, 0x00, 0x00, 0x00, 0x04, 0x62, 0xB6, 0xE7, 0xFA, 0xEF, 0xC4, 0x73,
  0x0D, 0x00, 0x00, 0x00, 0x00, 0x00, 0x00, 0x00, 0x27, 0xD7, 0xFF, 0xFF, 0xFF, 0xFF, 0xFF, 0xFF,
  0xFF, 0xE5, 0x39, 0x00, 0x00, 0x00, 0x00, 0x00, 0x22, 0xED, 0xFF, 0xE0, 0x69, 0x1F, 0x06, 0x1D,
  0x5C, 0xD1, 0xFF, 0xF9, 0x40, 0x00, 0x00, 0x00, 0x00, 0xC9, 0xFF, 0xBF, 0x0E, 0x00, 0x00, 0x00,
  0x00, 0x00, 0x07, 0xA9, 0xFF, 0xE1, 0x0E, 0x00, 0x00, 0x46, 0xFF, 0xF2, 0x13, 0x00, 0x00, 0x00,
  0x00, 0x00, 0x00, 0x00, 0x0B, 0xDF, 0xFF, 0x6C, 0x00, 0x00, 0x97, 0xFF, 0x98, 0x00, 0x00, 0x00,
  0x00, 0x00, 0x00, 0x00, 0x00, 0x00, 0x78, 0xFF, 0xC5, 0x00, 0x00, 0xCE, 0xFF, 0x5D, 0x00, 0x00,
  0x00, 0x00, 0x00, 0x00, 0x00, 0x00, 0x00, 0x30, 0xFF, 0xF6, 0x00, 0x00, 0xE4, 0xFF, 0x43, 0x00,
  0x00, 0x00, 0x00, 0x00, 0x00, 0x00, 0x00, 0x00, 0x15, 0xFF, 0xFF, 0x11, 0x00, 0xE6, 0xFF, 0x3D,
  0x00, 0x00, 0x00, 0x00, 0x00, 0x00, 0x00, 0x00, 0x00, 0x11, 0xFF, 0xFF, 0x12, 0x00, 0xCA, 0xFF,
  0x55, 0x00, 0x00, 0x00, 0x00, 0x00, 0x00, 0x00, 0x00, 0x00, 0x2C, 0xFF, 0xF6, 0x00, 0x00, 0x97,
  0xFF, 0x95, 0x00, 0x00, 0x00, 0x00, 0x00, 0x00, 0x00, 0x00, 0x00, 0x6C, 0xFF, 0xC8, 0x00, 0x00,
  0x3C, 0xFF, 0xF3, 0x18, 0x00, 0x00, 0x00, 0x00, 0x00, 0x00, 0x00, 0x07, 0xD9, 0xFF, 0x6C, 0x00,
  0x00, 0x00, 0xBA, 0xFF, 0xC7, 0x11, 0x00, 0x00, 0x00, 0x00, 0x00, 0x05, 0xA4, 0xFF, 0xE4, 0x10,
  0x00, 0x00, 0x00, 0x1C, 0xE9, 0xFF, 0xE1, 0x67, 0x1D, 0x05, 0x16, 0x55, 0xCD, 0xFF, 0xFC, 0x41,
  0x00, 0x00, 0x00, 0x00, 0x00, 0x1F, 0xCF, 0xFF, 0xFF, 0xFF, 0xFF, 0xFF, 0xFF, 0xFF, 0xE5, 0x3E,
  0x00, 0x00, 0x00, 0x00, 0x00, 0x00, 0x00, 0x05, 0x61, 0xB9, 0xEB, 0xFB, 0xE4, 0xBF, 0x67, 0x0D,
  0x00, 0x00, 0x00, 0x00, 0x00, 0x00, 0x00, 0x00, 0x00, 0x00, 0x00, 0x00, 0x00, 0x00, 0x00, 0x00,
  0x00, 0x00, 0x00, 0x00, 0x00, 0x00, 0x00, 0x00, 0x00, 0x00, 0x00, 0x00, 0xA4, 0xFF, 0x90, 0x00,
  0x00, 0x00, 0x00, 0x00, 0x00, 0x00, 0x00, 0x00, 0x00, 0x00, 0x00, 0x00, 0x00, 0xA4, 0xFF, 0x90,
  0x00, 0x00, 0x00, 0x00, 0x00, 0x00, 0x00, 0x00, 0x00, 0x00, 0x00, 0x63, 0xFF, 0xFF, 0x76, 0x00,
  0x00, 0x00, 0x00, 0x00, 0x00, 0x00, 0x32, 0xF7, 0xCB, 0x9C, 0xFC, 0x46, 0x00, 0x00, 0x00, 0x00,
  0x00, 0x11, 0xDF, 0xFD, 0x34, 0x14, 0xEE, 0xEE, 0x22, 0x00, 0x00, 0x00, 0x00, 0x00, 0x00, 0x00,
  0x00, 0x00, 0x00, 0x00, 0x00, 0x00, 0x00, 0x00, 0x00, 0x01, 0x5F, 0xC5, 0xF3, 0xF6, 0xCF, 0x73,
  0x07, 0x00, 0x00, 0x00, 0x02, 0xA9, 0xFF, 0xFF, 0xFF, 0xFF, 0xFF, 0xFF, 0xC4, 0x0B, 0x00, 0x00,
  0x72, 0xFF, 0xF6, 0x70, 0x1C, 0x14, 0x5D, 0xEC, 0xFF, 0x98, 0x00, 0x00, 0xE3, 0xFF, 0x53, 0x00,
  0x00, 0x00, 0x00, 0x3E, 0xFF, 0xFA, 0x12, 0x21, 0xFF, 0xE6, 0x01, 0x00, 0x00, 0x00, 0x00, 0x00,
  0xC7, 0xFF, 0x4C, 0x3B, 0xFF, 0xC0, 0x00, 0x00, 0x00, 0x00, 0x00, 0x00, 0xA0, 0xFF, 0x64, 0x3C,
  0xFF, 0xC8, 0x00, 0x00, 0x00, 0x00, 0x00, 0x00, 0x99, 0xFF, 0x5D, 0x22, 0xFF, 0xED, 0x02, 0x00,
  0x00, 0x00, 0x00, 0x00, 0xC2, 0xFF, 0x46, 0x00, 0xE4, 0xFF, 0x62, 0x00, 0x00, 0x00, 0x00, 0x2F,
  0xFD, 0xF8, 0x0E, 0x00, 0x75, 0xFF, 0xF6, 0x70, 0x1B, 0x14, 0x5B, 0xEB, 0xFF, 0x9A, 0x00, 0x00,
  0x03, 0xAF, 0xFF, 0xFF, 0xFF, 0xFF, 0xFF, 0xFF, 0xC4, 0x0C, 0x00, 0x00, 0x00, 0x02, 0x65, 0xC8,
  0xF4, 0xF3, 0xCB, 0x6C, 0x04, 0x00, 0x00, 0x00, 0x00, 0x00, 0x00, 0x00, 0x00, 0x00, 0x00, 0x00,
  0x00, 0x00, 0x00, 0x00, 0x00, 0x00, 0x00, 0x1C, 0xFF, 0xFF, 0x18, 0x00, 0x00, 0x00, 0x00, 0x00,
  0x00, 0x00, 0x00, 0x1C, 0xFF, 0xFF, 0x18, 0x00, 0x00, 0x00, 0x00, 0x00, 0x00, 0x00, 0x00, 0x00,
  0x00, 0x00, 0x00, 0x89, 0xFF, 0xCE, 0x08, 0x00, 0x00, 0x00, 0x00, 0x00, 0x00, 0x00, 0x00, 0x00,
  0x00, 0x00, 0x00, 0x00, 0x00, 0x10, 0xF1, 0xED, 0x20, 0x00, 0x00, 0x00, 0x00, 0x00, 0x00, 0x00,
  0x00, 0x00, 0x00, 0x00, 0x00, 0x00, 0x00, 0x00, 0x7B, 0xFD, 0x47, 0x00, 0x00, 0x00, 0x00, 0x00,
  0x00, 0x00, 0x00, 0x00, 0x00, 0x00, 0x00, 0x00, 0x00, 0x00, 0x00, 0x00, 0x00, 0x00, 0x00, 0x00,
  0x00, 0x00, 0x00, 0x00, 0x00, 0x00, 0x00, 0x00, 0x00, 0x00, 0x00, 0x06, 0x67, 0xB9, 0xE7, 0xFA,
  0xEE, 0xC0, 0x6A, 0x08, 0x00, 0x00, 0x00, 0xB8, 0xFF, 0x58, 0x00, 0x00, 0x00, 0x2B, 0xDB, 0xFF,
  0xFF, 0xFF, 0xFF, 0xFF, 0xFF, 0xFF, 0xDD, 0x31, 0x00, 0x00, 0xB8, 0xFF, 0x57, 0x00, 0x00, 0x23,
  0xEF, 0xFF, 0xD8, 0x5F, 0x1B, 0x06, 0x1D, 0x5A, 0xCF, 0xFF, 0xF3, 0x30, 0x00, 0x00, 0xC1, 0x4B,
  0x00, 0x00, 0xC8, 0xFF, 0xBF, 0x0B, 0x00, 0x00, 0x00, 0x00, 0x00, 0x06, 0xA5, 0xFF, 0xD8, 0x06,
  0x0D, 0xF0, 0x20, 0x00, 0x44, 0xFF, 0xF5, 0x18, 0x00, 0x00, 0x00, 0x00, 0x00, 0x00, 0x00, 0x09,
  0xDA, 0xFF, 0x6E, 0xB7, 0x98, 0x00, 0x00, 0x96, 0xFF, 0x9E, 0x00, 0x00, 0x00, 0x00, 0x00, 0x00,
  0x00, 0x00, 0x00, 0x72, 0xFF, 0xFD, 0x89, 0x05, 0x00, 0x00, 0xCD, 0xFF, 0x60, 0x00, 0x00, 0x00,
  0x00, 0x00, 0x00, 0x00, 0x00, 0x00, 0x2E, 0xFF, 0xEE, 0x00, 0x00, 0x00, 0x00, 0xE3, 0xFF, 0x43,
  0x00, 0x00, 0x00, 0x00, 0x00, 0x00, 0x00, 0x00, 0x00, 0x15, 0xFF, 0xFF, 0x13, 0x00, 0x00, 0x00,
  0xE6, 0xFF, 0x3D, 0x00, 0x00, 0x00, 0x00, 0x00, 0x00, 0x00, 0x00, 0x00, 0x11, 0xFF, 0xFF, 0x18,
  0x00, 0x00, 0x00, 0xCA, 0xFF, 0x56, 0x00, 0x00, 0x00, 0x00, 0x00, 0x00, 0x00, 0x00, 0x00, 0x2D,
  0xFF, 0xFB, 0x02, 0x00, 0x00, 0x00, 0x98, 0xFF, 0x97, 0x00, 0x00, 0x00, 0x00, 0x00, 0x00, 0x00,
  0x00, 0x00, 0x6E, 0xFF, 0xD7, 0x00, 0x00, 0x00, 0x00, 0x3E, 0xFF, 0xF4, 0x1A, 0x00, 0x00, 0x00,
  0x00, 0x00, 0x00, 0x00, 0x08, 0xDB, 0xFF, 0x7D, 0x00, 0x00, 0x00, 0x00, 0x01, 0xBD, 0xFF, 0xC7,
  0x10, 0x00, 0x00, 0x00, 0x00, 0x00, 0x04, 0xA4, 0xFF, 0xEF, 0x19, 0x00, 0x00, 0x00, 0x00, 0x00,
  0x1E, 0xEB, 0xFF, 0xDF, 0x65, 0x1C, 0x05, 0x15, 0x53, 0xCB, 0xFF, 0xFF, 0x51, 0x00, 0x00, 0x00,
  0x00, 0x00, 0x00, 0x00, 0x20, 0xCF, 0xFF, 0xFF, 0xFF, 0xFF, 0xFF, 0xFF, 0xFF, 0xEA, 0x4B, 0x00,
  0x00, 0x00, 0x00, 0x00, 0x00, 0x00, 0x00, 0x00, 0x05, 0x61, 0xB9, 0xEB, 0xFB, 0xE5, 0xC1, 0x6C,
  0x11, 0x00, 0x00, 0x00, 0x00, 0x00, 0x00, 0x00, 0x00, 0x00, 0x00, 0x00, 0x00, 0xCC, 0xFF, 0x92,
  0x00, 0x00, 0x00, 0x00, 0x00, 0x00, 0x00, 0x00, 0x00, 0x00, 0x46, 0xFF, 0xC4, 0x05, 0x00, 0x00,
  0x00, 0x00, 0x00, 0x00, 0x00, 0x00, 0x00, 0x00, 0xBF, 0xE7, 0x19, 0x00, 0x00, 0x00, 0x00, 0x00,
  0x00, 0x00, 0x00, 0x00, 0x00, 0x00, 0x00, 0x00, 0x00, 0x00, 0x00, 0x00, 0x00, 0x00, 0x00, 0x00,
  0x00, 0x01, 0x5F, 0xC5, 0xF3, 0xF5, 0xCC, 0x6B, 0x04, 0x00, 0x54, 0xFF, 0xC0, 0x00, 0x02, 0xA9,
  0xFF, 0xFF, 0xFF, 0xFF, 0xFF, 0xFF, 0xB6, 0x04, 0x54, 0xFF, 0xBF, 0x00, 0x72, 0xFF, 0xF6, 0x6D,
  0x1B, 0x14, 0x5B, 0xEC, 0xFF, 0x78, 0x00, 0x59, 0xB4, 0x00, 0xE3, 0xFF, 0x64, 0x00, 0x00, 0x00,
  0x00, 0x3F, 0xFF, 0xF0, 0x03, 0x91, 0x8C, 0x21, 0xFF, 0xEE, 0x03, 0x00, 0x00, 0x00, 0x00, 0x00,
  0xC9, 0xFF, 0x85, 0xEA, 0x22, 0x3B, 0xFF, 0xC9, 0x00, 0x00, 0x00, 0x00, 0x00, 0x00, 0xA0, 0xFF,
  0xDF, 0x35, 0x00, 0x3C, 0xFF, 0xC9, 0x00, 0x00, 0x00, 0x00, 0x00, 0x00, 0xA4, 0xFF, 0x65, 0x00,
  0x00, 0x21, 0xFF, 0xEE, 0x02, 0x00, 0x00, 0x00, 0x00, 0x00, 0xCB, 0xFF, 0x4E, 0x00, 0x00, 0x00,
  0xE2, 0xFF, 0x64, 0x00, 0x00, 0x00, 0x00, 0x3D, 0xFF, 0xFD, 0x19, 0x00, 0x00, 0x00, 0x73, 0xFF,
  0xF6, 0x6E, 0x1B, 0x13, 0x58, 0xEA, 0xFF, 0xAE, 0x00, 0x00, 0x00, 0x00, 0x03, 0xB0, 0xFF, 0xFF,
  0xFF, 0xFF, 0xFF, 0xFF, 0xD4, 0x15, 0x00, 0x00, 0x00, 0x00, 0x00, 0x03, 0x68, 0xC9, 0xF4, 0xF3,
  0xCF, 0x77, 0x09, 0x00, 0x00, 0x00, 0x00, 0x00, 0x00, 0x00, 0x00, 0x00, 0x06, 0xC4, 0xFF, 0xA1,
  0x00, 0x00, 0x00, 0x00, 0x00, 0x00, 0x00, 0x00, 0x00, 0x00, 0x00, 0x00, 0x00, 0x00, 0x00, 0x00,
  0x15, 0xE0, 0xFB, 0x21, 0x00, 0x00, 0x00, 0x00, 0x00, 0x00, 0x00, 0x00, 0x00, 0x00, 0x00, 0x00,
  0x00, 0x00, 0x00, 0x00, 0x2E, 0xF3, 0x99, 0x00, 0x00, 0x00, 0x00, 0x00, 0x00, 0x00, 0x00, 0x00,
  0x00, 0x00, 0x00, 0x00, 0x00, 0x00, 0x00, 0x00, 0x00, 0x00, 0x00, 0x00, 0x00, 0x00, 0x00, 0x00,
  0x00, 0x00, 0x00, 0x00, 0x00, 0x00, 0x00, 0x06, 0x67, 0xB9, 0xE7, 0xFA, 0xEE, 0xC0, 0x6A, 0x08,
  0x00, 0x00, 0x00, 0xB8, 0xFF, 0x58, 0x00, 0x00, 0x00, 0x2B, 0xDB, 0xFF, 0xFF, 0xFF, 0xFF, 0xFF,
  0xFF, 0xFF, 0xDD, 0x31, 0x00, 0x00, 0xB8, 0xFF, 0x57, 0x00, 0x00, 0x23, 0xEF, 0xFF, 0xD8, 0x5F,
  0x1B, 0x06, 0x1D, 0x5A, 0xCF, 0xFF, 0xF3, 0x30, 0x00, 0x00, 0xC1, 0x4B, 0x00, 0x00, 0xC8, 0xFF,
  0xBF, 0x0B, 0x00, 0x00, 0x00, 0x00, 0x00, 0x06, 0xA5, 0xFF, 0xD8, 0x06, 0x0D, 0xF0, 0x20, 0x00,
  0x44, 0xFF, 0xF5, 0x18, 0x00, 0x00, 0x00, 0x00, 0x00, 0x00, 0x00, 0x09, 0xDA, 0xFF, 0x6E, 0xB7,
  0x98, 0x00, 0x00, 0x96, 0xFF, 0x9E, 0x00, 0x00, 0x00, 0x00, 0x00, 0x00, 0x00, 0x00, 0x00, 0x72,
  0xFF, 0xFD, 0x89, 0x05, 0x00, 0x00, 0xCD, 0xFF, 0x60, 0x00, 0x00, 0x00, 0x00, 0x00, 0x00, 0x00,
  0x00, 0x00, 0x2E, 0xFF, 0xEE, 0x00, 0x00, 0x00, 0x00, 0xE3, 0xFF, 0x43, 0x00, 0x00, 0x00, 0x00,
  0x00, 0x00, 0x00, 0x00, 0x00, 0x15, 0xFF, 0xFF, 0x13, 0x00, 0x00, 0x00, 0xE6, 0xFF, 0x3D, 0x00,
  0x00, 0x00, 0x00, 0x00, 0x00, 0x00, 0x00, 0x00, 0x11, 0xFF, 0xFF, 0x18, 0x00, 0x00, 0x00, 0xCA,
  0xFF, 0x56, 0x00, 0x00, 0x00, 0x00, 0x00, 0x00, 0x00, 0x00, 0x00, 0x2D, 0xFF, 0xFB, 0x02, 0x00,
  0x00, 0x00, 0x98, 0xFF, 0x97, 0x00, 0x00, 0x00, 0x00, 0x00, 0x00, 0x00, 0x00, 0x00, 0x6E, 0xFF,
  0xD7, 0x00, 0x00, 0x00, 0x00, 0x3E, 0xFF, 0xF4, 0x1A, 0x00, 0x00, 0x00, 0x00, 0x00, 0x00, 0x00,
  0x08, 0xDB, 0xFF, 0x7D, 0x00, 0x00, 0x00, 0x00, 0x01, 0xBD, 0xFF, 0xC7, 0x10, 0x00, 0x00, 0x00,
  0x00, 0x00, 0x04, 0xA4, 0xFF, 0xEF, 0x19, 0x00, 0x00, 0x00, 0x00, 0x00, 0x1E, 0xEB, 0xFF, 0xDF,
  0x65, 0x1C, 0x05, 0x15, 0x53, 0xCB, 0xFF, 0xFF, 0x51, 0x00, 0x00, 0x00, 0x00, 0x00, 0x00, 0x00,
  0x20, 0xCF, 0xFF, 0xFF, 0xFF, 0xFF, 0xFF, 0xFF, 0xFF, 0xEA, 0x4B, 0x00, 0x00, 0x00, 0x00, 0x00,
  0x00, 0x00, 0x00, 0x00, 0x05, 0x61, 0xB9, 0xEB, 0xFB, 0xE5, 0xC1, 0x6C, 0x11, 0x00, 0x00, 0x00,
  0x00, 0x00, 0x00, 0x00, 0x00, 0x00, 0x43, 0xFB, 0xFE, 0x2E, 0x00, 0x00, 0x00, 0x00, 0x00, 0x00,
  0x00, 0x00, 0x00, 0x00, 0x00, 0x6A, 0xFF, 0xA9, 0x00, 0x00, 0x00, 0x00, 0x00, 0x00, 0x00, 0x00,
  0x00, 0x00, 0x00, 0x00, 0x96, 0xFD, 0x28, 0x00, 0x00, 0x00, 0x00, 0x00, 0x00, 0x00, 0x00, 0x00,
  0x00, 0x00, 0x00, 0x00, 0x00, 0x00, 0x00, 0x00, 0x00, 0x00, 0x00, 0x00, 0x00, 0x01, 0x5F, 0xC5,
  0xF3, 0xF5, 0xCC, 0x6B, 0x04, 0x00, 0x54, 0xFF, 0xC0, 0x00, 0x02, 0xA9, 0xFF, 0xFF, 0xFF, 0xFF,
  0xFF, 0xFF, 0xB6, 0x04, 0x54, 0xFF, 0xBF, 0x00, 0x72, 0xFF, 0xF6, 0x6D, 0x1B, 0x14, 0x5B, 0xEC,
  0xFF, 0x78, 0x00, 0x59, 0xB4, 0x00, 0xE3, 0xFF, 0x64, 0x00, 0x00, 0x00, 0x00, 0x3F, 0xFF, 0xF0,
  0x03, 0x91, 0x8C, 0x21, 0xFF, 0xEE, 0x03, 0x00, 0x00, 0x00, 0x00, 0x00, 0xC9, 0xFF, 0x85, 0xEA,
  0x22, 0x3B, 0xFF, 0xC9, 0x00, 0x00, 0x00, 0x00, 0x00, 0x00, 0xA0, 0xFF, 0xDF, 0x35, 0x00, 0x3C,
  0xFF, 0xC9, 0x00, 0x00, 0x00, 0x00, 0x00, 0x00, 0xA4, 0xFF, 0x65, 0x00, 0x00, 0x21, 0xFF, 0xEE,
  0x02, 0x00, 0x00, 0x00, 0x00, 0x00, 0xCB, 0xFF, 0x4E, 0x00, 0x00, 0x00, 0xE2, 0xFF, 0x64, 0x00,
  0x00, 0x00, 0x00, 0x3D, 0xFF, 0xFD, 0x19, 0x00, 0x00, 0x00, 0x73, 0xFF, 0xF6, 0x6E, 0x1B, 0x13,
  0x58, 0xEA, 0xFF, 0xAE, 0x00, 0x00, 0x00, 0x00, 0x03, 0xB0, 0xFF, 0xFF, 0xFF, 0xFF, 0xFF, 0xFF,
  0xD4, 0x15, 0x00, 0x00, 0x00, 0x00, 0x00, 0x03, 0x68, 0xC9, 0xF4, 0xF3, 0xCF, 0x77, 0x09, 0x00,
  0x00, 0x00, 0x00, 0x00, 0x00, 0x00, 0x00, 0x00, 0x00, 0x5F, 0xFC, 0xF5, 0xCD, 0x5C, 0x00, 0x00,
  0x00, 0x00, 0x00, 0x00, 0x00, 0x00, 0x00, 0x00, 0x00, 0x00, 0x00, 0x00, 0x02, 0x02, 0x1F, 0xCF,
  0xFF, 0x1D, 0x00, 0x00, 0x00, 0x00, 0x00, 0x00, 0x00, 0x00, 0x00, 0x00, 0x00, 0x00, 0x00, 0x00,
  0x00, 0xF4, 0xF1, 0x9F, 0x05, 0x00, 0x00, 0x00, 0x00, 0x00, 0x00, 0x00, 0x00, 0x00, 0x00, 0x00,
  0x00, 0x00, 0x00, 0x00, 0x00, 0x00, 0x00, 0x00, 0x00, 0x00, 0x00, 0x00, 0x00, 0x00, 0x00, 0x00,
  0x00, 0x00, 0x00, 0x06, 0x67, 0xB9, 0xE7, 0xFA, 0xEE, 0xC0, 0x6A, 0x08, 0x00, 0x00, 0x00, 0xB8,
  0xFF, 0x58, 0x00, 0x00, 0x00, 0x2B, 0xDB, 0xFF, 0xFF, 0xFF, 0xFF, 0xFF, 0xFF, 0xFF, 0xDD, 0x31,
  0x00, 0x00, 0xB8, 0xFF, 0x57, 0x00, 0x00, 0x23, 0xEF, 0xFF, 0xD8, 0x5F, 0x1B, 0x06, 0x1D, 0x5A,
  0xCF, 0xFF, 0xF3, 0x30, 0x00, 0x00, 0xC1, 0x4B, 0x00, 0x00, 0xC8, 0xFF, 0xBF, 0x0B, 0x00, 0x00,
  0x00, 0x00, 0x00, 0x06, 0xA5, 0xFF, 0xD8, 0x06, 0x0D, 0xF0, 0x20, 0x00, 0x44, 0xFF, 0xF5, 0x18,
  0x00, 0x00, 0x00, 0x00, 0x00, 0x00, 0x00, 0x09, 0xDA, 0xFF, 0x6E, 0xB7, 0x98, 0x00, 0x00, 0x96,
  0xFF, 0x9E, 0x00, 0x00, 0x00, 0x00, 0x00, 0x00, 0x00, 0x00, 0x00, 0x72, 0xFF, 0xFD, 0x89, 0x05,
  0x00, 0x00, 0xCD, 0xFF, 0x60, 0x00, 0x00, 0x00, 0x00, 0x00, 0x00, 0x00, 0x00, 0x00, 0x2E, 0xFF,
  0xEE, 0x00, 0x00, 0x00, 0x00, 0xE3, 0xFF, 0x43, 0x00, 0x00, 0x00, 0x00, 0x00, 0x00, 0x00, 0x00,
  0x00, 0x15, 0xFF, 0xFF, 0x13, 0x00, 0x00, 0x00, 0xE6, 0xFF, 0x3D, 0x00, 0x00, 0x00, 0x00, 0x00,
  0x00, 0x00, 0x00, 0x00, 0x11, 0xFF, 0xFF, 0x18, 0x00, 0x00, 0x00, 0xCA, 0xFF, 0x56, 0x00, 0x00,
  0x00, 0x00, 0x00, 0x00, 0x00, 0x00, 0x00, 0x2D, 0xFF, 0xFB, 0x02, 0x00, 0x00, 0x00, 0x98, 0xFF,
  0x97, 0x00, 0x00, 0x00, 0x00, 0x00, 0x00, 0x00, 0x00, 0x00, 0x6E, 0xFF, 0xD7, 0x00, 0x00, 0x00,
  0x00, 0x3E, 0xFF, 0xF4, 0x1A, 0x00, 0x00, 0x00, 0x00, 0x00, 0x00, 0x00, 0x08, 0xDB, 0xFF, 0x7D,
  0x00, 0x00, 0x00, 0x00, 0x01, 0xBD, 0xFF, 0xC7, 0x10, 0x00, 0x00, 0x00, 0x00, 0x00, 0x04, 0xA4,
  0xFF, 0xEF, 0x19, 0x00, 0x00, 0x00, 0x00, 0x00, 0x1E, 0xEB, 0xFF, 0xDF, 0x65, 0x1C, 0x05, 0x15,
  0x53, 0xCB, 0xFF, 0xFF, 0x51, 0x00, 0x00, 0x00, 0x00, 0x00, 0x00, 0x00, 0x20, 0xCF, 0xFF, 0xFF,
  0xFF, 0xFF, 0xFF, 0xFF, 0xFF, 0xEA, 0x4B, 0x00, 0x00, 0x00, 0x00, 0x00, 0x00, 0x00, 0x00, 0x00,
  0x05, 0x61, 0xB9, 0xEB, 0xFB, 0xE5, 0xC1, 0x6C, 0x11, 0x00, 0x00, 0x00, 0x00, 0x00, 0x00, 0x00,
  0x00, 0x00, 0x00, 0x00, 0x00, 0x00, 0x00, 0x00, 0x00, 0x00, 0x00, 0x00, 0x00, 0x00, 0x00, 0x00,
  0x00, 0xD4, 0xFD, 0xE6, 0x94, 0x0A, 0x00, 0x00, 0x00, 0x00, 0x00, 0x00, 0x00, 0x00, 0x00, 0x06,
  0x08, 0x5A, 0xFF, 0x93, 0x00, 0x00, 0x00, 0x00, 0x00, 0x00, 0x00, 0x00, 0x00, 0x00, 0x03, 0x5B,
  0xFF, 0xAD, 0x00, 0x00, 0x00, 0x00, 0x00, 0x00, 0x00, 0x00, 0x00, 0x00, 0x68, 0xFE, 0xCB, 0x2C,
  0x00, 0x00, 0x00, 0x00, 0x00, 0x00, 0x00, 0x00, 0x00, 0x00, 0x00, 0x00, 0x00, 0x00, 0x00, 0x00,
  0x00, 0x00, 0x00, 0x00, 0x00, 0x01, 0x5F, 0xC5, 0xF3, 0xF5, 0xCC, 0x6B, 0x04, 0x00, 0x54, 0xFF,
  0xC0, 0x00, 0x02, 0xA9, 0xFF, 0xFF, 0xFF, 0xFF, 0xFF, 0xFF, 0xB6, 0x04, 0x54, 0xFF, 0xBF, 0x00,
  0x72, 0xFF, 0xF6, 0x6D, 0x1B, 0x14, 0x5B, 0xEC, 0xFF, 0x78, 0x00, 0x59, 0xB4, 0x00, 0xE3, 0xFF,
  0x64, 0x00, 0x00, 0x00, 0x00, 0x3F, 0xFF, 0xF0, 0x03, 0x91, 0x8C, 0x21, 0xFF, 0xEE, 0x03, 0x00,
  0x00, 0x00, 0x00, 0x00, 0xC9, 0xFF, 0x85, 0xEA, 0x22, 0x3B, 0xFF, 0xC9, 0x00, 0x00, 0x00, 0x00,
  0x00, 0x00, 0xA0, 0xFF, 0xDF, 0x35, 0x00, 0x3C, 0xFF, 0xC9, 0x00, 0x00, 0x00, 0x00, 0x00, 0x00,
  0xA4, 0xFF, 0x65, 0x00, 0x00, 0x21, 0xFF, 0xEE, 0x02, 0x00, 0x00, 0x00, 0x00, 0x00, 0xCB, 0xFF,
  0x4E, 0x00, 0x00, 0x00, 0xE2, 0xFF, 0x64, 0x00, 0x00, 0x00, 0x00, 0x3D, 0xFF, 0xFD, 0x19, 0x00,
  0x00, 0x00, 0x73, 0xFF, 0xF6, 0x6E, 0x1B, 0x13, 0x58, 0xEA, 0xFF, 0xAE, 0x00, 0x00, 0x00, 0x00,
  0x03, 0xB0, 0xFF, 0xFF, 0xFF, 0xFF, 0xFF, 0xFF, 0xD4, 0x15, 0x00, 0x00, 0x00, 0x00, 0x00, 0x03,
  0x68, 0xC9, 0xF4, 0xF3, 0xCF, 0x77, 0x09, 0x00, 0x00, 0x00, 0x00, 0x00, 0x00, 0x00, 0x00, 0x00,
  0x24, 0xCE, 0xED, 0x97, 0x25, 0x64, 0xFF, 0x22, 0x00, 0x00, 0x00, 0x00, 0x00, 0x00, 0x00, 0x00,
  0x00, 0x00, 0x00, 0xB3, 0xFF, 0xFF, 0xFF, 0xFF, 0xFF, 0xE7, 0x04, 0x00, 0x00, 0x00, 0x00, 0x00,
  0x00, 0x00, 0x00, 0x00, 0x00, 0x00, 0xED, 0xA4, 0x16, 0x7A, 0xDF, 0xE7, 0x4D, 0x00, 0x00, 0x00,
  0x00, 0x00, 0x00, 0x00, 0x00, 0x00, 0x00, 0x00, 0x00, 0x00, 0x00, 0x00, 0x00, 0x00, 0x00, 0x00,
  0x00, 0x00, 0x00, 0x00, 0x00, 0x00, 0x00, 0x00, 0x00, 0x00, 0x00, 0x06, 0x67, 0xB9, 0xE7, 0xFA,
  0xEE, 0xC0, 0x6A, 0x08, 0x00, 0x00, 0x00, 0xB8, 0xFF, 0x58, 0x00, 0x00, 0x00, 0x2B, 0xDB, 0xFF,
  0xFF, 0xFF, 0xFF, 0xFF, 0xFF, 0xFF, 0xDD, 0x31, 0x00, 0x00, 0xB8, 0xFF, 0x57, 0x00, 0x00, 0x23,
  0xEF, 0xFF, 0xD8, 0x5F, 0x1B, 0x06, 0x1D, 0x5A, 0xCF, 0xFF, 0xF3, 0x30, 0x00, 0x00, 0xC1, 0x4B,
  0x00, 0x00, 0xC8, 0xFF, 0xBF, 0x0B, 0x00, 0x00, 0x00, 0x00, 0x00, 0x06, 0xA5, 0xFF, 0xD8, 0x06,
  0x0D, 0xF0, 0x20, 0x00, 0x44, 0xFF, 0xF5, 0x18, 0x00, 0x00, 0x00, 0x00, 0x00, 0x00, 0x00, 0x09,
  0xDA, 0xFF, 0x6E, 0xB7, 0x98, 0x00, 0x00, 0x96, 0xFF, 0x9E, 0x00, 0x00, 0x00, 0x00, 0x00, 0x00,
  0x00, 0x00, 0x00, 0x72, 0xFF, 0xFD, 0x89, 0x05, 0x00, 0x00, 0xCD, 0xFF, 0x60, 0x00, 0x00, 0x00,
  0x00, 0x00, 0x00, 0x00, 0x00, 0x00, 0x2E, 0xFF, 0xEE, 0x00, 0x00, 0x00, 0x00, 0xE3, 0xFF, 0x43,
  0x00, 0x00, 0x00, 0x00, 0x00, 0x00, 0x00, 0x00, 0x00, 0x15, 0xFF, 0xFF, 0x13, 0x00, 0x00, 0x00,
  0xE6, 0xFF, 0x3D, 0x00, 0x00, 0x00, 0x00, 0x00, 0x00, 0x00, 0x00, 0x00, 0x11, 0xFF, 0xFF, 0x18,
  0x00, 0x00, 0x00, 0xCA, 0xFF, 0x56, 0x00, 0x00, 0x00, 0x00, 0x00, 0x00, 0x00, 0x00, 0x00, 0x2D,
  0xFF, 0xFB, 0x02, 0x00, 0x00, 0x00, 0x98, 0xFF, 0x97, 0x00, 0x00, 0x00, 0x00, 0x00, 0x00, 0x00,
  0x00, 0x00, 0x6E, 0xFF, 0xD7, 0x00, 0x00, 0x00, 0x00, 0x3E, 0xFF, 0xF4, 0x1A, 0x00, 0x00, 0x00,
  0x00, 0x00, 0x00, 0x00, 0x08, 0xDB, 0xFF, 0x7D, 0x00, 0x00, 0x00, 0x00, 0x01, 0xBD, 0xFF, 0xC7,
  0x10, 0x00, 0x00, 0x00, 0x00, 0x00, 0x04, 0xA4, 0xFF, 0xEF, 0x19, 0x00, 0x00, 0x00, 0x00, 0x00,
  0x1E, 0xEB, 0xFF, 0xDF, 0x65, 0x1C, 0x05, 0x15, 0x53, 0xCB, 0xFF, 0xFF, 0x51, 0x00, 0x00, 0x00,
  0x00, 0x00, 0x00, 0x00, 0x20, 0xCF, 0xFF, 0xFF, 0xFF, 0xFF, 0xFF, 0xFF, 0xFF, 0xEA, 0x4B, 0x00,
  0x00, 0x00, 0x00, 0x00, 0x00, 0x00, 0x00, 0x00, 0x05, 0x61, 0xB9, 0xEB, 0xFB, 0xE5, 0xC1, 0x6C,
  0x11, 0x00, 0x00, 0x00, 0x00, 0x00, 0x00, 0x00, 0x00, 0x00, 0x86, 0xEF, 0xC9, 0x58, 0x13, 0xDF,
  0x9A, 0x00, 0x00, 0x00, 0x00, 0x00, 0x00, 0x3B, 0xFF, 0xFF, 0xFF, 0xFF, 0xFF, 0xFF, 0x64, 0x00,
  0x00, 0x00, 0x00, 0x00, 0x00, 0x75, 0xFC, 0x26, 0x42, 0xB6, 0xF2, 0xAB, 0x07, 0x00, 0x00, 0x00,
  0x00, 0x00, 0x00, 0x00, 0x00, 0x00, 0x00, 0x00, 0x00, 0x00, 0x00, 0x00, 0x00, 0x00, 0x00, 0x00,
  0x00, 0x01, 0x5F, 0xC5, 0xF3, 0xF5, 0xCC, 0x6B, 0x04, 0x00, 0x54, 0xFF, 0xC0, 0x00, 0x02, 0xA9,
  0xFF, 0xFF, 0xFF, 0xFF, 0xFF, 0xFF, 0xB6, 0x04, 0x54, 0xFF, 0xBF, 0x00, 0x72, 0xFF, 0xF6, 0x6D,
  0x1B, 0x14, 0x5B, 0xEC, 0xFF, 0x78, 0x00, 0x59, 0xB4, 0x00, 0xE3, 0xFF, 0x64, 0x00, 0x00, 0x00,
  0x00, 0x3F, 0xFF, 0xF0, 0x03, 0x91, 0x8C, 0x21, 0xFF, 0xEE, 0x03, 0x00, 0x00, 0x00, 0x00, 0x00,
  0xC9, 0xFF, 0x85, 0xEA, 0x22, 0x3B, 0xFF, 0xC9, 0x00, 0x00, 0x00, 0x00, 0x00, 0x00, 0xA0, 0xFF,
  0xDF, 0x35, 0x00, 0x3C, 0xFF, 0xC9, 0x00, 0x00, 0x00, 0x00, 0x00, 0x00, 0xA4, 0xFF, 0x65, 0x00,
  0x00, 0x21, 0xFF, 0xEE, 0x02, 0x00, 0x00, 0x00, 0x00, 0x00, 0xCB, 0xFF, 0x4E, 0x00, 0x00, 0x00,
  0xE2, 0xFF, 0x64, 0x00, 0x00, 0x00, 0x00, 0x3D, 0xFF, 0xFD, 0x19, 0x00, 0x00, 0x00, 0x73, 0xFF,
  0xF6, 0x6E, 0x1B, 0x13, 0x58, 0xEA, 0xFF, 0xAE, 0x00, 0x00, 0x00, 0x00, 0x03, 0xB0, 0xFF, 0xFF,
  0xFF, 0xFF, 0xFF, 0xFF, 0xD4, 0x15, 0x00, 0x00, 0x00, 0x00, 0x00, 0x03, 0x68, 0xC9, 0xF4, 0xF3,
  0xCF, 0x77, 0x09, 0x00, 0x00, 0x00, 0x00, 0x00, 0x00, 0x00, 0x00, 0x06, 0x67, 0xB9, 0xE7, 0xFA,
  0xEE, 0xC0, 0x6A, 0x08, 0x00, 0x00, 0x00, 0xB8, 0xFF, 0x58, 0x00, 0x00, 0x00, 0x2B, 0xDB, 0xFF,
  0xFF, 0xFF, 0xFF, 0xFF, 0xFF, 0xFF, 0xDD, 0x31, 0x00, 0x00, 0xB8, 0xFF, 0x57, 0x00, 0x00, 0x23,
  0xEF, 0xFF, 0xD8, 0x5F, 0x1B, 0x06, 0x1D, 0x5A, 0xCF, 0xFF, 0xF3, 0x30, 0x00, 0x00, 0xC1, 0x4B,
  0x00, 0x00, 0xC8, 0xFF, 0xBF, 0x0B, 0x00, 0x00, 0x00, 0x00, 0x00, 0x06, 0xA5, 0xFF, 0xD8, 0x06,
  0x0D, 0xF0, 0x20, 0x00, 0x44, 0xFF, 0xF5, 0x18, 0x00, 0x00, 0x00, 0x00, 0x00, 0x00, 0x00, 0x09,
  0xDA, 0xFF, 0x6E, 0xB7, 0x98, 0x00, 0x00, 0x96, 0xFF, 0x9E, 0x00, 0x00, 0x00, 0x00, 0x00, 0x00,
  0x00, 0x00, 0x00, 0x72, 0xFF, 0xFD, 0x89, 0x05, 0x00, 0x00, 0xCD, 0xFF, 0x60, 0x00, 0x00, 0x00,
  0x00, 0x00, 0x00, 0x00, 0x00, 0x00, 0x2E, 0xFF, 0xEE, 0x00, 0x00, 0x00, 0x00, 0xE3, 0xFF, 0x43,
  0x00, 0x00, 0x00, 0x00, 0x00, 0x00, 0x00, 0x00, 0x00, 0x15, 0xFF, 0xFF, 0x13, 0x00, 0x00, 0x00,
  0xE6, 0xFF, 0x3D, 0x00, 0x00, 0x00, 0x00, 0x00, 0x00, 0x00, 0x00, 0x00, 0x11, 0xFF, 0xFF, 0x18,
  0x00, 0x00, 0x00, 0xCA, 0xFF, 0x56, 0x00, 0x00, 0x00, 0x00, 0x00, 0x00, 0x00, 0x00, 0x00, 0x2D,
  0xFF, 0xFB, 0x02, 0x00, 0x00, 0x00, 0x98, 0xFF, 0x97, 0x00, 0x00, 0x00, 0x00, 0x00, 0x00, 0x00,
  0x00, 0x00, 0x6E, 0xFF, 0xD7, 0x00, 0x00, 0x00, 0x00, 0x3E, 0xFF, 0xF4, 0x1A, 0x00, 0x00, 0x00,
  0x00, 0x00, 0x00, 0x00, 0x08, 0xDB, 0xFF, 0x7D, 0x00, 0x00, 0x00, 0x00, 0x01, 0xBD, 0xFF, 0xC7,
  0x10, 0x00, 0x00, 0x00, 0x00, 0x00, 0x04, 0xA4, 0xFF, 0xEF, 0x19, 0x00, 0x00, 0x00, 0x00, 0x00,
  0x1E, 0xEB, 0xFF, 0xDF, 0x65, 0x1C, 0x05, 0x15, 0x53, 0xCB, 0xFF, 0xFF, 0x51, 0x00, 0x00, 0x00,
  0x00, 0x00, 0x00, 0x00, 0x20, 0xCF, 0xFF, 0xFF, 0xFF, 0xFF, 0xFF, 0xFF, 0xFF, 0xEA, 0x4B, 0x00,
  0x00, 0x00, 0x00, 0x00, 0x00, 0x00, 0x00, 0x00, 0x05, 0x61, 0xB9, 0xEB, 0xFB, 0xE5, 0xC1, 0x6C,
  0x11, 0x00, 0x00, 0x00, 0x00, 0x00, 0x00, 0x00, 0x00, 0x00, 0x00, 0x00, 0x00, 0x00, 0x00, 0x00,
  0x00, 0x00, 0x00, 0x00, 0x00, 0x00, 0x00, 0x00, 0x00, 0x00, 0x00, 0x00, 0x00, 0x00, 0x00, 0x00,
  0x00, 0xA4, 0xFF, 0x90, 0x00, 0x00, 0x00, 0x00, 0x00, 0x00, 0x00, 0x00, 0x00, 0x00, 0x00, 0x00,
  0x00, 0x00, 0x00, 0x00, 0xA4, 0xFF, 0x90, 0x00, 0x00, 0x00, 0x00, 0x00, 0x00, 0x00, 0x00, 0x00,
  0x00, 0x00, 0x01, 0x5F, 0xC5, 0xF3, 0xF5, 0xCC, 0x6B, 0x04, 0x00, 0x54, 0xFF, 0xC0, 0x00, 0x02,
  0xA9, 0xFF, 0xFF, 0xFF, 0xFF, 0xFF, 0xFF, 0xB6, 0x04, 0x54, 0xFF, 0xBF, 0x00, 0x72, 0xFF, 0xF6,
  0x6D, 0x1B, 0x14, 0x5B, 0xEC, 0xFF, 0x78, 0x00, 0x59, 0xB4, 0x00, 0xE3, 0xFF, 0x64, 0x00, 0x00,
  0x00, 0x00, 0x3F, 0xFF, 0xF0, 0x03, 0x91, 0x8C, 0x21, 0xFF, 0xEE, 0x03, 0x00, 0x00, 0x00, 0x00,
  0x00, 0xC9, 0xFF, 0x85, 0xEA, 0x22, 0x3B, 0xFF, 0xC9, 0x00, 0x00, 0x00, 0x00, 0x00, 0x00, 0xA0,
  0xFF, 0xDF, 0x35, 0x00, 0x3C, 0xFF, 0xC9, 0x00, 0x00, 0x00, 0x00, 0x00, 0x00, 0xA4, 0xFF, 0x65,
  0x00, 0x00, 0x21, 0xFF, 0xEE, 0x02, 0x00, 0x00, 0x00, 0x00, 0x00, 0xCB, 0xFF, 0x4E, 0x00, 0x00,
  0x00, 0xE2, 0xFF, 0x64, 0x00, 0x00, 0x00, 0x00, 0x3D, 0xFF, 0xFD, 0x19, 0x00, 0x00, 0x00, 0x73,
  0xFF, 0xF6, 0x6E, 0x1B, 0x13, 0x58, 0xEA, 0xFF, 0xAE, 0x00, 0x00, 0x00, 0x00, 0x03, 0xB0, 0xFF,
  0xFF, 0xFF, 0xFF, 0xFF, 0xFF, 0xD4, 0x15, 0x00, 0x00, 0x00, 0x00, 0x00, 0x03, 0x68, 0xC9, 0xF4,
  0xF3, 0xCF, 0x77, 0x09, 0x00, 0x00, 0x00, 0x00, 0x00, 0x00, 0x00, 0x00, 0x00, 0x00, 0x00, 0x00,
  0x00, 0x00, 0x00, 0x00, 0x00, 0x00, 0x00, 0x00, 0x00, 0x00, 0x1C, 0xFF, 0xFF, 0x18, 0x00, 0x00,
  0x00, 0x00, 0x00, 0x00, 0x00, 0x00, 0x00, 0x00, 0x1C, 0xFF, 0xFF, 0x18, 0x00, 0x00, 0x00, 0x00,
  0x00, 0x00, 0x00, 0x44, 0xFF, 0xD0, 0x00, 0x00, 0x00, 0x00, 0x00, 0x00, 0x00, 0x00, 0xF8, 0xFF,
  0x1C, 0x00, 0x00, 0x44, 0xFF, 0xD0, 0x00, 0x00, 0x00, 0x00, 0x00, 0x00, 0x00, 0x00, 0xF8, 0xFF,
  0x1C, 0x00, 0x00, 0x44, 0xFF, 0xD0, 0x00, 0x00, 0x00, 0x00, 0x00, 0x00, 0x00, 0x00, 0xF8, 0xFF,
  0x1C, 0x00, 0x00, 0x44, 0xFF, 0xD0, 0x00, 0x00, 0x00, 0x00, 0x00, 0x00, 0x00, 0x00, 0xF8, 0xFF,
  0x1C, 0x00, 0x00, 0x44, 0xFF, 0xD0, 0x00, 0x00, 0x00, 0x00, 0x00, 0x00, 0x00, 0x00, 0xF8, 0xFF,
  0x1C, 0x00, 0x00, 0x44, 0xFF, 0xD0, 0x00, 0x00, 0x00, 0x00, 0x00, 0x00, 0x00, 0x00, 0xF8, 0xFF,
  0x1C, 0x00, 0x00, 0x44, 0xFF, 0xD0, 0x00, 0x00, 0x00, 0x00, 0x00, 0x00, 0x00, 0x00, 0xF8, 0xFF,
  0x1C, 0x00, 0x00, 0x44, 0xFF, 0xD0, 0x00, 0x00, 0x00, 0x00, 0x00, 0x00, 0x00, 0x00, 0xF8, 0xFF,
  0x1C, 0x00, 0x00, 0x44, 0xFF, 0xD0, 0x00, 0x00, 0x00, 0x00, 0x00, 0x00, 0x00, 0x00, 0xF8, 0xFF,
  0x1C, 0x00, 0x00, 0x41, 0xFF, 0xD2, 0x00, 0x00, 0x00, 0x00, 0x00, 0x00, 0x00, 0x00, 0xFD, 0xFF,
  0x15, 0x00, 0x00, 0x34, 0xFF, 0xE2, 0x00, 0x00, 0x00, 0x00, 0x00, 0x00, 0x00, 0x10, 0xFF, 0xFF,
  0x05, 0x00, 0x00, 0x14, 0xFF, 0xFD, 0x0F, 0x00, 0x00, 0x00, 0x00, 0x00, 0x00, 0x3F, 0xFF, 0xE5,
  0x00, 0x00, 0x00, 0x00, 0xD8, 0xFF, 0x80, 0x00, 0x00, 0x00, 0x00, 0x00, 0x00, 0xA7, 0xFF, 0xA5,
  0x00, 0x00, 0x00, 0x00, 0x60, 0xFF, 0xFE, 0x91, 0x2B, 0x08, 0x0B, 0x35, 0xA2, 0xFF, 0xFD, 0x31,
  0x00, 0x00, 0x00, 0x00, 0x00, 0x93, 0xFF, 0xFF, 0xFF, 0xFF, 0xFF, 0xFF, 0xFF, 0xFA, 0x61, 0x00,
  0x00, 0x00, 0x00, 0x00, 0x00, 0x00, 0x44, 0xA6, 0xDD, 0xF5, 0xF1, 0xD6, 0x95, 0x2A, 0x00, 0x00,
  0x00, 0x00, 0x00, 0x00, 0x00, 0x00, 0x00, 0x00, 0x00, 0x00, 0x00, 0x00, 0x00, 0x00, 0x00, 0x00,
  0x00, 0x00, 0x00, 0x00, 0x00, 0x00, 0x00, 0x00, 0x48, 0xFF, 0xEC, 0x00, 0x00, 0x00, 0x00, 0x00,
  0x00, 0x00, 0x00, 0x00, 0x00, 0x00, 0x00, 0x00, 0x48, 0xFF, 0xEC, 0x00, 0x00, 0x00, 0x00, 0x00,
  0x00, 0x00, 0x00, 0x98, 0xFF, 0x58, 0x00, 0x00, 0x00, 0x00, 0x48, 0xFF, 0xA8, 0x00, 0x00, 0x98,
  0xFF, 0x58, 0x00, 0x00, 0x00, 0x00, 0x48, 0xFF, 0xA8, 0x00, 0x00, 0x98, 0xFF, 0x58, 0x00, 0x00,
  0x00, 0x00, 0x48, 0xFF, 0xA8, 0x00, 0x00, 0x98, 0xFF, 0x58, 0x00, 0x00, 0x00, 0x00, 0x48, 0xFF,
  0xA8, 0x00, 0x00, 0x98, 0xFF, 0x58, 0x00, 0x00, 0x00, 0x00, 0x48, 0xFF, 0xA8, 0x00, 0x00, 0x98,
  0xFF, 0x58, 0x00, 0x00, 0x00, 0x00, 0x48, 0xFF, 0xA8, 0x00, 0x00, 0x98, 0xFF, 0x59, 0x00, 0x00,
  0x00, 0x00, 0x4E, 0xFF, 0xA8, 0x00, 0x00, 0x96, 0xFF, 0x61, 0x00, 0x00, 0x00, 0x00, 0x66, 0xFF,
  0xA8, 0x00, 0x00, 0x8A, 0xFF, 0x8A, 0x00, 0x00, 0x00, 0x00, 0xB6, 0xFF, 0xA8, 0x00, 0x00, 0x5B,
  0xFF, 0xF4, 0x52, 0x09, 0x22, 0x99, 0xF9, 0xFF, 0xA8, 0x00, 0x00, 0x09, 0xDC, 0xFF, 0xFF, 0xFF,
  0xFF, 0xFE, 0x6D, 0xFF, 0xA8, 0x00, 0x00, 0x00, 0x19, 0x9C, 0xE8, 0xF6, 0xC9, 0x4A, 0x14, 0xFF,
  0xA8, 0x00, 0x00, 0x00, 0x00, 0x00, 0x00, 0x00, 0x00, 0x00, 0x00, 0x00, 0x00, 0x00, 0x00, 0x00,
  0x00, 0x00, 0x6C, 0xFF, 0xC8, 0x00, 0x00, 0x00, 0x00, 0x00, 0x00, 0x00, 0x00, 0x00, 0x6C, 0xFF,
  0xC8, 0x00, 0x00, 0x00, 0x00, 0x00, 0x00, 0x00, 0x00, 0x00, 0x00, 0x3D, 0xFA, 0xF8, 0xD6, 0x72,
  0x01, 0x00, 0x00, 0x00, 0x00, 0x00, 0x00, 0x00, 0x00, 0x00, 0x00, 0x01, 0x02, 0x16, 0xB5, 0xFF,
  0x40, 0x00, 0x00, 0x00, 0x00, 0x00, 0x00, 0x00, 0x00, 0x00, 0x00, 0x00, 0x00, 0xD0, 0xF6, 0xB3,
  0x11, 0x00, 0x00, 0x00, 0x00, 0x00, 0x00, 0x00, 0x00, 0x00, 0x00, 0x00, 0x00, 0x00, 0x00, 0x00,
  0x00, 0x00, 0x00, 0x00, 0x00, 0x00, 0x00, 0x44, 0xFF, 0xD0, 0x00, 0x00, 0x00, 0x00, 0x00, 0x00,
  0x00, 0x00, 0xF8, 0xFF, 0x1C, 0x00, 0x00, 0x44, 0xFF, 0xD0, 0x00, 0x00, 0x00, 0x00, 0x00, 0x00,
  0x00, 0x00, 0xF8, 0xFF, 0x1C, 0x00, 0x00, 0x44, 0xFF, 0xD0, 0x00, 0x00, 0x00, 0x00, 0x00, 0x00,
  0x00, 0x00, 0xF8, 0xFF, 0x1C, 0x00, 0x00, 0x44, 0xFF, 0xD0, 0x00, 0x00, 0x00, 0x00, 0x00, 0x00,
  0x00, 0x00, 0xF8, 0xFF, 0x1C, 0x00, 0x00, 0x44, 0xFF, 0xD0, 0x00, 0x00, 0x00, 0x00, 0x00, 0x00,
  0x00, 0x00, 0xF8, 0xFF, 0x1C, 0x00, 0x00, 0x44, 0xFF, 0xD0, 0x00, 0x00, 0x00, 0x00, 0x00, 0x00,
  0x00, 0x00, 0xF8, 0xFF, 0x1C, 0x00, 0x00, 0x44, 0xFF, 0xD0, 0x00, 0x00, 0x00, 0x00, 0x00, 0x00,
  0x00, 0x00, 0xF8, 0xFF, 0x1C, 0x00, 0x00, 0x44, 0xFF, 0xD0, 0x00, 0x00, 0x00, 0x00, 0x00, 0x00,
  0x00, 0x00, 0xF8, 0xFF, 0x1C, 0x00, 0x00, 0x44, 0xFF, 0xD0, 0x00, 0x00, 0x00, 0x00, 0x00, 0x00,
  0x00, 0x00, 0xF8, 0xFF, 0x1C, 0x00, 0x00, 0x41, 0xFF, 0xD2, 0x00, 0x00, 0x00, 0x00, 0x00, 0x00,
  0x00, 0x00, 0xFD, 0xFF, 0x15, 0x00, 0x00, 0x34, 0xFF, 0xE2, 0x00, 0x00, 0x00, 0x00, 0x00, 0x00,
  0x00, 0x10, 0xFF, 0xFF, 0x05, 0x00, 0x00, 0x14, 0xFF, 0xFD, 0x0F, 0x00, 0x00, 0x00, 0x00, 0x00,
  0x00, 0x3F, 0xFF, 0xE5, 0x00, 0x00, 0x00, 0x00, 0xD8, 0xFF, 0x80, 0x00, 0x00, 0x00, 0x00, 0x00,
  0x00, 0xA7, 0xFF, 0xA5, 0x00, 0x00, 0x00, 0x00, 0x60, 0xFF, 0xFE, 0x91, 0x2B, 0x08, 0x0B, 0x35,
  0xA2, 0xFF, 0xFD, 0x31, 0x00, 0x00, 0x00, 0x00, 0x00, 0x93, 0xFF, 0xFF, 0xFF, 0xFF, 0xFF, 0xFF,
  0xFF, 0xFA, 0x61, 0x00, 0x00, 0x00, 0x00, 0x00, 0x00, 0x00, 0x44, 0xA6, 0xDD, 0xF5, 0xF1, 0xD6,
  0x95, 0x2A, 0x00, 0x00, 0x00, 0x00, 0x00, 0x00, 0x00, 0x00, 0x00, 0x00, 0x00, 0x00, 0x00, 0x00,
  0x00, 0x00, 0x00, 0x00, 0x00, 0x04, 0xF7, 0xFB, 0xDF, 0x7E, 0x02, 0x00, 0x00, 0x00, 0x00, 0x00,
  0x00, 0x00, 0x06, 0x0C, 0x7E, 0xFF, 0x6B, 0x00, 0x00, 0x00, 0x00, 0x00, 0x00, 0x00, 0x00, 0x07,
  0x80, 0xFF, 0x85, 0x00, 0x00, 0x00, 0x00, 0x00, 0x00, 0x00, 0x00, 0x90, 0xFB, 0xBA, 0x18, 0x00,
  0x00, 0x00, 0x00, 0x00, 0x00, 0x00, 0x00, 0x00, 0x00, 0x00, 0x00, 0x00, 0x00, 0x00, 0x00, 0x98,
  0xFF, 0x58, 0x00, 0x00, 0x00, 0x00, 0x48, 0xFF, 0xA8, 0x00, 0x00, 0x98, 0xFF, 0x58, 0x00, 0x00,
  0x00, 0x00, 0x48, 0xFF, 0xA8, 0x00, 0x00, 0x98, 0xFF, 0x58, 0x00, 0x00, 0x00, 0x00, 0x48, 0xFF,
  0xA8, 0x00, 0x00, 0x98, 0xFF, 0x58, 0x00, 0x00, 0x00, 0x00, 0x48, 0xFF, 0xA8, 0x00, 0x00, 0x98,
  0xFF, 0x58, 0x00, 0x00, 0x00, 0x00, 0x48, 0xFF, 0xA8, 0x00, 0x00, 0x98, 0xFF, 0x58, 0x00, 0x00,
  0x00, 0x00, 0x48, 0xFF, 0xA8, 0x00, 0x00, 0x98, 0xFF, 0x59, 0x00, 0x00, 0x00, 0x00, 0x4E, 0xFF,
  0xA8, 0x00, 0x00, 0x96, 0xFF, 0x61, 0x00, 0x00, 0x00, 0x00, 0x66, 0xFF, 0xA8, 0x00, 0x00, 0x8A,
  0xFF, 0x8A, 0x00, 0x00, 0x00, 0x00, 0xB6, 0xFF, 0xA8, 0x00, 0x00, 0x5B, 0xFF, 0xF4, 0x52, 0x09,
  0x22, 0x99, 0xF9, 0xFF, 0xA8, 0x00, 0x00, 0x09, 0xDC, 0xFF, 0xFF, 0xFF, 0xFF, 0xFE, 0x6D, 0xFF,
  0xA8, 0x00, 0x00, 0x00, 0x19, 0x9C, 0xE8, 0xF6, 0xC9, 0x4A, 0x14, 0xFF, 0xA8, 0x00, 0x00, 0x00,
  0x00, 0x00, 0x00, 0x00, 0x00, 0x35, 0xFF, 0xF7, 0x33, 0x00, 0x00, 0x00, 0x00, 0x00, 0x00, 0x00,
  0x00, 0x00, 0x00, 0x00, 0x00, 0x00, 0x00, 0x00, 0xAE, 0xFF, 0x61, 0x00, 0x00, 0x00, 0x00, 0x00,
  0x00, 0x00, 0x00, 0x00, 0x00, 0x00, 0x00, 0x00, 0x00, 0x00, 0x29, 0xFE, 0x98, 0x00, 0x00, 0x00,
  0x00, 0x00, 0x00, 0x00, 0x00, 0x00, 0x00, 0x00, 0x00, 0x00, 0x00, 0x00, 0x00, 0x00, 0x00, 0x00,
  0x00, 0x00, 0x00, 0x00, 0x00, 0x00, 0x00, 0x00, 0x00, 0x00, 0x00, 0x44, 0xFF, 0xD0, 0x00, 0x00,
  0x00, 0x00, 0x00, 0x00, 0x00, 0x00, 0xF8, 0xFF, 0x1C, 0x2C, 0xFF, 0xE4, 0x00, 0x00, 0x44, 0xFF,
  0xD0, 0x00, 0x00, 0x00, 0x00, 0x00, 0x00, 0x00, 0x00, 0xF8, 0xFF, 0x1C, 0x2C, 0xFF, 0xE3, 0x00,
  0x00, 0x44, 0xFF, 0xD0, 0x00, 0x00, 0x00, 0x00, 0x00, 0x00, 0x00, 0x00, 0xF8, 0xFF, 0x1C, 0x00,
  0x35, 0xD6, 0x00, 0x00, 0x44, 0xFF, 0xD0, 0x00, 0x00, 0x00, 0x00, 0x00, 0x00, 0x00, 0x00, 0xF8,
  0xFF, 0x1C, 0x00, 0x63, 0xAD, 0x00, 0x00, 0x44, 0xFF, 0xD0, 0x00, 0x00, 0x00, 0x00, 0x00, 0x00,
  0x00, 0x00, 0xF8, 0xFF, 0x1C, 0x45, 0xE3, 0x32, 0x00, 0x00, 0x44, 0xFF, 0xD0, 0x00, 0x00, 0x00,
  0x00, 0x00, 0x00, 0x00, 0x00, 0xF8, 0xFF, 0xDD, 0xB5, 0x32, 0x00, 0x00, 0x00, 0x44, 0xFF, 0xD0,
  0x00, 0x00, 0x00, 0x00, 0x00, 0x00, 0x00, 0x00, 0xF8, 0xFF, 0x1C, 0x00, 0x00, 0x00, 0x00, 0x00,
  0x44, 0xFF, 0xD0, 0x00, 0x00, 0x00, 0x00, 0x00, 0x00, 0x00, 0x00, 0xF8, 0xFF, 0x1C, 0x00, 0x00,
  0x00, 0x00, 0x00, 0x44, 0xFF, 0xD0, 0x00, 0x00, 0x00, 0x00, 0x00, 0x00, 0x00, 0x00, 0xF8, 0xFF,
  0x1C, 0x00, 0x00, 0x00, 0x00, 0x00, 0x41, 0xFF, 0xD2, 0x00, 0x00, 0x00, 0x00, 0x00, 0x00, 0x00,
  0x00, 0xFD, 0xFF, 0x18, 0x00, 0x00, 0x00, 0x00, 0x00, 0x34, 0xFF, 0xE3, 0x00, 0x00, 0x00, 0x00,
  0x00, 0x00, 0x00, 0x11, 0xFF, 0xFF, 0x0A, 0x00, 0x00, 0x00, 0x00, 0x00, 0x14, 0xFF, 0xFE, 0x11,
  0x00, 0x00, 0x00, 0x00, 0x00, 0x00, 0x41, 0xFF, 0xEA, 0x00, 0x00, 0x00, 0x00, 0x00, 0x00, 0x00,
  0xD8, 0xFF, 0x81, 0x00, 0x00, 0x00, 0x00, 0x00, 0x00, 0xA9, 0xFF, 0xAC, 0x00, 0x00, 0x00, 0x00,
  0x00, 0x00, 0x00, 0x61, 0xFF, 0xFE, 0x91, 0x2B, 0x08, 0x0A, 0x34, 0xA0, 0xFF, 0xFC, 0x30, 0x00,
  0x00, 0x00, 0x00, 0x00, 0x00, 0x00, 0x00, 0x99, 0xFF, 0xFF, 0xFF, 0xFF, 0xFF, 0xFF, 0xFF, 0xFA,
  0x5F, 0x00, 0x00, 0x00, 0x00, 0x00, 0x00, 0x00, 0x00, 0x00, 0x00, 0x48, 0xA8, 0xDE, 0xF5, 0xF1,
  0xD6, 0x94, 0x29, 0x00, 0x00, 0x00, 0x00, 0x00, 0x00, 0x00, 0x00, 0x00, 0x00, 0x00, 0x00, 0x08,
  0xE8, 0xFF, 0x6E, 0x00, 0x00, 0x00, 0x00, 0x00, 0x00, 0x00, 0x00, 0x00, 0x00, 0x00, 0x6A, 0xFF,
  0xA5, 0x00, 0x00, 0x00, 0x00, 0x00, 0x00, 0x00, 0x00, 0x00, 0x00, 0x00, 0x04, 0xDF, 0xD2, 0x0A,
  0x00, 0x00, 0x00, 0x00, 0x00, 0x00, 0x00, 0x00, 0x00, 0x00, 0x00, 0x00, 0x00, 0x00, 0x00, 0x00,
  0x00, 0x00, 0x00, 0x00, 0x00, 0x00, 0x00, 0x98, 0xFF, 0x58, 0x00, 0x00, 0x00, 0x00, 0x48, 0xFF,
  0xA8, 0x04, 0xFF, 0xFF, 0x10, 0x00, 0x98, 0xFF, 0x58, 0x00, 0x00, 0x00, 0x00, 0x48, 0xFF, 0xA8,
  0x04, 0xFF, 0xFF, 0x0F, 0x00, 0x98, 0xFF, 0x58, 0x00, 0x00, 0x00, 0x00, 0x48, 0xFF, 0xA8, 0x00,
  0x08, 0xFF, 0x07, 0x00, 0x98, 0xFF, 0x58, 0x00, 0x00, 0x00, 0x00, 0x48, 0xFF, 0xA8, 0x00, 0x37,
  0xDF, 0x00, 0x00, 0x98, 0xFF, 0x58, 0x00, 0x00, 0x00, 0x00, 0x48, 0xFF, 0xA8, 0x31, 0xDD, 0x5B,
  0x00, 0x00, 0x98, 0xFF, 0x58, 0x00, 0x00, 0x00, 0x00, 0x48, 0xFF, 0xF6, 0xCD, 0x51, 0x00, 0x00,
  0x00, 0x98, 0xFF, 0x58, 0x00, 0x00, 0x00, 0x00, 0x4E, 0xFF, 0xA8, 0x00, 0x00, 0x00, 0x00, 0x00,
  0x96, 0xFF, 0x5F, 0x00, 0x00, 0x00, 0x00, 0x66, 0xFF, 0xA8, 0x00, 0x00, 0x00, 0x00, 0x00, 0x8A,
  0xFF, 0x88, 0x00, 0x00, 0x00, 0x00, 0xB6, 0xFF, 0xA8, 0x00, 0x00, 0x00, 0x00, 0x00, 0x5B, 0xFF,
  0xF0, 0x49, 0x08, 0x23, 0x9C, 0xF9, 0xFF, 0xA8, 0x00, 0x00, 0x00, 0x00, 0x00, 0x09, 0xDC, 0xFF,
  0xFF, 0xFF, 0xFF, 0xFE, 0x6D, 0xFF, 0xA8, 0x00, 0x00, 0x00, 0x00, 0x00, 0x00, 0x19, 0x9B, 0xE8,
  0xF6, 0xC9, 0x4A, 0x14, 0xFF, 0xA8, 0x00, 0x00, 0x00, 0x00, 0x00, 0x00, 0x00, 0x00, 0x00, 0x77,
  0xFF, 0xEA, 0x0A, 0x00, 0x00, 0x00, 0x00, 0x00, 0x00, 0x00, 0x00, 0x00, 0x00, 0x00, 0x00, 0x00,
  0x00, 0x00, 0x00, 0xA2, 0xFF, 0x71, 0x00, 0x00, 0x00, 0x00, 0x00, 0x00, 0x00, 0x00, 0x00, 0x00,
  0x00, 0x00, 0x00, 0x00, 0x00, 0x00, 0x07, 0xC6, 0xE5, 0x07, 0x00, 0x00, 0x00, 0x00, 0x00, 0x00,
  0x00, 0x00, 0x00, 0x00, 0x00, 0x00, 0x00, 0x00, 0x00, 0x00, 0x00, 0x00, 0x00, 0x00, 0x00, 0x00,
  0x00, 0x00, 0x00, 0x00, 0x00, 0x00, 0x00, 0x44, 0xFF, 0xD0, 0x00, 0x00, 0x00, 0x00, 0x00, 0x00,
  0x00, 0x00, 0xF8, 0xFF, 0x1C, 0x2C, 0xFF, 0xE4, 0x00, 0x00, 0x44, 0xFF, 0xD0, 0x00, 0x00, 0x00,
  0x00, 0x00, 0x00, 0x00, 0x00, 0xF8, 0xFF, 0x1C, 0x2C, 0xFF, 0xE3, 0x00, 0x00, 0x44, 0xFF, 0xD0,
  0x00, 0x00, 0x00, 0x00, 0x00, 0x00, 0x00, 0x00, 0xF8, 0xFF, 0x1C, 0x00, 0x35, 0xD6, 0x00, 0x00,
  0x44, 0xFF, 0xD0, 0x00, 0x00, 0x00, 0x00, 0x00, 0x00, 0x00, 0x00, 0xF8, 0xFF, 0x1C, 0x00, 0x63,
  0xAD, 0x00, 0x00, 0x44, 0xFF, 0xD0, 0x00, 0x00, 0x00, 0x00, 0x00, 0x00, 0x00, 0x00, 0xF8, 0xFF,
  0x1C, 0x45, 0xE3, 0x32, 0x00, 0x00, 0x44, 0xFF, 0xD0, 0x00, 0x00, 0x00, 0x00, 0x00, 0x00, 0x00,
  0x00, 0xF8, 0xFF, 0xDD, 0xB5, 0x32, 0x00, 0x00, 0x00, 0x44, 0xFF, 0xD0, 0x00, 0x00, 0x00, 0x00,
  0x00, 0x00, 0x00, 0x00, 0xF8, 0xFF, 0x1C, 0x00, 0x00, 0x00, 0x00, 0x00, 0x44, 0xFF, 0xD0, 0x00,
  0x00, 0x00, 0x00, 0x00, 0x00, 0x00, 0x00, 0xF8, 0xFF, 0x1C, 0x00, 0x00, 0x00, 0x00, 0x00, 0x44,
  0xFF, 0xD0, 0x00, 0x00, 0x00, 0x00, 0x00, 0x00, 0x00, 0x00, 0xF8, 0xFF, 0x1C, 0x00, 0x00, 0x00,
  0x00, 0x00, 0x41, 0xFF, 0xD2, 0x00, 0x00, 0x00, 0x00, 0x00, 0x00, 0x00, 0x00, 0xFD, 0xFF, 0x18,
  0x00, 0x00, 0x00, 0x00, 0x00, 0x34, 0xFF, 0xE3, 0x00, 0x00, 0x00, 0x00, 0x00, 0x00, 0x00, 0x11,
  0xFF, 0xFF, 0x0A, 0x00, 0x00, 0x00, 0x00, 0x00, 0x14, 0xFF, 0xFE, 0x11, 0x00, 0x00, 0x00, 0x00,
  0x00, 0x00, 0x41, 0xFF, 0xEA, 0x00, 0x00, 0x00, 0x00, 0x00, 0x00, 0x00, 0xD8, 0xFF, 0x81, 0x00,
  0x00, 0x00, 0x00, 0x00, 0x00, 0xA9, 0xFF, 0xAC, 0x00, 0x00, 0x00, 0x00, 0x00, 0x00, 0x00, 0x61,
  0xFF, 0xFE, 0x91, 0x2B, 0x08, 0x0A, 0x34, 0xA0, 0xFF, 0xFC, 0x30, 0x00, 0x00, 0x00, 0x00, 0x00,
  0x00, 0x00, 0x00, 0x99, 0xFF, 0xFF, 0xFF, 0xFF, 0xFF, 0xFF, 0xFF, 0xFA, 0x5F, 0x00, 0x00, 0x00,
  0x00, 0x00, 0x00, 0x00, 0x00, 0x00, 0x00, 0x48, 0xA8, 0xDE, 0xF5, 0xF1, 0xD6, 0x94, 0x29, 0x00,
  0x00, 0x00, 0x00, 0x00, 0x00, 0x00, 0x00, 0x00, 0x00, 0x43, 0xFB, 0xFE, 0x2E, 0x00, 0x00, 0x00,
  0x00, 0x00, 0x00, 0x00, 0x00, 0x00, 0x00, 0x00, 0x00, 0x6A, 0xFF, 0xA9, 0x00, 0x00, 0x00, 0x00,
  0x00, 0x00, 0x00, 0x00, 0x00, 0x00, 0x00, 0x00, 0x00, 0x96, 0xFD, 0x28, 0x00, 0x00, 0x00, 0x00,
  0x00, 0x00, 0x00, 0x00, 0x00, 0x00, 0x00, 0x00, 0x00, 0x00, 0x00, 0x00, 0x00, 0x00, 0x00, 0x00,
  0x00, 0x00, 0x00, 0x98, 0xFF, 0x58, 0x00, 0x00, 0x00, 0x00, 0x48, 0xFF, 0xA8, 0x04, 0xFF, 0xFF,
  0x10, 0x00, 0x98, 0xFF, 0x58, 0x00, 0x00, 0x00, 0x00, 0x48, 0xFF, 0xA8, 0x04, 0xFF, 0xFF, 0x0F,
  0x00, 0x98, 0xFF, 0x58, 0x00, 0x00, 0x00, 0x00, 0x48, 0xFF, 0xA8, 0x00, 0x08, 0xFF, 0x07, 0x00,
  0x98, 0xFF, 0x58, 0x00, 0x00, 0x00, 0x00, 0x48, 0xFF, 0xA8, 0x00, 0x37, 0xDF, 0x00, 0x00, 0x98,
  0xFF, 0x58, 0x00, 0x00, 0x00, 0x00, 0x48, 0xFF, 0xA8, 0x31, 0xDD, 0x5B, 0x00, 0x00, 0x98, 0xFF,
  0x58, 0x00, 0x00, 0x00, 0x00, 0x48, 0xFF, 0xF6, 0xCD, 0x51, 0x00, 0x00, 0x00, 0x98, 0xFF, 0x58,
  0x00, 0x00, 0x00, 0x00, 0x4E, 0xFF, 0xA8, 0x00, 0x00, 0x00, 0x00, 0x00, 0x96, 0xFF, 0x5F, 0x00,
  0x00, 0x00, 0x00, 0x66, 0xFF, 0xA8, 0x00, 0x00, 0x00, 0x00, 0x00, 0x8A, 0xFF, 0x88, 0x00, 0x00,
  0x00, 0x00, 0xB6, 0xFF, 0xA8, 0x00, 0x00, 0x00, 0x00, 0x00, 0x5B, 0xFF, 0xF0, 0x49, 0x08, 0x23,
  0x9C, 0xF9, 0xFF, 0xA8, 0x00, 0x00, 0x00, 0x00, 0x00, 0x09, 0xDC, 0xFF, 0xFF, 0xFF, 0xFF, 0xFE,
  0x6D, 0xFF, 0xA8, 0x00, 0x00, 0x00, 0x00, 0x00, 0x00, 0x19, 0x9B, 0xE8, 0xF6, 0xC9, 0x4A, 0x14,
  0xFF, 0xA8, 0x00, 0x00, 0x00, 0x00, 0x00, 0x00, 0x00, 0x00, 0x00, 0x3D, 0xFA, 0xF8, 0xD6, 0x72,
  0x01, 0x00, 0x00, 0x00, 0x00, 0x00, 0x00, 0x00, 0x00, 0x00, 0x00, 0x00, 0x00, 0x00, 0x01, 0x02,
  0x16, 0xB5, 0xFF, 0x40, 0x00, 0x00, 0x00, 0x00, 0x00, 0x00, 0x00, 0x00, 0x00, 0x00, 0x00, 0x00,
  0x00, 0x00, 0x00, 0xD0, 0xF6, 0xB3, 0x11, 0x00, 0x00, 0x00, 0x00, 0x00, 0x00, 0x00, 0x00, 0x00,
  0x00, 0x00, 0x00, 0x00, 0x00, 0x00, 0x00, 0x00, 0x00, 0x00, 0x00, 0x00, 0x00, 0x00, 0x00, 0x00,
  0x00, 0x00, 0x00, 0x44, 0xFF, 0xD0, 0x00, 0x00, 0x00, 0x00, 0x00, 0x00, 0x00, 0x00, 0xF8, 0xFF,
  0x1C, 0x2C, 0xFF, 0xE4, 0x00, 0x00, 0x44, 0xFF, 0xD0, 0x00, 0x00, 0x00, 0x00, 0x00, 0x00, 0x00,
  0x00, 0xF8, 0xFF, 0x1C, 0x2C, 0xFF, 0xE3, 0x00, 0x00, 0x44, 0xFF, 0xD0, 0x00, 0x00, 0x00, 0x00,
  0x00, 0x00, 0x00, 0x00, 0xF8, 0xFF, 0x1C, 0x00, 0x35, 0xD6, 0x00, 0x00, 0x44, 0xFF, 0xD0, 0x00,
  0x00, 0x00, 0x00, 0x00, 0x00, 0x00, 0x00, 0xF8, 0xFF, 0x1C, 0x00, 0x63, 0xAD, 0x00, 0x00, 0x44,
  0xFF, 0xD0, 0x00, 0x00, 0x00, 0x00, 0x00, 0x00, 0x00, 0x00, 0xF8, 0xFF, 0x1C, 0x45, 0xE3, 0x32,
  0x00, 0x00, 0x44, 0xFF, 0xD0, 0x00, 0x00, 0x00, 0x00, 0x00, 0x00, 0x00, 0x00, 0xF8, 0xFF, 0xDD,
  0xB5, 0x32, 0x00, 0x00, 0x00, 0x44, 0xFF, 0xD0, 0x00, 0x00, 0x00, 0x00, 0x00, 0x00, 0x00, 0x00,
  0xF8, 0xFF, 0x1C, 0x00, 0x00, 0x00, 0x00, 0x00, 0x44, 0xFF, 0xD0, 0x00, 0x00, 0x00, 0x00, 0x00,
  0x00, 0x00, 0x00, 0xF8, 0xFF, 0x1C, 0x00, 0x00, 0x00, 0x00, 0x00, 0x44, 0xFF, 0xD0, 0x00, 0x00,
  0x00, 0x00, 0x00, 0x00, 0x00, 0x00, 0xF8, 0xFF, 0x1C, 0x00, 0x00, 0x00, 0x00, 0x00, 0x41, 0xFF,
  0xD2, 0x00, 0x00, 0x00, 0x00, 0x00, 0x00, 0x00, 0x00, 0xFD, 0xFF, 0x18, 0x00, 0x00, 0x00, 0x00,
  0x00, 0x34, 0xFF, 0xE3, 0x00, 0x00, 0x00, 0x00, 0x00, 0x00, 0x00, 0x11, 0xFF, 0xFF, 0x0A, 0x00,
  0x00, 0x00, 0x00, 0x00, 0x14, 0xFF, 0xFE, 0x11, 0x00, 0x00, 0x00, 0x00, 0x00, 0x00, 0x41, 0xFF,
  0xEA, 0x00, 0x00, 0x00, 0x00, 0x00, 0x00, 0x00, 0xD8, 0xFF, 0x81, 0x00, 0x00, 0x00, 0x00, 0x00,
  0x00, 0xA9, 0xFF, 0xAC, 0x00, 0x00, 0x00, 0x00, 0x00, 0x00, 0x00, 0x61, 0xFF, 0xFE, 0x91, 0x2B,
  0x08, 0x0A, 0x34, 0xA0, 0xFF, 0xFC, 0x30, 0x00, 0x00, 0x00, 0x00, 0x00, 0x00, 0x00, 0x00, 0x99,
  0xFF, 0xFF, 0xFF, 0xFF, 0xFF, 0xFF, 0xFF, 0xFA, 0x5F, 0x00, 0x00, 0x00, 0x00, 0x00, 0x00, 0x00,
  0x00, 0x00, 0x00, 0x48, 0xA8, 0xDE, 0xF5, 0xF1, 0xD6, 0x94, 0x29, 0x00, 0x00, 0x00, 0x00, 0x00,
  0x00, 0x00, 0x00, 0x00, 0x00, 0x00, 0x00, 0x00, 0x00, 0x00, 0x00, 0x00, 0x00, 0x00, 0x00, 0x00,
  0x00, 0x00, 0x00, 0x00, 0x04, 0xF7, 0xFB, 0xDF, 0x7E, 0x02, 0x00, 0x00, 0x00, 0x00, 0x00, 0x00,
  0x00, 0x00, 0x00, 0x00, 0x06, 0x0C, 0x7E, 0xFF, 0x6B, 0x00, 0x00, 0x00, 0x00, 0x00, 0x00, 0x00,
  0x00, 0x00, 0x00, 0x00, 0x07, 0x80, 0xFF, 0x85, 0x00, 0x00, 0x00, 0x00, 0x00, 0x00, 0x00, 0x00,
  0x00, 0x00, 0x00, 0x90, 0xFB, 0xBA, 0x18, 0x00, 0x00, 0x00, 0x00, 0x00, 0x00, 0x00, 0x00, 0x00,
  0x00, 0x00, 0x00, 0x00, 0x00, 0x00, 0x00, 0x00, 0x00, 0x00, 0x00, 0x00, 0x00, 0x98, 0xFF, 0x58,
  0x00, 0x00, 0x00, 0x00, 0x48, 0xFF, 0xA8, 0x04, 0xFF, 0xFF, 0x10, 0x00, 0x98, 0xFF, 0x58, 0x00,
  0x00, 0x00, 0x00, 0x48, 0xFF, 0xA8, 0x04, 0xFF, 0xFF, 0x0F, 0x00, 0x98, 0xFF, 0x58, 0x00, 0x00,
  0x00, 0x00, 0x48, 0xFF, 0xA8, 0x00, 0x08, 0xFF, 0x07, 0x00, 0x98, 0xFF, 0x58, 0x00, 0x00, 0x00,
  0x00, 0x48, 0xFF, 0xA8, 0x00, 0x37, 0xDF, 0x00, 0x00, 0x98, 0xFF, 0x58, 0x00, 0x00, 0x00, 0x00,
  0x48, 0xFF, 0xA8, 0x31, 0xDD, 0x5B, 0x00, 0x00, 0x98, 0xFF, 0x58, 0x00, 0x00, 0x00, 0x00, 0x48,
  0xFF, 0xF6, 0xCD, 0x51, 0x00, 0x00, 0x00, 0x98, 0xFF, 0x58, 0x00, 0x00, 0x00, 0x00, 0x4E, 0xFF,
  0xA8, 0x00, 0x00, 0x00, 0x00, 0x00, 0x96, 0xFF, 0x5F, 0x00, 0x00, 0x00, 0x00, 0x66, 0xFF, 0xA8,
  0x00, 0x00, 0x00, 0x00, 0x00, 0x8A, 0xFF, 0x88, 0x00, 0x00, 0x00, 0x00, 0xB6, 0xFF, 0xA8, 0x00,
  0x00, 0x00, 0x00, 0x00, 0x5B, 0xFF, 0xF0, 0x49, 0x08, 0x23, 0x9C, 0xF9, 0xFF, 0xA8, 0x00, 0x00,
  0x00, 0x00, 0x00, 0x09, 0xDC, 0xFF, 0xFF, 0xFF, 0xFF, 0xFE, 0x6D, 0xFF, 0xA8, 0x00, 0x00, 0x00,
  0x00, 0x00, 0x00, 0x19, 0x9B, 0xE8, 0xF6, 0xC9, 0x4A, 0x14, 0xFF, 0xA8, 0x00, 0x00, 0x00, 0x00,
  0x00, 0x00, 0x00, 0x00, 0x00, 0x89, 0xF0, 0xC8, 0x56, 0x14, 0xE2, 0x96, 0x00, 0x00, 0x00, 0x00,
  0x00, 0x00, 0x00, 0x00, 0x00, 0x00, 0x00, 0x3F, 0xFF, 0xFF, 0xFF, 0xFF, 0xFF, 0xFF, 0x60, 0x00,
  0x00, 0x00, 0x00, 0x00, 0x00, 0x00, 0x00, 0x00, 0x00, 0x00, 0x79, 0xFB, 0x23, 0x44, 0xB8, 0xF2,
  0xA9, 0x05, 0x00, 0x00, 0x00, 0x00, 0x00, 0x00, 0x00, 0x00, 0x00, 0x00, 0x00, 0x00, 0x00, 0x00,
  0x00, 0x00, 0x00, 0x00, 0x00, 0x00, 0x00, 0x00, 0x00, 0x00, 0x00, 0x00, 0x00, 0x44, 0xFF, 0xD0,
  0x00, 0x00, 0x00, 0x00, 0x00, 0x00, 0x00, 0x00, 0xF8, 0xFF, 0x1C, 0x2C, 0xFF, 0xE4, 0x00, 0x00,
  0x44, 0xFF, 0xD0, 0x00, 0x00, 0x00, 0x00, 0x00, 0x00, 0x00, 0x00, 0xF8, 0xFF, 0x1C, 0x2C, 0xFF,
  0xE3, 0x00, 0x00, 0x44, 0xFF, 0xD0, 0x00, 0x00, 0x00, 0x00, 0x00, 0x00, 0x00, 0x00, 0xF8, 0xFF,
  0x1C, 0x00, 0x35, 0xD6, 0x00, 0x00, 0x44, 0xFF, 0xD0, 0x00, 0x00, 0x00, 0x00, 0x00, 0x00, 0x00,
  0x00, 0xF8, 0xFF, 0x1C, 0x00, 0x63, 0xAD, 0x00, 0x00, 0x44, 0xFF, 0xD0, 0x00, 0x00, 0x00, 0x00,
  0x00, 0x00, 0x00, 0x00, 0xF8, 0xFF, 0x1C, 0x45, 0xE3, 0x32, 0x00, 0x00, 0x44, 0xFF, 0xD0, 0x00,
  0x00, 0x00, 0x00, 0x00, 0x00, 0x00, 0x00, 0xF8, 0xFF, 0xDD, 0xB5, 0x32, 0x00, 0x00, 0x00, 0x44,
  0xFF, 0xD0, 0x00, 0x00, 0x00, 0x00, 0x00, 0x00, 0x00, 0x00, 0xF8, 0xFF, 0x1C, 0x00, 0x00, 0x00,
  0x00, 0x00, 0x44, 0xFF, 0xD0, 0x00, 0x00, 0x00, 0x00, 0x00, 0x00, 0x00, 0x00, 0xF8, 0xFF, 0x1C,
  0x00, 0x00, 0x00, 0x00, 0x00, 0x44, 0xFF, 0xD0, 0x00, 0x00, 0x00, 0x00, 0x00, 0x00, 0x00, 0x00,
  0xF8, 0xFF, 0x1C, 0x00, 0x00, 0x00, 0x00, 0x00, 0x41, 0xFF, 0xD2, 0x00, 0x00, 0x00, 0x00, 0x00,
  0x00, 0x00, 0x00, 0xFD, 0xFF, 0x18, 0x00, 0x00, 0x00, 0x00, 0x00, 0x34, 0xFF, 0xE3, 0x00, 0x00,
  0x00, 0x00, 0x00, 0x00, 0x00, 0x11, 0xFF, 0xFF, 0x0A, 0x00, 0x00, 0x00, 0x00, 0x00, 0x14, 0xFF,
  0xFE, 0x11, 0x00, 0x00, 0x00, 0x00, 0x00, 0x00, 0x41, 0xFF, 0xEA, 0x00, 0x00, 0x00, 0x00, 0x00,
  0x00, 0x00, 0xD8, 0xFF, 0x81, 0x00, 0x00, 0x00, 0x00, 0x00, 0x00, 0xA9, 0xFF, 0xAC, 0x00, 0x00,
  0x00, 0x00, 0x00, 0x00, 0x00, 0x61, 0xFF, 0xFE, 0x91, 0x2B, 0x08, 0x0A, 0x34, 0xA0, 0xFF, 0xFC,
  0x30, 0x00, 0x00, 0x00, 0x00, 0x00, 0x00, 0x00, 0x00, 0x99, 0xFF, 0xFF, 0xFF, 0xFF, 0xFF, 0xFF,
  0xFF, 0xFA, 0x5F, 0x00, 0x00, 0x00, 0x00, 0x00, 0x00, 0x00, 0x00, 0x00, 0x00, 0x48, 0xA8, 0xDE,
  0xF5, 0xF1, 0xD6, 0x94, 0x29, 0x00, 0x00, 0x00, 0x00, 0x00, 0x00, 0x00, 0x00, 0x00, 0x00, 0x78,
  0xEE, 0xCE, 0x5F, 0x12, 0xD2, 0xAA, 0x00, 0x00, 0x00, 0x00, 0x00, 0x00, 0x00, 0x2C, 0xFE, 0xFF,
  0xFF, 0xFF, 0xFF, 0xFF, 0x74, 0x00, 0x00, 0x00, 0x00, 0x00, 0x00, 0x00, 0x65, 0xFF, 0x32, 0x3C,
  0xB0, 0xF2, 0xB5, 0x0C, 0x00, 0x00, 0x00, 0x00, 0x00, 0x00, 0x00, 0x00, 0x00, 0x00, 0x00, 0x00,
  0x00, 0x00, 0x00, 0x00, 0x00, 0x00, 0x00, 0x00, 0x00, 0x98, 0xFF, 0x58, 0x00, 0x00, 0x00, 0x00,
  0x48, 0xFF, 0xA8, 0x04, 0xFF, 0xFF, 0x10, 0x00, 0x98, 0xFF, 0x58, 0x00, 0x00, 0x00, 0x00, 0x48,
  0xFF, 0xA8, 0x04, 0xFF, 0xFF, 0x0F, 0x00, 0x98, 0xFF, 0x58, 0x00, 0x00, 0x00, 0x00, 0x48, 0xFF,
  0xA8, 0x00, 0x08, 0xFF, 0x07, 0x00, 0x98, 0xFF, 0x58, 0x00, 0x00, 0x00, 0x00, 0x48, 0xFF, 0xA8,
  0x00, 0x37, 0xDF, 0x00, 0x00, 0x98, 0xFF, 0x58, 0x00, 0x00, 0x00, 0x00, 0x48, 0xFF, 0xA8, 0x31,
  0xDD, 0x5B, 0x00, 0x00, 0x98, 0xFF, 0x58, 0x00, 0x00, 0x00, 0x00, 0x48, 0xFF, 0xF6, 0xCD, 0x51,
  0x00, 0x00, 0x00, 0x98, 0xFF, 0x58, 0x00, 0x00, 0x00, 0x00, 0x4E, 0xFF, 0xA8, 0x00, 0x00, 0x00,
  0x00, 0x00, 0x96, 0xFF, 0x5F, 0x00, 0x00, 0x00, 0x00, 0x66, 0xFF, 0xA8, 0x00, 0x00, 0x00, 0x00,
  0x00, 0x8A, 0xFF, 0x88, 0x00, 0x00, 0x00, 0x00, 0xB6, 0xFF, 0xA8, 0x00, 0x00, 0x00, 0x00, 0x00,
  0x5B, 0xFF, 0xF0, 0x49, 0x08, 0x23, 0x9C, 0xF9, 0xFF, 0xA8, 0x00, 0x00, 0x00, 0x00, 0x00, 0x09,
  0xDC, 0xFF, 0xFF, 0xFF, 0xFF, 0xFE, 0x6D, 0xFF, 0xA8, 0x00, 0x00, 0x00, 0x00, 0x00, 0x00, 0x19,
  0x9B, 0xE8, 0xF6, 0xC9, 0x4A, 0x14, 0xFF, 0xA8, 0x00, 0x00, 0x00, 0x00, 0x00, 0x44, 0xFF, 0xD0,
  0x00, 0x00, 0x00, 0x00, 0x00, 0x00, 0x00, 0x00, 0xF8, 0xFF, 0x1C, 0x2C, 0xFF, 0xE4, 0x00, 0x00,
  0x44, 0xFF, 0xD0, 0x00, 0x00, 0x00, 0x00, 0x00, 0x00, 0x00, 0x00, 0xF8, 0xFF, 0x1C, 0x2C, 0xFF,
  0xE3, 0x00, 0x00, 0x44, 0xFF, 0xD0, 0x00, 0x00, 0x00, 0x00, 0x00, 0x00, 0x00, 0x00, 0xF8, 0xFF,
  0x1C, 0x00, 0x35, 0xD6, 0x00, 0x00, 0x44, 0xFF, 0xD0, 0x00, 0x00, 0x00, 0x00, 0x00, 0x00, 0x00,
  0x00, 0xF8, 0xFF, 0x1C, 0x00, 0x63, 0xAD, 0x00, 0x00, 0x44, 0xFF, 0xD0, 0x00, 0x00, 0x00, 0x00,
  0x00, 0x00, 0x00, 0x00, 0xF8, 0xFF, 0x1C, 0x45, 0xE3, 0x32, 0x00, 0x00, 0x44, 0xFF, 0xD0, 0x00,
  0x00, 0x00, 0x00, 0x00, 0x00, 0x00, 0x00, 0xF8, 0xFF, 0xDD, 0xB5, 0x32, 0x00, 0x00, 0x00, 0x44,
  0xFF, 0xD0, 0x00, 0x00, 0x00, 0x00, 0x00, 0x00, 0x00, 0x00, 0xF8, 0xFF, 0x1C, 0x00, 0x00, 0x00,
  0x00, 0x00, 0x44, 0xFF, 0xD0, 0x00, 0x00, 0x00, 0x00, 0x00, 0x00, 0x00, 0x00, 0xF8, 0xFF, 0x1C,
  0x00, 0x00, 0x00, 0x00, 0x00, 0x44, 0xFF, 0xD0, 0x00, 0x00, 0x00, 0x00, 0x00, 0x00, 0x00, 0x00,
  0xF8, 0xFF, 0x1C, 0x00, 0x00, 0x00, 0x00, 0x00, 0x41, 0xFF, 0xD2, 0x00, 0x00, 0x00, 0x00, 0x00,
  0x00, 0x00, 0x00, 0xFD, 0xFF, 0x18, 0x00, 0x00, 0x00, 0x00, 0x00, 0x34, 0xFF, 0xE3, 0x00, 0x00,
  0x00, 0x00, 0x00, 0x00, 0x00, 0x11, 0xFF, 0xFF, 0x0A, 0x00, 0x00, 0x00, 0x00, 0x00, 0x14, 0xFF,
  0xFE, 0x11, 0x00, 0x00, 0x00, 0x00, 0x00, 0x00, 0x41, 0xFF, 0xEA, 0x00, 0x00, 0x00, 0x00, 0x00,
  0x00, 0x00, 0xD8, 0xFF, 0x81, 0x00, 0x00, 0x00, 0x00, 0x00, 0x00, 0xA9, 0xFF, 0xAC, 0x00, 0x00,
  0x00, 0x00, 0x00, 0x00, 0x00, 0x61, 0xFF, 0xFE, 0x91, 0x2B, 0x08, 0x0A, 0x34, 0xA0, 0xFF, 0xFC,
  0x30, 0x00, 0x00, 0x00, 0x00, 0x00, 0x00, 0x00, 0x00, 0x99, 0xFF, 0xFF, 0xFF, 0xFF, 0xFF, 0xFF,
  0xFF, 0xFA, 0x5F, 0x00, 0x00, 0x00, 0x00, 0x00, 0x00, 0x00, 0x00, 0x00, 0x00, 0x48, 0xA8, 0xDE,
  0xF5, 0xF1, 0xD6, 0x94, 0x29, 0x00, 0x00, 0x00, 0x00, 0x00, 0x00, 0x00, 0x00, 0x00, 0x00, 0x00,
  0x00, 0x00, 0x00, 0x00, 0x00, 0x00, 0x00, 0x00, 0x00, 0x00, 0x00, 0x00, 0x00, 0x00, 0x00, 0x00,
  0x00, 0x00, 0x00, 0x00, 0x00, 0x48, 0xFF, 0xEC, 0x00, 0x00, 0x00, 0x00, 0x00, 0x00, 0x00, 0x00,
  0x00, 0x00, 0x00, 0x00, 0x00, 0x00, 0x00, 0x00, 0x48, 0xFF, 0xEC, 0x00, 0x00, 0x00, 0x00, 0x00,
  0x00, 0x00, 0x00, 0x00, 0x00, 0x00, 0x98, 0xFF, 0x58, 0x00, 0x00, 0x00, 0x00, 0x48, 0xFF, 0xA8,
  0x04, 0xFF, 0xFF, 0x10, 0x00, 0x98, 0xFF, 0x58, 0x00, 0x00, 0x00, 0x00, 0x48, 0xFF, 0xA8, 0x04,
  0xFF, 0xFF, 0x0F, 0x00, 0x98, 0xFF, 0x58, 0x00, 0x00, 0x00, 0x00, 0x48, 0xFF, 0xA8, 0x00, 0x08,
  0xFF, 0x07, 0x00, 0x98, 0xFF, 0x58, 0x00, 0x00, 0x00, 0x00, 0x48, 0xFF, 0xA8, 0x00, 0x37, 0xDF,
  0x00, 0x00, 0x98, 0xFF, 0x58, 0x00, 0x00, 0x00, 0x00, 0x48, 0xFF, 0xA8, 0x31, 0xDD, 0x5B, 0x00,
  0x00, 0x98, 0xFF, 0x58, 0x00, 0x00, 0x00, 0x00, 0x48, 0xFF, 0xF6, 0xCD, 0x51, 0x00, 0x00, 0x00,
  0x98, 0xFF, 0x58, 0x00, 0x00, 0x00, 0x00, 0x4E, 0xFF, 0xA8, 0x00, 0x00, 0x00, 0x00, 0x00, 0x96,
  0xFF, 0x5F, 0x00, 0x00, 0x00, 0x00, 0x66, 0xFF, 0xA8, 0x00, 0x00, 0x00, 0x00, 0x00, 0x8A, 0xFF,
  0x88, 0x00, 0x00, 0x00, 0x00, 0xB6, 0xFF, 0xA8, 0x00, 0x00, 0x00, 0x00, 0x00, 0x5B, 0xFF, 0xF0,
  0x49, 0x08, 0x23, 0x9C, 0xF9, 0xFF, 0xA8, 0x00, 0x00, 0x00, 0x00, 0x00, 0x09, 0xDC, 0xFF, 0xFF,
  0xFF, 0xFF, 0xFE, 0x6D, 0xFF, 0xA8, 0x00, 0x00, 0x00, 0x00, 0x00, 0x00, 0x19, 0x9B, 0xE8, 0xF6,
  0xC9, 0x4A, 0x14, 0xFF, 0xA8, 0x00, 0x00, 0x00, 0x00, 0x00, 0x00, 0x00, 0x00, 0x00, 0x00, 0x00,
  0x00, 0x00, 0x00, 0x00, 0x00, 0x00, 0x00, 0x00, 0x00, 0x00, 0x00, 0x00, 0x6C, 0xFF, 0xC8, 0x00,
  0x00, 0x00, 0x00, 0x00, 0x00, 0x00, 0x00, 0x00, 0x00, 0x00, 0x00, 0x6C, 0xFF, 0xC8, 0x00, 0x00,
  0x00, 0x00, 0x00, 0x00, 0x00, 0x00, 0x00, 0x00, 0x00, 0x00, 0x22, 0xEC, 0xFF, 0x5D, 0x00, 0x00,
  0x00, 0x00, 0x00, 0x00, 0x00, 0x00, 0x00, 0x00, 0x00, 0x00, 0x40, 0xFA, 0xD7, 0x02, 0x00, 0x00,
  0x00, 0x00, 0x00, 0x00, 0x00, 0x00, 0x00, 0x00, 0x00, 0x00, 0x66, 0xFF, 0x55, 0x00, 0x00, 0x00,
  0x00, 0x00, 0x00, 0x00, 0x00, 0x00, 0x00, 0x00, 0x00, 0x00, 0x00, 0x00, 0x00, 0x00, 0x00, 0x00,
  0x00, 0x00, 0x9C, 0xFF, 0xDE, 0x0A, 0x00, 0x00, 0x00, 0x00, 0x00, 0x00, 0x00, 0x3F, 0xFE, 0xF9,
  0x2E, 0x0F, 0xE4, 0xFF, 0x8B, 0x00, 0x00, 0x00, 0x00, 0x00, 0x00, 0x07, 0xD9, 0xFF, 0x7A, 0x00,
  0x00, 0x4A, 0xFF, 0xFB, 0x30, 0x00, 0x00, 0x00, 0x00, 0x00, 0x84, 0xFF, 0xC8, 0x03, 0x00, 0x00,
  0x00, 0xA1, 0xFF, 0xCC, 0x03, 0x00, 0x00, 0x00, 0x2C, 0xFA, 0xF6, 0x26, 0x00, 0x00, 0x00, 0x00,
  0x11, 0xE7, 0xFF, 0x71, 0x00, 0x00, 0x02, 0xC7, 0xFF, 0x6E, 0x00, 0x00, 0x00, 0x00, 0x00, 0x00,
  0x50, 0xFF, 0xF5, 0x24, 0x00, 0x76, 0xFF, 0xBF, 0x01, 0x00, 0x00, 0x00, 0x00, 0x00, 0x00, 0x00,
  0xA7, 0xFF, 0xCA, 0x3B, 0xF9, 0xF2, 0x1F, 0x00, 0x00, 0x00, 0x00, 0x00, 0x00, 0x00, 0x00, 0x14,
  0xEA, 0xFF, 0xFB, 0xFF, 0x63, 0x00, 0x00, 0x00, 0x00, 0x00, 0x00, 0x00, 0x00, 0x00, 0x00, 0x55,
  0xFF, 0xFF, 0xB5, 0x00, 0x00, 0x00, 0x00, 0x00, 0x00, 0x00, 0x00, 0x00, 0x00, 0x00, 0x00, 0xE0,
  0xFF, 0x3C, 0x00, 0x00, 0x00, 0x00, 0x00, 0x00, 0x00, 0x00, 0x00, 0x00, 0x00, 0x00, 0xDC, 0xFF,
  0x38, 0x00, 0x00, 0x00, 0x00, 0x00, 0x00, 0x00, 0x00, 0x00, 0x00, 0x00, 0x00, 0xDC, 0xFF, 0x38,
  0x00, 0x00, 0x00, 0x00, 0x00, 0x00, 0x00, 0x00, 0x00, 0x00, 0x00, 0x00, 0xDC, 0xFF, 0x38, 0x00,
  0x00, 0x00, 0x00, 0x00, 0x00, 0x00, 0x00, 0x00, 0x00, 0x00, 0x00, 0xDC, 0xFF, 0x38, 0x00, 0x00,
  0x00, 0x00, 0x00, 0x00, 0x00, 0x00, 0x00, 0x00, 0x00, 0x00, 0xDC, 0xFF, 0x38, 0x00, 0x00, 0x00,
  0x00, 0x00, 0x00, 0x00, 0x00, 0x00, 0x00, 0x00, 0x00, 0xDC, 0xFF, 0x38, 0x00, 0x00, 0x00, 0x00,
  0x00, 0x00, 0x00, 0x00, 0x01, 0xA9, 0xFF, 0xC1, 0x00, 0x00, 0x00, 0x00, 0x00, 0x00, 0x00, 0x00,
  0x09, 0xCC, 0xFF, 0x3D, 0x00, 0x00, 0x00, 0x00, 0x00, 0x00, 0x00, 0x00, 0x1B, 0xE6, 0xB9, 0x00,
  0x00, 0x00, 0x00, 0x00, 0x00, 0x00, 0x00, 0x00, 0x00, 0x00, 0x00, 0x00, 0x00, 0x00, 0x73, 0xFF,
  0x9D, 0x00, 0x00, 0x00, 0x00, 0x00, 0x4C, 0xFF, 0xA1, 0x16, 0xFA, 0xF0, 0x08, 0x00, 0x00, 0x00,
  0x00, 0xA2, 0xFF, 0x46, 0x00, 0xAF, 0xFF, 0x55, 0x00, 0x00, 0x00, 0x07, 0xF1, 0xE8, 0x03, 0x00,
  0x4D, 0xFF, 0xB1, 0x00, 0x00, 0x00, 0x4F, 0xFF, 0x90, 0x00, 0x00, 0x03, 0xE6, 0xFA, 0x12, 0x00,
  0x00, 0xA6, 0xFF, 0x35, 0x00, 0x00, 0x00, 0x89, 0xFF, 0x68, 0x00, 0x09, 0xF3, 0xDA, 0x00, 0x00,
  0x00, 0x00, 0x27, 0xFF, 0xC3, 0x00, 0x53, 0xFF, 0x7F, 0x00, 0x00, 0x00, 0x00, 0x00, 0xC5, 0xFD,
  0x17, 0xAC, 0xFF, 0x25, 0x00, 0x00, 0x00, 0x00, 0x00, 0x63, 0xFF, 0x78, 0xF9, 0xC9, 0x00, 0x00,
  0x00, 0x00, 0x00, 0x00, 0x0C, 0xF4, 0xF8, 0xFF, 0x6E, 0x00, 0x00, 0x00, 0x00, 0x00, 0x00, 0x00,
  0x9F, 0xFF, 0xFC, 0x17, 0x00, 0x00, 0x00, 0x00, 0x00, 0x00, 0x00, 0x6B, 0xFF, 0xB8, 0x00, 0x00,
  0x00, 0x00, 0x00, 0x00, 0x00, 0x00, 0xC4, 0xFF, 0x57, 0x00, 0x00, 0x00, 0x00, 0x00, 0x16, 0x08,
  0x70, 0xFF, 0xDC, 0x03, 0x00, 0x00, 0x00, 0x00, 0x00, 0xC6, 0xFF, 0xFF, 0xFE, 0x4D, 0x00, 0x00,
  0x00, 0x00, 0x00, 0x00, 0x8D, 0xF4, 0xDD, 0x5E, 0x00, 0x00, 0x00, 0x00, 0x00, 0x00, 0x9C, 0xFF,
  0xDE, 0x0A, 0x00, 0x00, 0x00, 0x00, 0x00, 0x00, 0x00, 0x3F, 0xFE, 0xF9, 0x2E, 0x0F, 0xE4, 0xFF,
  0x8B, 0x00, 0x00, 0x00, 0x00, 0x00, 0x00, 0x07, 0xD9, 0xFF, 0x7A, 0x00, 0x00, 0x4A, 0xFF, 0xFB,
  0x30, 0x00, 0x00, 0x00, 0x00, 0x00, 0x84, 0xFF, 0xC8, 0x03, 0x00, 0x00, 0x00, 0xA1, 0xFF, 0xCC,
  0x03, 0x00, 0x00, 0x00, 0x2C, 0xFA, 0xF6, 0x26, 0x00, 0x00, 0x00, 0x00, 0x11, 0xE7, 0xFF, 0x71,
  0x00, 0x00, 0x02, 0xC7, 0xFF, 0x6E, 0x00, 0x00, 0x00, 0x00, 0x00, 0x00, 0x50, 0xFF, 0xF5, 0x24,
  0x00, 0x76, 0xFF, 0xBF, 0x01, 0x00, 0x00, 0x00, 0x00, 0x00, 0x00, 0x00, 0xA7, 0xFF, 0xCA, 0x3B,
  0xF9, 0xF2, 0x1F, 0x00, 0x00, 0x00, 0x00, 0x00, 0x00, 0x00, 0x00, 0x14, 0xEA, 0xFF, 0xFB, 0xFF,
  0x63, 0x00, 0x00, 0x00, 0x00, 0x00, 0x00, 0x00, 0x00, 0x00, 0x00, 0x55, 0xFF, 0xFF, 0xB5, 0x00,
  0x00, 0x00, 0x00, 0x00, 0x00, 0x00, 0x00, 0x00, 0x00, 0x00, 0x00, 0xE0, 0xFF, 0x3C, 0x00, 0x00,
  0x00, 0x00, 0x00, 0x00, 0x00, 0x00, 0x00, 0x00, 0x00, 0x00, 0xDC, 0xFF, 0x38, 0x00, 0x00, 0x00,
  0x00, 0x00, 0x00, 0x00, 0x00, 0x00, 0x00, 0x00, 0x00, 0xDC, 0xFF, 0x38, 0x00, 0x00, 0x00, 0x00,
  0x00, 0x00, 0x00, 0x00, 0x00, 0x00, 0x00, 0x00, 0xDC, 0xFF, 0x38, 0x00, 0x00, 0x00, 0x00, 0x00,
  0x00, 0x00, 0x00, 0x00, 0x00, 0x00, 0x00, 0xDC, 0xFF, 0x38, 0x00, 0x00, 0x00, 0x00, 0x00, 0x00,
  0x00, 0x00, 0x00, 0x00, 0x00, 0x00, 0xDC, 0xFF, 0x38, 0x00, 0x00, 0x00, 0x00, 0x00, 0x00, 0x00,
  0x00, 0x00, 0x00, 0x00, 0x00, 0xDC, 0xFF, 0x38, 0x00, 0x00, 0x00, 0x00, 0x00, 0x00, 0x00, 0x00,
  0x00, 0x00, 0x00, 0x00, 0x00, 0x00, 0x00, 0x00, 0x00, 0x00, 0x00, 0x00, 0x00, 0x00, 0x00, 0x00,
  0x00, 0x00, 0x00, 0xEC, 0xFF, 0x48, 0x00, 0x00, 0x00, 0x00, 0x00, 0x00, 0x00, 0x00, 0x00, 0x00,
  0x00, 0x00, 0xEC, 0xFF, 0x48, 0x00, 0x00, 0x00, 0x00, 0x00, 0x00, 0x73, 0xFF, 0x9D, 0x00, 0x00,
  0x00, 0x00, 0x00, 0x4C, 0xFF, 0xA1, 0x16, 0xFA, 0xF0, 0x08, 0x00, 0x00, 0x00, 0x00, 0xA2, 0xFF,
  0x46, 0x00, 0xAF, 0xFF, 0x55, 0x00, 0x00, 0x00, 0x07, 0xF1, 0xE8, 0x03, 0x00, 0x4D, 0xFF, 0xB1,
  0x00, 0x00, 0x00, 0x4F, 0xFF, 0x90, 0x00, 0x00, 0x03, 0xE6, 0xFA, 0x12, 0x00, 0x00, 0xA6, 0xFF,
  0x35, 0x00, 0x00, 0x00, 0x89, 0xFF, 0x68, 0x00, 0x09, 0xF3, 0xDA, 0x00, 0x00, 0x00, 0x00, 0x27,
  0xFF, 0xC3, 0x00, 0x53, 0xFF, 0x7F, 0x00, 0x00, 0x00, 0x00, 0x00, 0xC5, 0xFD, 0x17, 0xAC, 0xFF,
  0x25, 0x00, 0x00, 0x00, 0x00, 0x00, 0x63, 0xFF, 0x78, 0xF9, 0xC9, 0x00, 0x00, 0x00, 0x00, 0x00,
  0x00, 0x0C, 0xF4, 0xF8, 0xFF, 0x6E, 0x00, 0x00, 0x00, 0x00, 0x00, 0x00, 0x00, 0x9F, 0xFF, 0xFC,
  0x17, 0x00, 0x00, 0x00, 0x00, 0x00, 0x00, 0x00, 0x6B, 0xFF, 0xB8, 0x00, 0x00, 0x00, 0x00, 0x00,
  0x00, 0x00, 0x00, 0xC4, 0xFF, 0x57, 0x00, 0x00, 0x00, 0x00, 0x00, 0x16, 0x08, 0x70, 0xFF, 0xDC,
  0x03, 0xA4, 0xFF, 0x90, 0x00, 0x00, 0xC6, 0xFF, 0xFF, 0xFE, 0x4D, 0x00, 0xA4, 0xFF, 0x90, 0x00,
  0x00, 0x8D, 0xF4, 0xDD, 0x5E, 0x00, 0x00, 0x00, 0x00, 0x00, 0x00, 0x00, 0x00, 0x00, 0x00, 0x00,
  0xC5, 0xFD, 0xEB, 0xAB, 0x21, 0x00, 0x00, 0x00, 0x00, 0x00, 0x00, 0x00, 0x00, 0x00, 0x00, 0x03,
  0x06, 0x52, 0xFF, 0xB4, 0x00, 0x00, 0x00, 0x00, 0x00, 0x00, 0x00, 0x00, 0x00, 0x00, 0x00, 0x5C,
  0xFF, 0xDB, 0x53, 0x00, 0x00, 0x00, 0x00, 0x00, 0x00, 0x00, 0x00, 0x00, 0x00, 0x00, 0x00, 0x00,
  0x00, 0x00, 0x00, 0x00, 0x00, 0x00, 0x00, 0x9C, 0xFF, 0xDE, 0x0A, 0x00, 0x00, 0x00, 0x00, 0x00,
  0x00, 0x00, 0x3F, 0xFE, 0xF9, 0x2E, 0x0F, 0xE4, 0xFF, 0x8B, 0x00, 0x00, 0x00, 0x00, 0x00, 0x00,
  0x07, 0xD9, 0xFF, 0x7A, 0x00, 0x00, 0x4A, 0xFF, 0xFB, 0x30, 0x00, 0x00, 0x00, 0x00, 0x00, 0x84,
  0xFF, 0xC8, 0x03, 0x00, 0x00, 0x00, 0xA1, 0xFF, 0xCC, 0x03, 0x00, 0x00, 0x00, 0x2C, 0xFA, 0xF6,
  0x26, 0x00, 0x00, 0x00, 0x00, 0x11, 0xE7, 0xFF, 0x71, 0x00, 0x00, 0x02, 0xC7, 0xFF, 0x6E, 0x00,
  0x00, 0x00, 0x00, 0x00, 0x00, 0x50, 0xFF, 0xF5, 0x24, 0x00, 0x76, 0xFF, 0xBF, 0x01, 0x00, 0x00,
  0x00, 0x00, 0x00, 0x00, 0x00, 0xA7, 0xFF, 0xCA, 0x3B, 0xF9, 0xF2, 0x1F, 0x00, 0x00, 0x00, 0x00,
  0x00, 0x00, 0x00, 0x00, 0x14, 0xEA, 0xFF, 0xFB, 0xFF, 0x63, 0x00, 0x00, 0x00, 0x00, 0x00, 0x00,
  0x00, 0x00, 0x00, 0x00, 0x55, 0xFF, 0xFF, 0xB5, 0x00, 0x00, 0x00, 0x00, 0x00, 0x00, 0x00, 0x00,
  0x00, 0x00, 0x00, 0x00, 0xE0, 0xFF, 0x3C, 0x00, 0x00, 0x00, 0x00, 0x00, 0x00, 0x00, 0x00, 0x00,
  0x00, 0x00, 0x00, 0xDC, 0xFF, 0x38, 0x00, 0x00, 0x00, 0x00, 0x00, 0x00, 0x00, 0x00, 0x00, 0x00,
  0x00, 0x00, 0xDC, 0xFF, 0x38, 0x00, 0x00, 0x00, 0x00, 0x00, 0x00, 0x00, 0x00, 0x00, 0x00, 0x00,
  0x00, 0xDC, 0xFF, 0x38, 0x00, 0x00, 0x00, 0x00, 0x00, 0x00, 0x00, 0x00, 0x00, 0x00, 0x00, 0x00,
  0xDC, 0xFF, 0x38, 0x00, 0x00, 0x00, 0x00, 0x00, 0x00, 0x00, 0x00, 0x00, 0x00, 0x00, 0x00, 0xDC,
  0xFF, 0x38, 0x00, 0x00, 0x00, 0x00, 0x00, 0x00, 0x00, 0x00, 0x00, 0x00, 0x00, 0x00, 0xDC, 0xFF,
  0x38, 0x00, 0x00, 0x00, 0x00, 0x00, 0x00, 0x00, 0x00, 0x00, 0x00, 0x00, 0x00, 0x00, 0x00, 0x00,
  0x00, 0x00, 0x00, 0x00, 0x00, 0x5D, 0xFE, 0xF4, 0xC5, 0x41, 0x00, 0x00, 0x00, 0x00, 0x00, 0x00,
  0x04, 0x04, 0x1F, 0xC9, 0xF9, 0x12, 0x00, 0x00, 0x00, 0x00, 0x00, 0x00, 0x00, 0x18, 0xCF, 0xFF,
  0x25, 0x00, 0x00, 0x00, 0x00, 0x00, 0x00, 0x00, 0xF0, 0xEE, 0x80, 0x00, 0x00, 0x00, 0x00, 0x00,
  0x00, 0x00, 0x00, 0x00, 0x00, 0x00, 0x00, 0x00, 0x00, 0x73, 0xFF, 0x9D, 0x00, 0x00, 0x00, 0x00,
  0x00, 0x4C, 0xFF, 0xA1, 0x16, 0xFA, 0xF0, 0x08, 0x00, 0x00, 0x00, 0x00, 0xA2, 0xFF, 0x46, 0x00,
  0xAF, 0xFF, 0x55, 0x00, 0x00, 0x00, 0x07, 0xF1, 0xE8, 0x03, 0x00, 0x4D, 0xFF, 0xB1, 0x00, 0x00,
  0x00, 0x4F, 0xFF, 0x90, 0x00, 0x00, 0x03, 0xE6, 0xFA, 0x12, 0x00, 0x00, 0xA6, 0xFF, 0x35, 0x00,
  0x00, 0x00, 0x89, 0xFF, 0x68, 0x00, 0x09, 0xF3, 0xDA, 0x00, 0x00, 0x00, 0x00, 0x27, 0xFF, 0xC3,
  0x00, 0x53, 0xFF, 0x7F, 0x00, 0x00, 0x00, 0x00, 0x00, 0xC5, 0xFD, 0x17, 0xAC, 0xFF, 0x25, 0x00,
  0x00, 0x00, 0x00, 0x00, 0x63, 0xFF, 0x78, 0xF9, 0xC9, 0x00, 0x00, 0x00, 0x00, 0x00, 0x00, 0x0C,
  0xF4, 0xF8, 0xFF, 0x6E, 0x00, 0x00, 0x00, 0x00, 0x00, 0x00, 0x00, 0x9F, 0xFF, 0xFC, 0x17, 0x00,
  0x00, 0x00, 0x00, 0x00, 0x00, 0x00, 0x6B, 0xFF, 0xB8, 0x00, 0x00, 0x00, 0x00, 0x00, 0x00, 0x00,
  0x00, 0xC4, 0xFF, 0x57, 0x00, 0x00, 0x00, 0x00, 0x00, 0x16, 0x08, 0x70, 0xFF, 0xDC, 0x03, 0x00,
  0x00, 0x00, 0x00, 0x00, 0xC6, 0xFF, 0xFF, 0xFE, 0x4D, 0x00, 0x00, 0x00, 0x00, 0x00, 0x00, 0x8D,
  0xF4, 0xDD, 0x5E, 0x00, 0x00, 0x00, 0x00, 0x00, 0x00, 0x00, 0x00, 0x00, 0x00, 0x2C, 0xD4, 0xEB,
  0x90, 0x20, 0x74, 0xFF, 0x12, 0x00, 0x00, 0x00, 0x00, 0x00, 0x00, 0x00, 0xC3, 0xFF, 0xFF, 0xFF,
  0xFF, 0xFF, 0xDB, 0x00, 0x00, 0x00, 0x00, 0x00, 0x00, 0x00, 0x02, 0xFA, 0x96, 0x19, 0x81, 0xE3,
  0xE3, 0x41, 0x00, 0x00, 0x00, 0x00, 0x00, 0x00, 0x00, 0x00, 0x00, 0x00, 0x00, 0x00, 0x00, 0x00,
  0x00, 0x00, 0x00, 0x00, 0x00, 0x9C, 0xFF, 0xDE, 0x0A, 0x00, 0x00, 0x00, 0x00, 0x00, 0x00, 0x00,
  0x3F, 0xFE, 0xF9, 0x2E, 0x0F, 0xE4, 0xFF, 0x8B, 0x00, 0x00, 0x00, 0x00, 0x00, 0x00, 0x07, 0xD9,
  0xFF, 0x7A, 0x00, 0x00, 0x4A, 0xFF, 0xFB, 0x30, 0x00, 0x00, 0x00, 0x00, 0x00, 0x84, 0xFF, 0xC8,
  0x03, 0x00, 0x00, 0x00, 0xA1, 0xFF, 0xCC, 0x03, 0x00, 0x00, 0x00, 0x2C, 0xFA, 0xF6, 0x26, 0x00,
  0x00, 0x00, 0x00, 0x11, 0xE7, 0xFF, 0x71, 0x00, 0x00, 0x02, 0xC7, 0xFF, 0x6E, 0x00, 0x00, 0x00,
  0x00, 0x00, 0x00, 0x50, 0xFF, 0xF5, 0x24, 0x00, 0x76, 0xFF, 0xBF, 0x01, 0x00, 0x00, 0x00, 0x00,
  0x00, 0x00, 0x00, 0xA7, 0xFF, 0xCA, 0x3B, 0xF9, 0xF2, 0x1F, 0x00, 0x00, 0x00, 0x00, 0x00, 0x00,
  0x00, 0x00, 0x14, 0xEA, 0xFF, 0xFB, 0xFF, 0x63, 0x00, 0x00, 0x00, 0x00, 0x00, 0x00, 0x00, 0x00,
  0x00, 0x00, 0x55, 0xFF, 0xFF, 0xB5, 0x00, 0x00, 0x00, 0x00, 0x00, 0x00, 0x00, 0x00, 0x00, 0x00,
  0x00, 0x00, 0xE0, 0xFF, 0x3C, 0x00, 0x00, 0x00, 0x00, 0x00, 0x00, 0x00, 0x00, 0x00, 0x00, 0x00,
  0x00, 0xDC, 0xFF, 0x38, 0x00, 0x00, 0x00, 0x00, 0x00, 0x00, 0x00, 0x00, 0x00, 0x00, 0x00, 0x00,
  0xDC, 0xFF, 0x38, 0x00, 0x00, 0x00, 0x00, 0x00, 0x00, 0x00, 0x00, 0x00, 0x00, 0x00, 0x00, 0xDC,
  0xFF, 0x38, 0x00, 0x00, 0x00, 0x00, 0x00, 0x00, 0x00, 0x00, 0x00, 0x00, 0x00, 0x00, 0xDC, 0xFF,
  0x38, 0x00, 0x00, 0x00, 0x00, 0x00, 0x00, 0x00, 0x00, 0x00, 0x00, 0x00, 0x00, 0xDC, 0xFF, 0x38,
  0x00, 0x00, 0x00, 0x00, 0x00, 0x00, 0x00, 0x00, 0x00, 0x00, 0x00, 0x00, 0xDC, 0xFF, 0x38, 0x00,
  0x00, 0x00, 0x00, 0x00, 0x00, 0x00, 0x00, 0x16, 0xC0, 0xF0, 0xA4, 0x30, 0x48, 0xFF, 0x3E, 0x00,
  0x00, 0x00, 0x97, 0xFF, 0xFF, 0xFF, 0xFF, 0xFF, 0xF6, 0x12, 0x00, 0x00, 0x00, 0xD1, 0xBC, 0x14,
  0x6D, 0xD7, 0xEC, 0x63, 0x00, 0x00, 0x00, 0x00, 0x00, 0x00, 0x00, 0x00, 0x00, 0x00, 0x00, 0x00,
  0x00, 0x73, 0xFF, 0x9D, 0x00, 0x00, 0x00, 0x00, 0x00, 0x4C, 0xFF, 0xA1, 0x16, 0xFA, 0xF0, 0x08,
  0x00, 0x00, 0x00, 0x00, 0xA2, 0xFF, 0x46, 0x00, 0xAF, 0xFF, 0x55, 0x00, 0x00, 0x00, 0x07, 0xF1,
  0xE8, 0x03, 0x00, 0x4D, 0xFF, 0xB1, 0x00, 0x00, 0x00, 0x4F, 0xFF, 0x90, 0x00, 0x00, 0x03, 0xE6,
  0xFA, 0x12, 0x00, 0x00, 0xA6, 0xFF, 0x35, 0x00, 0x00, 0x00, 0x89, 0xFF, 0x68, 0x00, 0x09, 0xF3,
  0xDA, 0x00, 0x00, 0x00, 0x00, 0x27, 0xFF, 0xC3, 0x00, 0x53, 0xFF, 0x7F, 0x00, 0x00, 0x00, 0x00,
  0x00, 0xC5, 0xFD, 0x17, 0xAC, 0xFF, 0x25, 0x00, 0x00, 0x00, 0x00, 0x00, 0x63, 0xFF, 0x78, 0xF9,
  0xC9, 0x00, 0x00, 0x00, 0x00, 0x00, 0x00, 0x0C, 0xF4, 0xF8, 0xFF, 0x6E, 0x00, 0x00, 0x00, 0x00,
  0x00, 0x00, 0x00, 0x9F, 0xFF, 0xFC, 0x17, 0x00, 0x00, 0x00, 0x00, 0x00, 0x00, 0x00, 0x6B, 0xFF,
  0xB8, 0x00, 0x00, 0x00, 0x00, 0x00, 0x00, 0x00, 0x00, 0xC4, 0xFF, 0x57, 0x00, 0x00, 0x00, 0x00,
  0x00, 0x16, 0x08, 0x70, 0xFF, 0xDC, 0x03, 0x00, 0x00, 0x00, 0x00, 0x00, 0xC6, 0xFF, 0xFF, 0xFE,
  0x4D, 0x00, 0x00, 0x00, 0x00, 0x00, 0x00, 0x8D, 0xF4, 0xDD, 0x5E, 0x00, 0x00, 0x00, 0x00, 0x00,
  0x00,
};
