// Generated by tools/ttf2vlw.py -- do not edit.
#pragma once
#include <pgmspace.h>

// 31154 bytes
const uint8_t fontSmall[] PROGMEM = {
  0x00, 0x00, 0x00, 0xE5, 0x00, 0x00, 0x00, 0x0B, 0x00, 0x00, 0x00, 0x12, 0x00, 0x00, 0x00, 0x00,
  0x00, 0x00, 0x00, 0x0B, 0x00, 0x00, 0x00, 0x03, 0x00, 0x00, 0x00, 0x20, 0x00, 0x00, 0x00, 0x00,
  0x00, 0x00, 0x00, 0x00, 0x00, 0x00, 0x00, 0x04, 0x00, 0x00, 0x00, 0x00, 0x00, 0x00, 0x00, 0x00,
  0x00, 0x00, 0x00, 0x00, 0x00, 0x00, 0x00, 0x21, 0x00, 0x00, 0x00, 0x0B, 0x00, 0x00, 0x00, 0x04,
  0x00, 0x00, 0x00, 0x04, 0x00, 0x00, 0x00, 0x0B, 0x00, 0x00, 0x00, 0x00, 0x00, 0x00, 0x00, 0x00,
  0x00, 0x00, 0x00, 0x22, 0x00, 0x00, 0x00, 0x0B, 0x00, 0x00, 0x00, 0x05, 0x00, 0x00, 0x00, 0x05,
  0x00, 0x00, 0x00, 0x0B, 0x00, 0x00, 0x00, 0x00, 0x00, 0x00, 0x00, 0x00, 0x00, 0x00, 0x00, 0x23,
  0x00, 0x00, 0x00, 0x0B, 0x00, 0x00, 0x00, 0x09, 0x00, 0x00, 0x00, 0x08, 0x00, 0x00, 0x00, 0x0B,
  0x00, 0x00, 0x00, 0x00, 0x00, 0x00, 0x00, 0x00, 0x00, 0x00, 0x00, 0x24, 0x00, 0x00, 0x00, 0x0D,
  0x00, 0x00, 0x00, 0x08, 0x00, 0x00, 0x00, 0x08, 0x00, 0x00, 0x00, 0x0C, 0x00, 0x00, 0x00, 0x00,
  0x00, 0x00, 0x00, 0x00, 0x00, 0x00, 0x00, 0x25, 0x00, 0x00, 0x00, 0x0B, 0x00, 0x00, 0x00, 0x0D,
  0x00, 0x00, 0x00, 0x0D, 0x00, 0x00, 0x00, 0x0B, 0x00, 0x00, 0x00, 0x00, 0x00, 0x00, 0x00, 0x00,
  0x00, 0x00, 0x00, 0x26, 0x00, 0x00, 0x00, 0x0B, 0x00, 0x00, 0x00, 0x0A, 0x00, 0x00, 0x00, 0x0A,
  0x00, 0x00, 0x00, 0x0B, 0x00, 0x00, 0x00, 0x00, 0x00, 0x00, 0x00, 0x00, 0x00, 0x00, 0x00, 0x27,
  0x00, 0x00, 0x00, 0x0B, 0x00, 0x00, 0x00, 0x03, 0x00, 0x00, 0x00, 0x03, 0x00, 0x00, 0x00, 0x0B,
  0x00, 0x00, 0x00, 0x00, 0x00, 0x00, 0x00, 0x00, 0x00, 0x00, 0x00, 0x28, 0x00, 0x00, 0x00, 0x0E,
  0x00, 0x00, 0x00, 0x05, 0x00, 0x00, 0x00, 0x05, 0x00, 0x00, 0x00, 0x0B, 0x00, 0x00, 0x00, 0x00,
  0x00, 0x00, 0x00, 0x00, 0x00, 0x00, 0x00, 0x29, 0x00, 0x00, 0x00, 0x0E, 0x00, 0x00, 0x00, 0x05,
  0x00, 0x00, 0x00, 0x05, 0x00, 0x00, 0x00, 0x0B, 0x00, 0x00, 0x00, 0x00, 0x00, 0x00, 0x00, 0x00,
  0x00, 0x00, 0x00, 0x2A, 0x00, 0x00, 0x00, 0x0B, 0x00, 0x00, 0x00, 0x06, 0x00, 0x00, 0x00, 0x06,
  0x00, 0x00, 0x00, 0x0B, 0x00, 0x00, 0x00, 0x00, 0x00, 0x00, 0x00, 0x00, 0x00, 0x00, 0x00, 0x2B,
  0x00, 0x00, 0x00, 0x09, 0x00, 0x00, 0x00, 0x09, 0x00, 0x00, 0x00, 0x09, 0x00, 0x00, 0x00, 0x09,
  0x00, 0x00, 0x00, 0x00, 0x00, 0x00, 0x00, 0x00, 0x00, 0x00, 0x00, 0x2C, 0x00, 0x00, 0x00, 0x04,
  0x00, 0x00, 0x00, 0x04, 0x00, 0x00, 0x00, 0x04, 0x00, 0x00, 0x00, 0x01, 0x00, 0x00, 0x00, 0x00,
  0x00, 0x00, 0x00, 0x00, 0x00, 0x00, 0x00, 0x2D, 0x00, 0x00, 0x00, 0x04, 0x00, 0x00, 0x00, 0x05,
  0x00, 0x00, 0x00, 0x05, 0x00, 0x00, 0x00, 0x04, 0x00, 0x00, 0x00, 0x00, 0x00, 0x00, 0x00, 0x00,
  0x00, 0x00, 0x00, 0x2E, 0x00, 0x00, 0x00, 0x01, 0x00, 0x00, 0x00, 0x04, 0x00, 0x00, 0x00, 0x04,
  0x00, 0x00, 0x00, 0x01, 0x00, 0x00, 0x00, 0x00, 0x00, 0x00, 0x00, 0x00, 0x00, 0x00, 0x00, 0x2F,
  0x00, 0x00, 0x00, 0x0B, 0x00, 0x00, 0x00, 0x05, 0x00, 0x00, 0x00, 0x04, 0x00, 0x00, 0x00, 0x0B,
  0x00, 0x00, 0x00, 0x00, 0x00, 0x00, 0x00, 0x00, 0x00, 0x00, 0x00, 0x30, 0x00, 0x00, 0x00, 0x0B,
  0x00, 0x00, 0x00, 0x08, 0x00, 0x00, 0x00, 0x08, 0x00, 0x00, 0x00, 0x0B, 0x00, 0x00, 0x00, 0x00,
  0x00, 0x00, 0x00, 0x00, 0x00, 0x00, 0x00, 0x31, 0x00, 0x00, 0x00, 0x0B, 0x00, 0x00, 0x00, 0x08,
  0x00, 0x00, 0x00, 0x08, 0x00, 0x00, 0x00, 0x0B, 0x00, 0x00, 0x00, 0x00, 0x00, 0x00, 0x00, 0x00,
  0x00, 0x00, 0x00, 0x32, 0x00, 0x00, 0x00, 0x0B, 0x00, 0x00, 0x00, 0x08, 0x00, 0x00, 0x00, 0x08,
  0x00, 0x00, 0x00, 0x0B, 0x00, 0x00, 0x00, 0x00, 0x00, 0x00, 0x00, 0x00, 0x00, 0x00, 0x00, 0x33,
  0x00, 0x00, 0x00, 0x0B, 0x00, 0x00, 0x00, 0x08, 0x00, 0x00, 0x00, 0x08, 0x00, 0x00, 0x00, 0x0B,
  0x00, 0x00, 0x00, 0x00, 0x00, 0x00, 0x00, 0x00, 0x00, 0x00, 0x00, 0x34, 0x00, 0x00, 0x00, 0x0B,
  0x00, 0x00, 0x00, 0x08, 0x00, 0x00, 0x00, 0x08, 0x00, 0x00, 0x00, 0x0B, 0x00, 0x00, 0x00, 0x00,
  0x00, 0x00, 0x00, 0x00, 0x00, 0x00, 0x00, 0x35, 0x00, 0x00, 0x00, 0x0B, 0x00, 0x00, 0x00, 0x08,
  0x00, 0x00, 0x00, 0x08, 0x00, 0x00, 0x00, 0x0B, 0x00, 0x00, 0x00, 0x00, 0x00, 0x00, 0x00, 0x00,
  0x00, 0x00, 0x00, 0x36, 0x00, 0x00, 0x00, 0x0B, 0x00, 0x00, 0x00, 0x08, 0x00, 0x00, 0x00, 0x08,
  0x00, 0x00, 0x00, 0x0B, 0x00, 0x00, 0x00, 0x00, 0x00, 0x00, 0x00, 0x00, 0x00, 0x00, 0x00, 0x37,
  0x00, 0x00, 0x00, 0x0B, 0x00, 0x00, 0x00, 0x08, 0x00, 0x00, 0x00, 0x08, 0x00, 0x00, 0x00, 0x0B,
  0x00, 0x00, 0x00, 0x00, 0x00, 0x00, 0x00, 0x00, 0x00, 0x00, 0x00, 0x38, 0x00, 0x00, 0x00, 0x0B,
  0x00, 0x00, 0x00, 0x08, 0x00, 0x00, 0x00, 0x08, 0x00, 0x00, 0x00, 0x0B, 0x00, 0x00, 0x00, 0x00,
  0x00, 0x00, 0x00, 0x00, 0x00, 0x00, 0x00, 0x39, 0x00, 0x00, 0x00, 0x0B, 0x00, 0x00, 0x00, 0x08,
  0x00, 0x00, 0x00, 0x08, 0x00, 0x00, 0x00, 0x0B, 0x00, 0x00, 0x00, 0x00, 0x00, 0x00, 0x00, 0x00,
  0x00, 0x00, 0x00, 0x3A, 0x00, 0x00, 0x00, 0x08, 0x00, 0x00, 0x00, 0x04, 0x00, 0x00, 0x00, 0x04,
  0x00, 0x00, 0x00, 0x08, 0x00, 0x00, 0x00, 0x00, 0x00, 0x00, 0x00, 0x00, 0x00, 0x00, 0x00, 0x3B,
  0x00, 0x00, 0x00, 0x0B, 0x00, 0x00, 0x00, 0x04, 0x00, 0x00, 0x00, 0x04, 0x00, 0x00, 0x00, 0x08,
  0x00, 0x00, 0x00, 0x00, 0x00, 0x00, 0x00, 0x00, 0x00, 0x00, 0x00, 0x3C, 0x00, 0x00, 0x00, 0x09,
  0x00, 0x00, 0x00, 0x09, 0x00, 0x00, 0x00, 0x09, 0x00, 0x00, 0x00, 0x09, 0x00, 0x00, 0x00, 0x00,
  0x00, 0x00, 0x00, 0x00, 0x00, 0x00, 0x00, 0x3D, 0x00, 0x00, 0x00, 0x08, 0x00, 0x00, 0x00, 0x09,
  0x00, 0x00, 0x00, 0x09, 0x00, 0x00, 0x00, 0x08, 0x00, 0x00, 0x00, 0x00, 0x00, 0x00, 0x00, 0x00,
  0x00, 0x00, 0x00, 0x3E, 0x00, 0x00, 0x00, 0x09, 0x00, 0x00, 0x00, 0x09, 0x00, 0x00, 0x00, 0x09,
  0x00, 0x00, 0x00, 0x09, 0x00, 0x00, 0x00, 0x00, 0x00, 0x00, 0x00, 0x00, 0x00, 0x00, 0x00, 0x3F,
  0x00, 0x00, 0x00, 0x0B, 0x00, 0x00, 0x00, 0x08, 0x00, 0x00, 0x00, 0x08, 0x00, 0x00, 0x00, 0x0B,
  0x00, 0x00, 0x00, 0x00, 0x00, 0x00, 0x00, 0x00, 0x00, 0x00, 0x00, 0x40, 0x00, 0x00, 0x00, 0x0E,
  0x00, 0x00, 0x00, 0x0F, 0x00, 0x00, 0x00, 0x0F, 0x00, 0x00, 0x00, 0x0B, 0x00, 0x00, 0x00, 0x00,
  0x00, 0x00, 0x00, 0x00, 0x00, 0x00, 0x00, 0x41, 0x00, 0x00, 0x00, 0x0B, 0x00, 0x00, 0x00, 0x0C,
  0x00, 0x00, 0x00, 0x0A, 0x00, 0x00, 0x00, 0x0B, 0xFF, 0xFF, 0xFF, 0xFF, 0x00, 0x00, 0x00, 0x00,
  0x00, 0x00, 0x00, 0x42, 0x00, 0x00, 0x00, 0x0B, 0x00, 0x00, 0x00, 0x0A, 0x00, 0x00, 0x00, 0x0A,
  0x00, 0x00, 0x00, 0x0B, 0x00, 0x00, 0x00, 0x00, 0x00, 0x00, 0x00, 0x00, 0x00, 0x00, 0x00, 0x43,
  0x00, 0x00, 0x00, 0x0B, 0x00, 0x00, 0x00, 0x0B, 0x00, 0x00, 0x00, 0x0B, 0x00, 0x00, 0x00, 0x0B,
  0x00, 0x00, 0x00, 0x00, 0x00, 0x00, 0x00, 0x00, 0x00, 0x00, 0x00, 0x44, 0x00, 0x00, 0x00, 0x0B,
  0x00, 0x00, 0x00, 0x0B, 0x00, 0x00, 0x00, 0x0B, 0x00, 0x00, 0x00, 0x0B, 0x00, 0x00, 0x00, 0x00,
  0x00, 0x00, 0x00, 0x00, 0x00, 0x00, 0x00, 0x45, 0x00, 0x00, 0x00, 0x0B, 0x00, 0x00, 0x00, 0x0A,
  0x00, 0x00, 0x00, 0x0A, 0x00, 0x00, 0x00, 0x0B, 0x00, 0x00, 0x00, 0x00, 0x00, 0x00, 0x00, 0x00,
  0x00, 0x00, 0x00, 0x46, 0x00, 0x00, 0x00, 0x0B, 0x00, 0x00, 0x00, 0x09, 0x00, 0x00, 0x00, 0x09,
  0x00, 0x00, 0x00, 0x0B, 0x00, 0x00, 0x00, 0x00, 0x00, 0x00, 0x00, 0x00, 0x00, 0x00, 0x00, 0x47,
  0x00, 0x00, 0x00, 0x0B, 0x00, 0x00, 0x00, 0x0C, 0x00, 0x00, 0x00, 0x0C, 0x00, 0x00, 0x00, 0x0B,
  0x00, 0x00, 0x00, 0x00, 0x00, 0x00, 0x00, 0x00, 0x00, 0x00, 0x00, 0x48, 0x00, 0x00, 0x00, 0x0B,
  0x00, 0x00, 0x00, 0x0B, 0x00, 0x00, 0x00, 0x0B, 0x00, 0x00, 0x00, 0x0B, 0x00, 0x00, 0x00, 0x00,
  0x00, 0x00, 0x00, 0x00, 0x00, 0x00, 0x00, 0x49, 0x00, 0x00, 0x00, 0x0B, 0x00, 0x00, 0x00, 0x04,
  0x00, 0x00, 0x00, 0x04, 0x00, 0x00, 0x00, 0x0B, 0x00, 0x00, 0x00, 0x00, 0x00, 0x00, 0x00, 0x00,
  0x00, 0x00, 0x00, 0x4A, 0x00, 0x00, 0x00, 0x0B, 0x00, 0x00, 0x00, 0x08, 0x00, 0x00, 0x00, 0x08,
  0x00, 0x00, 0x00, 0x0B, 0x00, 0x00, 0x00, 0x00, 0x00, 0x00, 0x00, 0x00, 0x00, 0x00, 0x00, 0x4B,
  0x00, 0x00, 0x00, 0x0B, 0x00, 0x00, 0x00, 0x0A, 0x00, 0x00, 0x00, 0x0A, 0x00, 0x00, 0x00, 0x0B,
  0x00, 0x00, 0x00, 0x00, 0x00, 0x00, 0x00, 0x00, 0x00, 0x00, 0x00, 0x4C, 0x00, 0x00, 0x00, 0x0B,
  0x00, 0x00, 0x00, 0x08, 0x00, 0x00, 0x00, 0x08, 0x00, 0x00, 0x00, 0x0B, 0x00, 0x00, 0x00, 0x00,
  0x00, 0x00, 0x00, 0x00, 0x00, 0x00, 0x00, 0x4D, 0x00, 0x00, 0x00, 0x0B, 0x00, 0x00, 0x00, 0x0D,
  0x00, 0x00, 0x00, 0x0C, 0x00, 0x00, 0x00, 0x0B, 0x00, 0x00, 0x00, 0x00, 0x00, 0x00, 0x00, 0x00,
  0x00, 0x00, 0x00, 0x4E, 0x00, 0x00, 0x00, 0x0B, 0x00, 0x00, 0x00, 0x0B, 0x00, 0x00, 0x00, 0x0B,
  0x00, 0x00, 0x00, 0x0B, 0x00, 0x00, 0x00, 0x00, 0x00, 0x00, 0x00, 0x00, 0x00, 0x00, 0x00, 0x4F,
  0x00, 0x00, 0x00, 0x0B, 0x00, 0x00, 0x00, 0x0C, 0x00, 0x00, 0x00, 0x0C, 0x00, 0x00, 0x00, 0x0B,
  0x00, 0x00, 0x00, 0x00, 0x00, 0x00, 0x00, 0x00, 0x00, 0x00, 0x00, 0x50, 0x00, 0x00, 0x00, 0x0B,
  0x00, 0x00, 0x00, 0x0A, 0x00, 0x00, 0x00, 0x0A, 0x00, 0x00, 0x00, 0x0B, 0x00, 0x00, 0x00, 0x00,
  0x00, 0x00, 0x00, 0x00, 0x00, 0x00, 0x00, 0x51, 0x00, 0x00, 0x00, 0x0C, 0x00, 0x00, 0x00, 0x0C,
  0x00, 0x00, 0x00, 0x0C, 0x00, 0x00, 0x00, 0x0B, 0x00, 0x00, 0x00, 0x00, 0x00, 0x00, 0x00, 0x00,
  0x00, 0x00, 0x00, 0x52, 0x00, 0x00, 0x00, 0x0B, 0x00, 0x00, 0x00, 0x0B, 0x00, 0x00, 0x00, 0x0B,
  0x00, 0x00, 0x00, 0x0B, 0x00, 0x00, 0x00, 0x00, 0x00, 0x00, 0x00, 0x00, 0x00, 0x00, 0x00, 0x53,
  0x00, 0x00, 0x00, 0x0B, 0x00, 0x00, 0x00, 0x0A, 0x00, 0x00, 0x00, 0x0A, 0x00, 0x00, 0x00, 0x0B,
  0x00, 0x00, 0x00, 0x00, 0x00, 0x00, 0x00, 0x00, 0x00, 0x00, 0x00, 0x54, 0x00, 0x00, 0x00, 0x0B,
  0x00, 0x00, 0x00, 0x09, 0x00, 0x00, 0x00, 0x09, 0x00, 0x00, 0x00, 0x0B, 0x00, 0x00, 0x00, 0x00,
  0x00, 0x00, 0x00, 0x00, 0x00, 0x00, 0x00, 0x55, 0x00, 0x00, 0x00, 0x0B, 0x00, 0x00, 0x00, 0x0B,
  0x00, 0x00, 0x00, 0x0B, 0x00, 0x00, 0x00, 0x0B, 0x00, 0x00, 0x00, 0x00, 0x00, 0x00, 0x00, 0x00,
  0x00, 0x00, 0x00, 0x56, 0x00, 0x00, 0x00, 0x0B, 0x00, 0x00, 0x00, 0x0A, 0x00, 0x00, 0x00, 0x0A,
  0x00, 0x00, 0x00, 0x0B, 0x00, 0x00, 0x00, 0x00, 0x00, 0x00, 0x00, 0x00, 0x00, 0x00, 0x00, 0x57,
  0x00, 0x00, 0x00, 0x0B, 0x00, 0x00, 0x00, 0x0E, 0x00, 0x00, 0x00, 0x0E, 0x00, 0x00, 0x00, 0x0B,
  0x00, 0x00, 0x00, 0x00, 0x00, 0x00, 0x00, 0x00, 0x00, 0x00, 0x00, 0x58, 0x00, 0x00, 0x00, 0x0B,
  0x00, 0x00, 0x00, 0x0A, 0x00, 0x00, 0x00, 0x0A, 0x00, 0x00, 0x00, 0x0B, 0x00, 0x00, 0x00, 0x00,
  0x00, 0x00, 0x00, 0x00, 0x00, 0x00, 0x00, 0x59, 0x00, 0x00, 0x00, 0x0B, 0x00, 0x00, 0x00, 0x0A,
  0x00, 0x00, 0x00, 0x0A, 0x00, 0x00, 0x00, 0x0B, 0x00, 0x00, 0x00, 0x00, 0x00, 0x00, 0x00, 0x00,
  0x00, 0x00, 0x00, 0x5A, 0x00, 0x00, 0x00, 0x0B, 0x00, 0x00, 0x00, 0x09, 0x00, 0x00, 0x00, 0x09,
  0x00, 0x00, 0x00, 0x0B, 0x00, 0x00, 0x00, 0x00, 0x00, 0x00, 0x00, 0x00, 0x00, 0x00, 0x00, 0x5B,
  0x00, 0x00, 0x00, 0x0E, 0x00, 0x00, 0x00, 0x04, 0x00, 0x00, 0x00, 0x04, 0x00, 0x00, 0x00, 0x0B,
  0x00, 0x00, 0x00, 0x00, 0x00, 0x00, 0x00, 0x00, 0x00, 0x00, 0x00, 0x5C, 0x00, 0x00, 0x00, 0x0B,
  0x00, 0x00, 0x00, 0x05, 0x00, 0x00, 0x00, 0x04, 0x00, 0x00, 0x00, 0x0B, 0x00, 0x00, 0x00, 0x00,
  0x00, 0x00, 0x00, 0x00, 0x00, 0x00, 0x00, 0x5D, 0x00, 0x00, 0x00, 0x0E, 0x00, 0x00, 0x00, 0x04,
  0x00, 0x00, 0x00, 0x04, 0x00, 0x00, 0x00, 0x0B, 0x00, 0x00, 0x00, 0x00, 0x00, 0x00, 0x00, 0x00,
  0x00, 0x00, 0x00, 0x5E, 0x00, 0x00, 0x00, 0x0B, 0x00, 0x00, 0x00, 0x07, 0x00, 0x00, 0x00, 0x07,
  0x00, 0x00, 0x00, 0x0B, 0x00, 0x00, 0x00, 0x00, 0x00, 0x00, 0x00, 0x00, 0x00, 0x00, 0x00, 0x5F,
  0x00, 0x00, 0x00, 0x03, 0x00, 0x00, 0x00, 0x0A, 0x00, 0x00, 0x00, 0x08, 0x00, 0x00, 0x00, 0x00,
  0xFF, 0xFF, 0xFF, 0xFF, 0x00, 0x00, 0x00, 0x00, 0x00, 0x00, 0x00, 0x60, 0x00, 0x00, 0x00, 0x0B,
  0x00, 0x00, 0x00, 0x05, 0x00, 0x00, 0x00, 0x05, 0x00, 0x00, 0x00, 0x0B, 0x00, 0x00, 0x00, 0x00,
  0x00, 0x00, 0x00, 0x00, 0x00, 0x00, 0x00, 0x61, 0x00, 0x00, 0x00, 0x08, 0x00, 0x00, 0x00, 0x08,
  0x00, 0x00, 0x00, 0x08, 0x00, 0x00, 0x00, 0x08, 0x00, 0x00, 0x00, 0x00, 0x00, 0x00, 0x00, 0x00,
  0x00, 0x00, 0x00, 0x62, 0x00, 0x00, 0x00, 0x0B, 0x00, 0x00, 0x00, 0x08, 0x00, 0x00, 0x00, 0x08,
  0x00, 0x00, 0x00, 0x0B, 0x00, 0x00, 0x00, 0x00, 0x00, 0x00, 0x00, 0x00, 0x00, 0x00, 0x00, 0x63,
  0x00, 0x00, 0x00, 0x08, 0x00, 0x00, 0x00, 0x08, 0x00, 0x00, 0x00, 0x08, 0x00, 0x00, 0x00, 0x08,
  0x00, 0x00, 0x00, 0x00, 0x00, 0x00, 0x00, 0x00, 0x00, 0x00, 0x00, 0x64, 0x00, 0x00, 0x00, 0x0B,
  0x00, 0x00, 0x00, 0x08, 0x00, 0x00, 0x00, 0x08, 0x00, 0x00, 0x00, 0x0B, 0x00, 0x00, 0x00, 0x00,
  0x00, 0x00, 0x00, 0x00, 0x00, 0x00, 0x00, 0x65, 0x00, 0x00, 0x00, 0x08, 0x00, 0x00, 0x00, 0x08,
  0x00, 0x00, 0x00, 0x08, 0x00, 0x00, 0x00, 0x08, 0x00, 0x00, 0x00, 0x00, 0x00, 0x00, 0x00, 0x00,
  0x00, 0x00, 0x00, 0x66, 0x00, 0x00, 0x00, 0x0B, 0x00, 0x00, 0x00, 0x05, 0x00, 0x00, 0x00, 0x04,
  0x00, 0x00, 0x00, 0x0B, 0x00, 0x00, 0x00, 0x00, 0x00, 0x00, 0x00, 0x00, 0x00, 0x00, 0x00, 0x67,
  0x00, 0x00, 0x00, 0x0B, 0x00, 0x00, 0x00, 0x08, 0x00, 0x00, 0x00, 0x08, 0x00, 0x00, 0x00, 0x08,
  0x00, 0x00, 0x00, 0x00, 0x00, 0x00, 0x00, 0x00, 0x00, 0x00, 0x00, 0x68, 0x00, 0x00, 0x00, 0x0B,
  0x00, 0x00, 0x00, 0x08, 0x00, 0x00, 0x00, 0x08, 0x00, 0x00, 0x00, 0x0B, 0x00, 0x00, 0x00, 0x00,
  0x00, 0x00, 0x00, 0x00, 0x00, 0x00, 0x00, 0x69, 0x00, 0x00, 0x00, 0x0B, 0x00, 0x00, 0x00, 0x03,
  0x00, 0x00, 0x00, 0x03, 0x00, 0x00, 0x00, 0x0B, 0x00, 0x00, 0x00, 0x00, 0x00, 0x00, 0x00, 0x00,
  0x00, 0x00, 0x00, 0x6A, 0x00, 0x00, 0x00, 0x0E, 0x00, 0x00, 0x00, 0x04, 0x00, 0x00, 0x00, 0x03,
  0x00, 0x00, 0x00, 0x0B, 0xFF, 0xFF, 0xFF, 0xFF, 0x00, 0x00, 0x00, 0x00, 0x00, 0x00, 0x00, 0x6B,
  0x00, 0x00, 0x00, 0x0B, 0x00, 0x00, 0x00, 0x08, 0x00, 0x00, 0x00, 0x08, 0x00, 0x00, 0x00, 0x0B,
  0x00, 0x00, 0x00, 0x00, 0x00, 0x00, 0x00, 0x00, 0x00, 0x00, 0x00, 0x6C, 0x00, 0x00, 0x00, 0x0B,
  0x00, 0x00, 0x00, 0x03, 0x00, 0x00, 0x00, 0x03, 0x00, 0x00, 0x00, 0x0B, 0x00, 0x00, 0x00, 0x00,
  0x00, 0x00, 0x00, 0x00, 0x00, 0x00, 0x00, 0x6D, 0x00, 0x00, 0x00, 0x08, 0x00, 0x00, 0x00, 0x0D,
  0x00, 0x00, 0x00, 0x0C, 0x00, 0x00, 0x00, 0x08, 0x00, 0x00, 0x00, 0x00, 0x00, 0x00, 0x00, 0x00,
  0x00, 0x00, 0x00, 0x6E, 0x00, 0x00, 0x00, 0x08, 0x00, 0x00, 0x00, 0x08, 0x00, 0x00, 0x00, 0x08,
  0x00, 0x00, 0x00, 0x08, 0x00, 0x00, 0x00, 0x00, 0x00, 0x00, 0x00, 0x00, 0x00, 0x00, 0x00, 0x6F,
  0x00, 0x00, 0x00, 0x08, 0x00, 0x00, 0x00, 0x08, 0x00, 0x00, 0x00, 0x08, 0x00, 0x00, 0x00, 0x08,
  0x00, 0x00, 0x00, 0x00, 0x00, 0x00, 0x00, 0x00, 0x00, 0x00, 0x00, 0x70, 0x00, 0x00, 0x00, 0x0B,
  0x00, 0x00, 0x00, 0x08, 0x00, 0x00, 0x00, 0x08, 0x00, 0x00, 0x00, 0x08, 0x00, 0x00, 0x00, 0x00,
  0x00, 0x00, 0x00, 0x00, 0x00, 0x00, 0x00, 0x71, 0x00, 0x00, 0x00, 0x0B, 0x00, 0x00, 0x00, 0x08,
  0x00, 0x00, 0x00, 0x08, 0x00, 0x00, 0x00, 0x08, 0x00, 0x00, 0x00, 0x00, 0x00, 0x00, 0x00, 0x00,
  0x00, 0x00, 0x00, 0x72, 0x00, 0x00, 0x00, 0x08, 0x00, 0x00, 0x00, 0x06, 0x00, 0x00, 0x00, 0x05,
  0x00, 0x00, 0x00, 0x08, 0x00, 0x00, 0x00, 0x00, 0x00, 0x00, 0x00, 0x00, 0x00, 0x00, 0x00, 0x73,
  0x00, 0x00, 0x00, 0x08, 0x00, 0x00, 0x00, 0x08, 0x00, 0x00, 0x00, 0x08, 0x00, 0x00, 0x00, 0x08,
  0x00, 0x00, 0x00, 0x00, 0x00, 0x00, 0x00, 0x00, 0x00, 0x00, 0x00, 0x74, 0x00, 0x00, 0x00, 0x0B,
  0x00, 0x00, 0x00, 0x05, 0x00, 0x00, 0x00, 0x04, 0x00, 0x00, 0x00, 0x0B, 0x00, 0x00, 0x00, 0x00,
  0x00, 0x00, 0x00, 0x00, 0x00, 0x00, 0x00, 0x75, 0x00, 0x00, 0x00, 0x08, 0x00, 0x00, 0x00, 0x08,
  0x00, 0x00, 0x00, 0x08, 0x00, 0x00, 0x00, 0x08, 0x00, 0x00, 0x00, 0x00, 0x00, 0x00, 0x00, 0x00,
  0x00, 0x00, 0x00, 0x76, 0x00, 0x00, 0x00, 0x08, 0x00, 0x00, 0x00, 0x08, 0x00, 0x00, 0x00, 0x08,
  0x00, 0x00, 0x00, 0x08, 0x00, 0x00, 0x00, 0x00, 0x00, 0x00, 0x00, 0x00, 0x00, 0x00, 0x00, 0x77,
  0x00, 0x00, 0x00, 0x08, 0x00, 0x00, 0x00, 0x0B, 0x00, 0x00, 0x00, 0x0B, 0x00, 0x00, 0x00, 0x08,
  0x00, 0x00, 0x00, 0x00, 0x00, 0x00, 0x00, 0x00, 0x00, 0x00, 0x00, 0x78, 0x00, 0x00, 0x00, 0x08,
  0x00, 0x00, 0x00, 0x08, 0x00, 0x00, 0x00, 0x08, 0x00, 0x00, 0x00, 0x08, 0x00, 0x00, 0x00, 0x00,
  0x00, 0x00, 0x00, 0x00, 0x00, 0x00, 0x00, 0x79, 0x00, 0x00, 0x00, 0x0B, 0x00, 0x00, 0x00, 0x08,
  0x00, 0x00, 0x00, 0x08, 0x00, 0x00, 0x00, 0x08, 0x00, 0x00, 0x00, 0x00, 0x00, 0x00, 0x00, 0x00,
  0x00, 0x00, 0x00, 0x7A, 0x00, 0x00, 0x00, 0x08, 0x00, 0x00, 0x00, 0x08, 0x00, 0x00, 0x00, 0x08,
  0x00, 0x00, 0x00, 0x08, 0x00, 0x00, 0x00, 0x00, 0x00, 0x00, 0x00, 0x00, 0x00, 0x00, 0x00, 0x7B,
  0x00, 0x00, 0x00, 0x0E, 0x00, 0x00, 0x00, 0x05, 0x00, 0x00, 0x00, 0x05, 0x00, 0x00, 0x00, 0x0B,
  0x00, 0x00, 0x00, 0x00, 0x00, 0x00, 0x00, 0x00, 0x00, 0x00, 0x00, 0x7C, 0x00, 0x00, 0x00, 0x0E,
  0x00, 0x00, 0x00, 0x04, 0x00, 0x00, 0x00, 0x04, 0x00, 0x00, 0x00, 0x0B, 0x00, 0x00, 0x00, 0x00,
  0x00, 0x00, 0x00, 0x00, 0x00, 0x00, 0x00, 0x7D, 0x00, 0x00, 0x00, 0x0E, 0x00, 0x00, 0x00, 0x05,
  0x00, 0x00, 0x00, 0x05, 0x00, 0x00, 0x00, 0x0B, 0x00, 0x00, 0x00, 0x00, 0x00, 0x00, 0x00, 0x00,
  0x00, 0x00, 0x00, 0x7E, 0x00, 0x00, 0x00, 0x06, 0x00, 0x00, 0x00, 0x09, 0x00, 0x00, 0x00, 0x09,
  0x00, 0x00, 0x00, 0x06, 0x00, 0x00, 0x00, 0x00, 0x00, 0x00, 0x00, 0x00, 0x00, 0x00, 0x00, 0xC0,
  0x00, 0x00, 0x00, 0x0E, 0x00, 0x00, 0x00, 0x0C, 0x00, 0x00, 0x00, 0x0A, 0x00, 0x00, 0x00, 0x0E,
  0xFF, 0xFF, 0xFF, 0xFF, 0x00, 0x00, 0x00, 0x00, 0x00, 0x00, 0x00, 0xC1, 0x00, 0x00, 0x00, 0x0E,
  0x00, 0x00, 0x00, 0x0C, 0x00, 0x00, 0x00, 0x0A, 0x00, 0x00, 0x00, 0x0E, 0xFF, 0xFF, 0xFF, 0xFF,
  0x00, 0x00, 0x00, 0x00, 0x00, 0x00, 0x00, 0xC2, 0x00, 0x00, 0x00, 0x0E, 0x00, 0x00, 0x00, 0x0C,
  0x00, 0x00, 0x00, 0x0A, 0x00, 0x00, 0x00, 0x0E, 0xFF, 0xFF, 0xFF, 0xFF, 0x00, 0x00, 0x00, 0x00,
  0x00, 0x00, 0x00, 0xC3, 0x00, 0x00, 0x00, 0x0E, 0x00, 0x00, 0x00, 0x0C, 0x00, 0x00, 0x00, 0x0A,
  0x00, 0x00, 0x00, 0x0E, 0xFF, 0xFF, 0xFF, 0xFF, 0x00, 0x00, 0x00, 0x00, 0x00, 0x00, 0x00, 0xC8,
  0x00, 0x00, 0x00, 0x0E, 0x00, 0x00, 0x00, 0x0A, 0x00, 0x00, 0x00, 0x0A, 0x00, 0x00, 0x00, 0x0E,
  0x00, 0x00, 0x00, 0x00, 0x00, 0x00, 0x00, 0x00, 0x00, 0x00, 0x00, 0xC9, 0x00, 0x00, 0x00, 0x0E,
  0x00, 0x00, 0x00, 0x0A, 0x00, 0x00, 0x00, 0x0A, 0x00, 0x00, 0x00, 0x0E, 0x00, 0x00, 0x00, 0x00,
  0x00, 0x00, 0x00, 0x00, 0x00, 0x00, 0x00, 0xCA, 0x00, 0x00, 0x00, 0x0E, 0x00, 0x00, 0x00, 0x0A,
  0x00, 0x00, 0x00, 0x0A, 0x00, 0x00, 0x00, 0x0E, 0x00, 0x00, 0x00, 0x00, 0x00, 0x00, 0x00, 0x00,
  0x00, 0x00, 0x00, 0xCC, 0x00, 0x00, 0x00, 0x0E, 0x00, 0x00, 0x00, 0x04, 0x00, 0x00, 0x00, 0x04,
  0x00, 0x00, 0x00, 0x0E, 0x00, 0x00, 0x00, 0x00, 0x00, 0x00, 0x00, 0x00, 0x00, 0x00, 0x00, 0xCD,
  0x00, 0x00, 0x00, 0x0E, 0x00, 0x00, 0x00, 0x04, 0x00, 0x00, 0x00, 0x04, 0x00, 0x00, 0x00, 0x0E,
  0x00, 0x00, 0x00, 0x00, 0x00, 0x00, 0x00, 0x00, 0x00, 0x00, 0x00, 0xD2, 0x00, 0x00, 0x00, 0x0E,
  0x00, 0x00, 0x00, 0x0C, 0x00, 0x00, 0x00, 0x0C, 0x00, 0x00, 0x00, 0x0E, 0x00, 0x00, 0x00, 0x00,
  0x00, 0x00, 0x00, 0x00, 0x00, 0x00, 0x00, 0xD3, 0x00, 0x00, 0x00, 0x0E, 0x00, 0x00, 0x00, 0x0C,
  0x00, 0x00, 0x00, 0x0C, 0x00, 0x00, 0x00, 0x0E, 0x00, 0x00, 0x00, 0x00, 0x00, 0x00, 0x00, 0x00,
  0x00, 0x00, 0x00, 0xD4, 0x00, 0x00, 0x00, 0x0E, 0x00, 0x00, 0x00, 0x0C, 0x00, 0x00, 0x00, 0x0C,
  0x00, 0x00, 0x00, 0x0E, 0x00, 0x00, 0x00, 0x00, 0x00, 0x00, 0x00, 0x00, 0x00, 0x00, 0x00, 0xD5,
  0x00, 0x00, 0x00, 0x0E, 0x00, 0x00, 0x00, 0x0C, 0x00, 0x00, 0x00, 0x0C, 0x00, 0x00, 0x00, 0x0E,
  0x00, 0x00, 0x00, 0x00, 0x00, 0x00, 0x00, 0x00, 0x00, 0x00, 0x00, 0xD9, 0x00, 0x00, 0x00, 0x0E,
  0x00, 0x00, 0x00, 0x0B, 0x00, 0x00, 0x00, 0x0B, 0x00, 0x00, 0x00, 0x0E, 0x00, 0x00, 0x00, 0x00,
  0x00, 0x00, 0x00, 0x00, 0x00, 0x00, 0x00, 0xDA, 0x00, 0x00, 0x00, 0x0E, 0x00, 0x00, 0x00, 0x0B,
  0x00, 0x00, 0x00, 0x0B, 0x00, 0x00, 0x00, 0x0E, 0x00, 0x00, 0x00, 0x00, 0x00, 0x00, 0x00, 0x00,
  0x00, 0x00, 0x00, 0xDD, 0x00, 0x00, 0x00, 0x0E, 0x00, 0x00, 0x00, 0x0A, 0x00, 0x00, 0x00, 0x0A,
  0x00, 0x00, 0x00, 0x0E, 0x00, 0x00, 0x00, 0x00, 0x00, 0x00, 0x00, 0x00, 0x00, 0x00, 0x00, 0xE0,
  0x00, 0x00, 0x00, 0x0B, 0x00, 0x00, 0x00, 0x08, 0x00, 0x00, 0x00, 0x08, 0x00, 0x00, 0x00, 0x0B,
  0x00, 0x00, 0x00, 0x00, 0x00, 0x00, 0x00, 0x00, 0x00, 0x00, 0x00, 0xE1, 0x00, 0x00, 0x00, 0x0B,
  0x00, 0x00, 0x00, 0x08, 0x00, 0x00, 0x00, 0x08, 0x00, 0x00, 0x00, 0x0B, 0x00, 0x00, 0x00, 0x00,
  0x00, 0x00, 0x00, 0x00, 0x00, 0x00, 0x00, 0xE2, 0x00, 0x00, 0x00, 0x0B, 0x00, 0x00, 0x00, 0x08,
  0x00, 0x00, 0x00, 0x08, 0x00, 0x00, 0x00, 0x0B, 0x00, 0x00, 0x00, 0x00, 0x00, 0x00, 0x00, 0x00,
  0x00, 0x00, 0x00, 0xE3, 0x00, 0x00, 0x00, 0x0B, 0x00, 0x00, 0x00, 0x08, 0x00, 0x00, 0x00, 0x08,
  0x00, 0x00, 0x00, 0x0B, 0x00, 0x00, 0x00, 0x00, 0x00, 0x00, 0x00, 0x00, 0x00, 0x00, 0x00, 0xE8,
  0x00, 0x00, 0x00, 0x0B, 0x00, 0x00, 0x00, 0x08, 0x00, 0x00, 0x00, 0x08, 0x00, 0x00, 0x00, 0x0B,
  0x00, 0x00, 0x00, 0x00, 0x00, 0x00, 0x00, 0x00, 0x00, 0x00, 0x00, 0xE9, 0x00, 0x00, 0x00, 0x0B,
  0x00, 0x00, 0x00, 0x08, 0x00, 0x00, 0x00, 0x08, 0x00, 0x00, 0x00, 0x0B, 0x00, 0x00, 0x00, 0x00,
  0x00, 0x00, 0x00, 0x00, 0x00, 0x00, 0x00, 0xEA, 0x00, 0x00, 0x00, 0x0B, 0x00, 0x00, 0x00, 0x08,
  0x00, 0x00, 0x00, 0x08, 0x00, 0x00, 0x00, 0x0B, 0x00, 0x00, 0x00, 0x00, 0x00, 0x00, 0x00, 0x00,
  0x00, 0x00, 0x00, 0xEC, 0x00, 0x00, 0x00, 0x0B, 0x00, 0x00, 0x00, 0x04, 0x00, 0x00, 0x00, 0x04,
  0x00, 0x00, 0x00, 0x0B, 0x00, 0x00, 0x00, 0x00, 0x00, 0x00, 0x00, 0x00, 0x00, 0x00, 0x00, 0xED,
  0x00, 0x00, 0x00, 0x0B, 0x00, 0x00, 0x00, 0x05, 0x00, 0x00, 0x00, 0x04, 0x00, 0x00, 0x00, 0x0B,
  0x00, 0x00, 0x00, 0x00, 0x00, 0x00, 0x00, 0x00, 0x00, 0x00, 0x00, 0xF2, 0x00, 0x00, 0x00, 0x0B,
  0x00, 0x00, 0x00, 0x08, 0x00, 0x00, 0x00, 0x08, 0x00, 0x00, 0x00, 0x0B, 0x00, 0x00, 0x00, 0x00,
  0x00, 0x00, 0x00, 0x00, 0x00, 0x00, 0x00, 0xF3, 0x00, 0x00, 0x00, 0x0B, 0x00, 0x00, 0x00, 0x08,
  0x00, 0x00, 0x00, 0x08, 0x00, 0x00, 0x00, 0x0B, 0x00, 0x00, 0x00, 0x00, 0x00, 0x00, 0x00, 0x00,
  0x00, 0x00, 0x00, 0xF4, 0x00, 0x00, 0x00, 0x0B, 0x00, 0x00, 0x00, 0x08, 0x00, 0x00, 0x00, 0x08,
  0x00, 0x00, 0x00, 0x0B, 0x00, 0x00, 0x00, 0x00, 0x00, 0x00, 0x00, 0x00, 0x00, 0x00, 0x00, 0xF5,
  0x00, 0x00, 0x00, 0x0B, 0x00, 0x00, 0x00, 0x08, 0x00, 0x00, 0x00, 0x08, 0x00, 0x00, 0x00, 0x0B,
  0x00, 0x00, 0x00, 0x00, 0x00, 0x00, 0x00, 0x00, 0x00, 0x00, 0x00, 0xF9, 0x00, 0x00, 0x00, 0x0B,
  0x00, 0x00, 0x00, 0x08, 0x00, 0x00, 0x00, 0x08, 0x00, 0x00, 0x00, 0x0B, 0x00, 0x00, 0x00, 0x00,
  0x00, 0x00, 0x00, 0x00, 0x00, 0x00, 0x00, 0xFA, 0x00, 0x00, 0x00, 0x0B, 0x00, 0x00, 0x00, 0x08,
  0x00, 0x00, 0x00, 0x08, 0x00, 0x00, 0x00, 0x0B, 0x00, 0x00, 0x00, 0x00, 0x00, 0x00, 0x00, 0x00,
  0x00, 0x00, 0x00, 0xFD, 0x00, 0x00, 0x00, 0x0E, 0x00, 0x00, 0x00, 0x08, 0x00, 0x00, 0x00, 0x08,
  0x00, 0x00, 0x00, 0x0B, 0x00, 0x00, 0x00, 0x00, 0x00, 0x00, 0x00, 0x00, 0x00, 0x00, 0x01, 0x02,
  0x00, 0x00, 0x00, 0x0E, 0x00, 0x00, 0x00, 0x0C, 0x00, 0x00, 0x00, 0x0A, 0x00, 0x00, 0x00, 0x0E,
  0xFF, 0xFF, 0xFF, 0xFF, 0x00, 0x00, 0x00, 0x00, 0x00, 0x00, 0x01, 0x03, 0x00, 0x00, 0x00, 0x0B,
  0x00, 0x00, 0x00, 0x08, 0x00, 0x00, 0x00, 0x08, 0x00, 0x00, 0x00, 0x0B, 0x00, 0x00, 0x00, 0x00,
  0x00, 0x00, 0x00, 0x00, 0x00, 0x00, 0x01, 0x10, 0x00, 0x00, 0x00, 0x0B, 0x00, 0x00, 0x00, 0x0C,
  0x00, 0x00, 0x00, 0x0B, 0x00, 0x00, 0x00, 0x0B, 0xFF, 0xFF, 0xFF, 0xFF, 0x00, 0x00, 0x00, 0x00,
  0x00, 0x00, 0x01, 0x11, 0x00, 0x00, 0x00, 0x0B, 0x00, 0x00, 0x00, 0x09, 0x00, 0x00, 0x00, 0x08,
  0x00, 0x00, 0x00, 0x0B, 0x00, 0x00, 0x00, 0x00, 0x00, 0x00, 0x00, 0x00, 0x00, 0x00, 0x01, 0x28,
  0x00, 0x00, 0x00, 0x0E, 0x00, 0x00, 0x00, 0x06, 0x00, 0x00, 0x00, 0x04, 0x00, 0x00, 0x00, 0x0E,
  0xFF, 0xFF, 0xFF, 0xFF, 0x00, 0x00, 0x00, 0x00, 0x00, 0x00, 0x01, 0x29, 0x00, 0x00, 0x00, 0x0B,
  0x00, 0x00, 0x00, 0x06, 0x00, 0x00, 0x00, 0x04, 0x00, 0x00, 0x00, 0x0B, 0xFF, 0xFF, 0xFF, 0xFF,
  0x00, 0x00, 0x00, 0x00, 0x00, 0x00, 0x01, 0x68, 0x00, 0x00, 0x00, 0x0E, 0x00, 0x00, 0x00, 0x0B,
  0x00, 0x00, 0x00, 0x0B, 0x00, 0x00, 0x00, 0x0E, 0x00, 0x00, 0x00, 0x00, 0x00, 0x00, 0x00, 0x00,
  0x00, 0x00, 0x01, 0x69, 0x00, 0x00, 0x00, 0x0B, 0x00, 0x00, 0x00, 0x08, 0x00, 0x00, 0x00, 0x08,
  0x00, 0x00, 0x00, 0x0B, 0x00, 0x00, 0x00, 0x00, 0x00, 0x00, 0x00, 0x00, 0x00, 0x00, 0x01, 0xA0,
  0x00, 0x00, 0x00, 0x0B, 0x00, 0x00, 0x00, 0x0D, 0x00, 0x00, 0x00, 0x0D, 0x00, 0x00, 0x00, 0x0B,
  0x00, 0x00, 0x00, 0x00, 0x00, 0x00, 0x00, 0x00, 0x00, 0x00, 0x01, 0xA1, 0x00, 0x00, 0x00, 0x08,
  0x00, 0x00, 0x00, 0x0A, 0x00, 0x00, 0x00, 0x0A, 0x00, 0x00, 0x00, 0x08, 0x00, 0x00, 0x00, 0x00,
  0x00, 0x00, 0x00, 0x00, 0x00, 0x00, 0x01, 0xAF, 0x00, 0x00, 0x00, 0x0B, 0x00, 0x00, 0x00, 0x0D,
  0x00, 0x00, 0x00, 0x0D, 0x00, 0x00, 0x00, 0x0B, 0x00, 0x00, 0x00, 0x00, 0x00, 0x00, 0x00, 0x00,
  0x00, 0x00, 0x01, 0xB0, 0x00, 0x00, 0x00, 0x08, 0x00, 0x00, 0x00, 0x0A, 0x00, 0x00, 0x00, 0x0A,
  0x00, 0x00, 0x00, 0x08, 0x00, 0x00, 0x00, 0x00, 0x00, 0x00, 0x00, 0x00, 0x00, 0x00, 0x1E, 0xA0,
  0x00, 0x00, 0x00, 0x0D, 0x00, 0x00, 0x00, 0x0C, 0x00, 0x00, 0x00, 0x0A, 0x00, 0x00, 0x00, 0x0B,
  0xFF, 0xFF, 0xFF, 0xFF, 0x00, 0x00, 0x00, 0x00, 0x00, 0x00, 0x1E, 0xA1, 0x00, 0x00, 0x00, 0x0A,
  0x00, 0x00, 0x00, 0x08, 0x00, 0x00, 0x00, 0x08, 0x00, 0x00, 0x00, 0x08, 0x00, 0x00, 0x00, 0x00,
  0x00, 0x00, 0x00, 0x00, 0x00, 0x00, 0x1E, 0xA2, 0x00, 0x00, 0x00, 0x0F, 0x00, 0x00, 0x00, 0x0C,
  0x00, 0x00, 0x00, 0x0A, 0x00, 0x00, 0x00, 0x0F, 0xFF, 0xFF, 0xFF, 0xFF, 0x00, 0x00, 0x00, 0x00,
  0x00, 0x00, 0x1E, 0xA3, 0x00, 0x00, 0x00, 0x0C, 0x00, 0x00, 0x00, 0x08, 0x00, 0x00, 0x00, 0x08,
  0x00, 0x00, 0x00, 0x0C, 0x00, 0x00, 0x00, 0x00, 0x00, 0x00, 0x00, 0x00, 0x00, 0x00, 0x1E, 0xA4,
  0x00, 0x00, 0x00, 0x0E, 0x00, 0x00, 0x00, 0x0C, 0x00, 0x00, 0x00, 0x0A, 0x00, 0x00, 0x00, 0x0E,
  0xFF, 0xFF, 0xFF, 0xFF, 0x00, 0x00, 0x00, 0x00, 0x00, 0x00, 0x1E, 0xA5, 0x00, 0x00, 0x00, 0x0E,
  0x00, 0x00, 0x00, 0x08, 0x00, 0x00, 0x00, 0x08, 0x00, 0x00, 0x00, 0x0E, 0x00, 0x00, 0x00, 0x00,
  0x00, 0x00, 0x00, 0x00, 0x00, 0x00, 0x1E, 0xA6, 0x00, 0x00, 0x00, 0x0E, 0x00, 0x00, 0x00, 0x0C,
  0x00, 0x00, 0x00, 0x0A, 0x00, 0x00, 0x00, 0x0E, 0xFF, 0xFF, 0xFF, 0xFF, 0x00, 0x00, 0x00, 0x00,
  0x00, 0x00, 0x1E, 0xA7, 0x00, 0x00, 0x00, 0x0E, 0x00, 0x00, 0x00, 0x08, 0x00, 0x00, 0x00, 0x08,
  0x00, 0x00, 0x00, 0x0E, 0x00, 0x00, 0x00, 0x00, 0x00, 0x00, 0x00, 0x00, 0x00, 0x00, 0x1E, 0xA8,
  0x00, 0x00, 0x00, 0x0F, 0x00, 0x00, 0x00, 0x0C, 0x00, 0x00, 0x00, 0x0A, 0x00, 0x00, 0x00, 0x0F,
  0xFF, 0xFF, 0xFF, 0xFF, 0x00, 0x00, 0x00, 0x00, 0x00, 0x00, 0x1E, 0xA9, 0x00, 0x00, 0x00, 0x0F,
  0x00, 0x00, 0x00, 0x08, 0x00, 0x00, 0x00, 0x08, 0x00, 0x00, 0x00, 0x0F, 0x00, 0x00, 0x00, 0x00,
  0x00, 0x00, 0x00, 0x00, 0x00, 0x00, 0x1E, 0xAA, 0x00, 0x00, 0x00, 0x0E, 0x00, 0x00, 0x00, 0x0C,
  0x00, 0x00, 0x00, 0x0A, 0x00, 0x00, 0x00, 0x0E, 0xFF, 0xFF, 0xFF, 0xFF, 0x00, 0x00, 0x00, 0x00,
  0x00, 0x00, 0x1E, 0xAB, 0x00, 0x00, 0x00, 0x0E, 0x00, 0x00, 0x00, 0x08, 0x00, 0x00, 0x00, 0x08,
  0x00, 0x00, 0x00, 0x0E, 0x00, 0x00, 0x00, 0x00, 0x00, 0x00, 0x00, 0x00, 0x00, 0x00, 0x1E, 0xAC,
  0x00, 0x00, 0x00, 0x10, 0x00, 0x00, 0x00, 0x0C, 0x00, 0x00, 0x00, 0x0A, 0x00, 0x00, 0x00, 0x0E,
  0xFF, 0xFF, 0xFF, 0xFF, 0x00, 0x00, 0x00, 0x00, 0x00, 0x00, 0x1E, 0xAD, 0x00, 0x00, 0x00, 0x0D,
  0x00, 0x00, 0x00, 0x08, 0x00, 0x00, 0x00, 0x08, 0x00, 0x00, 0x00, 0x0B, 0x00, 0x00, 0x00, 0x00,
  0x00, 0x00, 0x00, 0x00, 0x00, 0x00, 0x1E, 0xAE, 0x00, 0x00, 0x00, 0x0E, 0x00, 0x00, 0x00, 0x0C,
  0x00, 0x00, 0x00, 0x0A, 0x00, 0x00, 0x00, 0x0E, 0xFF, 0xFF, 0xFF, 0xFF, 0x00, 0x00, 0x00, 0x00,
  0x00, 0x00, 0x1E, 0xAF, 0x00, 0x00, 0x00, 0x0E, 0x00, 0x00, 0x00, 0x08, 0x00, 0x00, 0x00, 0x08,
  0x00, 0x00, 0x00, 0x0E, 0x00, 0x00, 0x00, 0x00, 0x00, 0x00, 0x00, 0x00, 0x00, 0x00, 0x1E, 0xB0,
  0x00, 0x00, 0x00, 0x0E, 0x00, 0x00, 0x00, 0x0C, 0x00, 0x00, 0x00, 0x0A, 0x00, 0x00, 0x00, 0x0E,
  0xFF, 0xFF, 0xFF, 0xFF, 0x00, 0x00, 0x00, 0x00, 0x00, 0x00, 0x1E, 0xB1, 0x00, 0x00, 0x00, 0x0E,
  0x00, 0x00, 0x00, 0x08, 0x00, 0x00, 0x00, 0x08, 0x00, 0x00, 0x00, 0x0E, 0x00, 0x00, 0x00, 0x00,
  0x00, 0x00, 0x00, 0x00, 0x00, 0x00, 0x1E, 0xB2, 0x00, 0x00, 0x00, 0x0F, 0x00, 0x00, 0x00, 0x0C,
  0x00, 0x00, 0x00, 0x0A, 0x00, 0x00, 0x00, 0x0F, 0xFF, 0xFF, 0xFF, 0xFF, 0x00, 0x00, 0x00, 0x00,
  0x00, 0x00, 0x1E, 0xB3, 0x00, 0x00, 0x00, 0x0F, 0x00, 0x00, 0x00, 0x08, 0x00, 0x00, 0x00, 0x08,
  0x00, 0x00, 0x00, 0x0F, 0x00, 0x00, 0x00, 0x00, 0x00, 0x00, 0x00, 0x00, 0x00, 0x00, 0x1E, 0xB4,
  0x00, 0x00, 0x00, 0x0E, 0x00, 0x00, 0x00, 0x0C, 0x00, 0x00, 0x00, 0x0A, 0x00, 0x00, 0x00, 0x0E,
  0xFF, 0xFF, 0xFF, 0xFF, 0x00, 0x00, 0x00, 0x00, 0x00, 0x00, 0x1E, 0xB5, 0x00, 0x00, 0x00, 0x0E,
  0x00, 0x00, 0x00, 0x08, 0x00, 0x00, 0x00, 0x08, 0x00, 0x00, 0x00, 0x0E, 0x00, 0x00, 0x00, 0x00,
  0x00, 0x00, 0x00, 0x00, 0x00, 0x00, 0x1E, 0xB6, 0x00, 0x00, 0x00, 0x10, 0x00, 0x00, 0x00, 0x0C,
  0x00, 0x00, 0x00, 0x0A, 0x00, 0x00, 0x00, 0x0E, 0xFF, 0xFF, 0xFF, 0xFF, 0x00, 0x00, 0x00, 0x00,
  0x00, 0x00, 0x1E, 0xB7, 0x00, 0x00, 0x00, 0x0D, 0x00, 0x00, 0x00, 0x08, 0x00, 0x00, 0x00, 0x08,
  0x00, 0x00, 0x00, 0x0B, 0x00, 0x00, 0x00, 0x00, 0x00, 0x00, 0x00, 0x00, 0x00, 0x00, 0x1E, 0xB8,
  0x00, 0x00, 0x00, 0x0D, 0x00, 0x00, 0x00, 0x0A, 0x00, 0x00, 0x00, 0x0A, 0x00, 0x00, 0x00, 0x0B,
  0x00, 0x00, 0x00, 0x00, 0x00, 0x00, 0x00, 0x00, 0x00, 0x00, 0x1E, 0xB9, 0x00, 0x00, 0x00, 0x0A,
  0x00, 0x00, 0x00, 0x08, 0x00, 0x00, 0x00, 0x08, 0x00, 0x00, 0x00, 0x08, 0x00, 0x00, 0x00, 0x00,
  0x00, 0x00, 0x00, 0x00, 0x00, 0x00, 0x1E, 0xBA, 0x00, 0x00, 0x00, 0x0F, 0x00, 0x00, 0x00, 0x0A,
  0x00, 0x00, 0x00, 0x0A, 0x00, 0x00, 0x00, 0x0F, 0x00, 0x00, 0x00, 0x00, 0x00, 0x00, 0x00, 0x00,
  0x00, 0x00, 0x1E, 0xBB, 0x00, 0x00, 0x00, 0x0C, 0x00, 0x00, 0x00, 0x08, 0x00, 0x00, 0x00, 0x08,
  0x00, 0x00, 0x00, 0x0C, 0x00, 0x00, 0x00, 0x00, 0x00, 0x00, 0x00, 0x00, 0x00, 0x00, 0x1E, 0xBC,
  0x00, 0x00, 0x00, 0x0E, 0x00, 0x00, 0x00, 0x0A, 0x00, 0x00, 0x00, 0x0A, 0x00, 0x00, 0x00, 0x0E,
  0x00, 0x00, 0x00, 0x00, 0x00, 0x00, 0x00, 0x00, 0x00, 0x00, 0x1E, 0xBD, 0x00, 0x00, 0x00, 0x0B,
  0x00, 0x00, 0x00, 0x08, 0x00, 0x00, 0x00, 0x08, 0x00, 0x00, 0x00, 0x0B, 0x00, 0x00, 0x00, 0x00,
  0x00, 0x00, 0x00, 0x00, 0x00, 0x00, 0x1E, 0xBE, 0x00, 0x00, 0x00, 0x0E, 0x00, 0x00, 0x00, 0x0A,
  0x00, 0x00, 0x00, 0x0A, 0x00, 0x00, 0x00, 0x0E, 0x00, 0x00, 0x00, 0x00, 0x00, 0x00, 0x00, 0x00,
  0x00, 0x00, 0x1E, 0xBF, 0x00, 0x00, 0x00, 0x0E, 0x00, 0x00, 0x00, 0x08, 0x00, 0x00, 0x00, 0x08,
  0x00, 0x00, 0x00, 0x0E, 0x00, 0x00, 0x00, 0x00, 0x00, 0x00, 0x00, 0x00, 0x00, 0x00, 0x1E, 0xC0,
  0x00, 0x00, 0x00, 0x0E, 0x00, 0x00, 0x00, 0x0A, 0x00, 0x00, 0x00, 0x0A, 0x00, 0x00, 0x00, 0x0E,
  0x00, 0x00, 0x00, 0x00, 0x00, 0x00, 0x00, 0x00, 0x00, 0x00, 0x1E, 0xC1, 0x00, 0x00, 0x00, 0x0E,
  0x00, 0x00, 0x00, 0x08, 0x00, 0x00, 0x00, 0x08, 0x00, 0x00, 0x00, 0x0E, 0x00, 0x00, 0x00, 0x00,
  0x00, 0x00, 0x00, 0x00, 0x00, 0x00, 0x1E, 0xC2, 0x00, 0x00, 0x00, 0x0F, 0x00, 0x00, 0x00, 0x0A,
  0x00, 0x00, 0x00, 0x0A, 0x00, 0x00, 0x00, 0x0F, 0x00, 0x00, 0x00, 0x00, 0x00, 0x00, 0x00, 0x00,
  0x00, 0x00, 0x1E, 0xC3, 0x00, 0x00, 0x00, 0x0F, 0x00, 0x00, 0x00, 0x08, 0x00, 0x00, 0x00, 0x08,
  0x00, 0x00, 0x00, 0x0F, 0x00, 0x00, 0x00, 0x00, 0x00, 0x00, 0x00, 0x00, 0x00, 0x00, 0x1E, 0xC4,
  0x00, 0x00, 0x00, 0x0E, 0x00, 0x00, 0x00, 0x0A, 0x00, 0x00, 0x00, 0x0A, 0x00, 0x00, 0x00, 0x0E,
  0x00, 0x00, 0x00, 0x00, 0x00, 0x00, 0x00, 0x00, 0x00, 0x00, 0x1E, 0xC5, 0x00, 0x00, 0x00, 0x0E,
  0x00, 0x00, 0x00, 0x08, 0x00, 0x00, 0x00, 0x08, 0x00, 0x00, 0x00, 0x0E, 0x00, 0x00, 0x00, 0x00,
  0x00, 0x00, 0x00, 0x00, 0x00, 0x00, 0x1E, 0xC6, 0x00, 0x00, 0x00, 0x10, 0x00, 0x00, 0x00, 0x0A,
  0x00, 0x00, 0x00, 0x0A, 0x00, 0x00, 0x00, 0x0E, 0x00, 0x00, 0x00, 0x00, 0x00, 0x00, 0x00, 0x00,
  0x00, 0x00, 0x1E, 0xC7, 0x00, 0x00, 0x00, 0x0D, 0x00, 0x00, 0x00, 0x08, 0x00, 0x00, 0x00, 0x08,
  0x00, 0x00, 0x00, 0x0B, 0x00, 0x00, 0x00, 0x00, 0x00, 0x00, 0x00, 0x00, 0x00, 0x00, 0x1E, 0xC8,
  0x00, 0x00, 0x00, 0x0F, 0x00, 0x00, 0x00, 0x04, 0x00, 0x00, 0x00, 0x04, 0x00, 0x00, 0x00, 0x0F,
  0x00, 0x00, 0x00, 0x00, 0x00, 0x00, 0x00, 0x00, 0x00, 0x00, 0x1E, 0xC9, 0x00, 0x00, 0x00, 0x0C,
  0x00, 0x00, 0x00, 0x04, 0x00, 0x00, 0x00, 0x03, 0x00, 0x00, 0x00, 0x0C, 0x00, 0x00, 0x00, 0x00,
  0x00, 0x00, 0x00, 0x00, 0x00, 0x00, 0x1E, 0xCA, 0x00, 0x00, 0x00, 0x0D, 0x00, 0x00, 0x00, 0x04,
  0x00, 0x00, 0x00, 0x04, 0x00, 0x00, 0x00, 0x0B, 0x00, 0x00, 0x00, 0x00, 0x00, 0x00, 0x00, 0x00,
  0x00, 0x00, 0x1E, 0xCB, 0x00, 0x00, 0x00, 0x0D, 0x00, 0x00, 0x00, 0x03, 0x00, 0x00, 0x00, 0x03,
  0x00, 0x00, 0x00, 0x0B, 0x00, 0x00, 0x00, 0x00, 0x00, 0x00, 0x00, 0x00, 0x00, 0x00, 0x1E, 0xCC,
  0x00, 0x00, 0x00, 0x0D, 0x00, 0x00, 0x00, 0x0C, 0x00, 0x00, 0x00, 0x0C, 0x00, 0x00, 0x00, 0x0B,
  0x00, 0x00, 0x00, 0x00, 0x00, 0x00, 0x00, 0x00, 0x00, 0x00, 0x1E, 0xCD, 0x00, 0x00, 0x00, 0x0A,
  0x00, 0x00, 0x00, 0x08, 0x00, 0x00, 0x00, 0x08, 0x00, 0x00, 0x00, 0x08, 0x00, 0x00, 0x00, 0x00,
  0x00, 0x00, 0x00, 0x00, 0x00, 0x00, 0x1E, 0xCE, 0x00, 0x00, 0x00, 0x0F, 0x00, 0x00, 0x00, 0x0C,
  0x00, 0x00, 0x00, 0x0C, 0x00, 0x00, 0x00, 0x0F, 0x00, 0x00, 0x00, 0x00, 0x00, 0x00, 0x00, 0x00,
  0x00, 0x00, 0x1E, 0xCF, 0x00, 0x00, 0x00, 0x0C, 0x00, 0x00, 0x00, 0x08, 0x00, 0x00, 0x00, 0x08,
  0x00, 0x00, 0x00, 0x0C, 0x00, 0x00, 0x00, 0x00, 0x00, 0x00, 0x00, 0x00, 0x00, 0x00, 0x1E, 0xD0,
  0x00, 0x00, 0x00, 0x0E, 0x00, 0x00, 0x00, 0x0C, 0x00, 0x00, 0x00, 0x0C, 0x00, 0x00, 0x00, 0x0E,
  0x00, 0x00, 0x00, 0x00, 0x00, 0x00, 0x00, 0x00, 0x00, 0x00, 0x1E, 0xD1, 0x00, 0x00, 0x00, 0x0E,
  0x00, 0x00, 0x00, 0x08, 0x00, 0x00, 0x00, 0x08, 0x00, 0x00, 0x00, 0x0E, 0x00, 0x00, 0x00, 0x00,
  0x00, 0x00, 0x00, 0x00, 0x00, 0x00, 0x1E, 0xD2, 0x00, 0x00, 0x00, 0x0E, 0x00, 0x00, 0x00, 0x0C,
  0x00, 0x00, 0x00, 0x0C, 0x00, 0x00, 0x00, 0x0E, 0x00, 0x00, 0x00, 0x00, 0x00, 0x00, 0x00, 0x00,
  0x00, 0x00, 0x1E, 0xD3, 0x00, 0x00, 0x00, 0x0E, 0x00, 0x00, 0x00, 0x08, 0x00, 0x00, 0x00, 0x08,
  0x00, 0x00, 0x00, 0x0E, 0x00, 0x00, 0x00, 0x00, 0x00, 0x00, 0x00, 0x00, 0x00, 0x00, 0x1E, 0xD4,
  0x00, 0x00, 0x00, 0x0F, 0x00, 0x00, 0x00, 0x0C, 0x00, 0x00, 0x00, 0x0C, 0x00, 0x00, 0x00, 0x0F,
  0x00, 0x00, 0x00, 0x00, 0x00, 0x00, 0x00, 0x00, 0x00, 0x00, 0x1E, 0xD5, 0x00, 0x00, 0x00, 0x0F,
  0x00, 0x00, 0x00, 0x08, 0x00, 0x00, 0x00, 0x08, 0x00, 0x00, 0x00, 0x0F, 0x00, 0x00, 0x00, 0x00,
  0x00, 0x00, 0x00, 0x00, 0x00, 0x00, 0x1E, 0xD6, 0x00, 0x00, 0x00, 0x0E, 0x00, 0x00, 0x00, 0x0C,
  0x00, 0x00, 0x00, 0x0C, 0x00, 0x00, 0x00, 0x0E, 0x00, 0x00, 0x00, 0x00, 0x00, 0x00, 0x00, 0x00,
  0x00, 0x00, 0x1E, 0xD7, 0x00, 0x00, 0x00, 0x0E, 0x00, 0x00, 0x00, 0x08, 0x00, 0x00, 0x00, 0x08,
  0x00, 0x00, 0x00, 0x0E, 0x00, 0x00, 0x00, 0x00, 0x00, 0x00, 0x00, 0x00, 0x00, 0x00, 0x1E, 0xD8,
  0x00, 0x00, 0x00, 0x10, 0x00, 0x00, 0x00, 0x0C, 0x00, 0x00, 0x00, 0x0C, 0x00, 0x00, 0x00, 0x0E,
  0x00, 0x00, 0x00, 0x00, 0x00, 0x00, 0x00, 0x00, 0x00, 0x00, 0x1E, 0xD9, 0x00, 0x00, 0x00, 0x0D,
  0x00, 0x00, 0x00, 0x08, 0x00, 0x00, 0x00, 0x08, 0x00, 0x00, 0x00, 0x0B, 0x00, 0x00, 0x00, 0x00,
  0x00, 0x00, 0x00, 0x00, 0x00, 0x00, 0x1E, 0xDA, 0x00, 0x00, 0x00, 0x0E, 0x00, 0x00, 0x00, 0x0D,
  0x00, 0x00, 0x00, 0x0D, 0x00, 0x00, 0x00, 0x0E, 0x00, 0x00, 0x00, 0x00, 0x00, 0x00, 0x00, 0x00,
  0x00, 0x00, 0x1E, 0xDB, 0x00, 0x00, 0x00, 0x0B, 0x00, 0x00, 0x00, 0x0A, 0x00, 0x00, 0x00, 0x0A,
  0x00, 0x00, 0x00, 0x0B, 0x00, 0x00, 0x00, 0x00, 0x00, 0x00, 0x00, 0x00, 0x00, 0x00, 0x1E, 0xDC,
  0x00, 0x00, 0x00, 0x0E, 0x00, 0x00, 0x00, 0x0D, 0x00, 0x00, 0x00, 0x0D, 0x00, 0x00, 0x00, 0x0E,
  0x00, 0x00, 0x00, 0x00, 0x00, 0x00, 0x00, 0x00, 0x00, 0x00, 0x1E, 0xDD, 0x00, 0x00, 0x00, 0x0B,
  0x00, 0x00, 0x00, 0x0A, 0x00, 0x00, 0x00, 0x0A, 0x00, 0x00, 0x00, 0x0B, 0x00, 0x00, 0x00, 0x00,
  0x00, 0x00, 0x00, 0x00, 0x00, 0x00, 0x1E, 0xDE, 0x00, 0x00, 0x00, 0x0F, 0x00, 0x00, 0x00, 0x0D,
  0x00, 0x00, 0x00, 0x0D, 0x00, 0x00, 0x00, 0x0F, 0x00, 0x00, 0x00, 0x00, 0x00, 0x00, 0x00, 0x00,
  0x00, 0x00, 0x1E, 0xDF, 0x00, 0x00, 0x00, 0x0C, 0x00, 0x00, 0x00, 0x0A, 0x00, 0x00, 0x00, 0x0A,
  0x00, 0x00, 0x00, 0x0C, 0x00, 0x00, 0x00, 0x00, 0x00, 0x00, 0x00, 0x00, 0x00, 0x00, 0x1E, 0xE0,
  0x00, 0x00, 0x00, 0x0E, 0x00, 0x00, 0x00, 0x0D, 0x00, 0x00, 0x00, 0x0D, 0x00, 0x00, 0x00, 0x0E,
  0x00, 0x00, 0x00, 0x00, 0x00, 0x00, 0x00, 0x00, 0x00, 0x00, 0x1E, 0xE1, 0x00, 0x00, 0x00, 0x0B,
  0x00, 0x00, 0x00, 0x0A, 0x00, 0x00, 0x00, 0x0A, 0x00, 0x00, 0x00, 0x0B, 0x00, 0x00, 0x00, 0x00,
  0x00, 0x00, 0x00, 0x00, 0x00, 0x00, 0x1E, 0xE2, 0x00, 0x00, 0x00, 0x0D, 0x00, 0x00, 0x00, 0x0D,
  0x00, 0x00, 0x00, 0x0D, 0x00, 0x00, 0x00, 0x0B, 0x00, 0x00, 0x00, 0x00, 0x00, 0x00, 0x00, 0x00,
  0x00, 0x00, 0x1E, 0xE3, 0x00, 0x00, 0x00, 0x0A, 0x00, 0x00, 0x00, 0x0A, 0x00, 0x00, 0x00, 0x0A,
  0x00, 0x00, 0x00, 0x08, 0x00, 0x00, 0x00, 0x00, 0x00, 0x00, 0x00, 0x00, 0x00, 0x00, 0x1E, 0xE4,
  0x00, 0x00, 0x00, 0x0D, 0x00, 0x00, 0x00, 0x0B, 0x00, 0x00, 0x00, 0x0B, 0x00, 0x00, 0x00, 0x0B,
  0x00, 0x00, 0x00, 0x00, 0x00, 0x00, 0x00, 0x00, 0x00, 0x00, 0x1E, 0xE5, 0x00, 0x00, 0x00, 0x0A,
  0x00, 0x00, 0x00, 0x08, 0x00, 0x00, 0x00, 0x08, 0x00, 0x00, 0x00, 0x08, 0x00, 0x00, 0x00, 0x00,
  0x00, 0x00, 0x00, 0x00, 0x00, 0x00, 0x1E, 0xE6, 0x00, 0x00, 0x00, 0x0F, 0x00, 0x00, 0x00, 0x0B,
  0x00, 0x00, 0x00, 0x0B, 0x00, 0x00, 0x00, 0x0F, 0x00, 0x00, 0x00, 0x00, 0x00, 0x00, 0x00, 0x00,
  0x00, 0x00, 0x1E, 0xE7, 0x00, 0x00, 0x00, 0x0C, 0x00, 0x00, 0x00, 0x08, 0x00, 0x00, 0x00, 0x08,
  0x00, 0x00, 0x00, 0x0C, 0x00, 0x00, 0x00, 0x00, 0x00, 0x00, 0x00, 0x00, 0x00, 0x00, 0x1E, 0xE8,
  0x00, 0x00, 0x00, 0x0E, 0x00, 0x00, 0x00, 0x0D, 0x00, 0x00, 0x00, 0x0D, 0x00, 0x00, 0x00, 0x0E,
  0x00, 0x00, 0x00, 0x00, 0x00, 0x00, 0x00, 0x00, 0x00, 0x00, 0x1E, 0xE9, 0x00, 0x00, 0x00, 0x0B,
  0x00, 0x00, 0x00, 0x0A, 0x00, 0x00, 0x00, 0x0A, 0x00, 0x00, 0x00, 0x0B, 0x00, 0x00, 0x00, 0x00,
  0x00, 0x00, 0x00, 0x00, 0x00, 0x00, 0x1E, 0xEA, 0x00, 0x00, 0x00, 0x0E, 0x00, 0x00, 0x00, 0x0D,
  0x00, 0x00, 0x00, 0x0D, 0x00, 0x00, 0x00, 0x0E, 0x00, 0x00, 0x00, 0x00, 0x00, 0x00, 0x00, 0x00,
  0x00, 0x00, 0x1E, 0xEB, 0x00, 0x00, 0x00, 0x0B, 0x00, 0x00, 0x00, 0x0A, 0x00, 0x00, 0x00, 0x0A,
  0x00, 0x00, 0x00, 0x0B, 0x00, 0x00, 0x00, 0x00, 0x00, 0x00, 0x00, 0x00, 0x00, 0x00, 0x1E, 0xEC,
  0x00, 0x00, 0x00, 0x0F, 0x00, 0x00, 0x00, 0x0D, 0x00, 0x00, 0x00, 0x0D, 0x00, 0x00, 0x00, 0x0F,
  0x00, 0x00, 0x00, 0x00, 0x00, 0x00, 0x00, 0x00, 0x00, 0x00, 0x1E, 0xED, 0x00, 0x00, 0x00, 0x0C,
  0x00, 0x00, 0x00, 0x0A, 0x00, 0x00, 0x00, 0x0A, 0x00, 0x00, 0x00, 0x0C, 0x00, 0x00, 0x00, 0x00,
  0x00, 0x00, 0x00, 0x00, 0x00, 0x00, 0x1E, 0xEE, 0x00, 0x00, 0x00, 0x0E, 0x00, 0x00, 0x00, 0x0D,
  0x00, 0x00, 0x00, 0x0D, 0x00, 0x00, 0x00, 0x0E, 0x00, 0x00, 0x00, 0x00, 0x00, 0x00, 0x00, 0x00,
  0x00, 0x00, 0x1E, 0xEF, 0x00, 0x00, 0x00, 0x0B, 0x00, 0x00, 0x00, 0x0A, 0x00, 0x00, 0x00, 0x0A,
  0x00, 0x00, 0x00, 0x0B, 0x00, 0x00, 0x00, 0x00, 0x00, 0x00, 0x00, 0x00, 0x00, 0x00, 0x1E, 0xF0,
  0x00, 0x00, 0x00, 0x0D, 0x00, 0x00, 0x00, 0x0D, 0x00, 0x00, 0x00, 0x0D, 0x00, 0x00, 0x00, 0x0B,
  0x00, 0x00, 0x00, 0x00, 0x00, 0x00, 0x00, 0x00, 0x00, 0x00, 0x1E, 0xF1, 0x00, 0x00, 0x00, 0x0A,
  0x00, 0x00, 0x00, 0x0A, 0x00, 0x00, 0x00, 0x0A, 0x00, 0x00, 0x00, 0x08, 0x00, 0x00, 0x00, 0x00,
  0x00, 0x00, 0x00, 0x00, 0x00, 0x00, 0x1E, 0xF2, 0x00, 0x00, 0x00, 0x0E, 0x00, 0x00, 0x00, 0x0A,
  0x00, 0x00, 0x00, 0x0A, 0x00, 0x00, 0x00, 0x0E, 0x00, 0x00, 0x00, 0x00, 0x00, 0x00, 0x00, 0x00,
  0x00, 0x00, 0x1E, 0xF3, 0x00, 0x00, 0x00, 0x0E, 0x00, 0x00, 0x00, 0x08, 0x00, 0x00, 0x00, 0x08,
  0x00, 0x00, 0x00, 0x0B, 0x00, 0x00, 0x00, 0x00, 0x00, 0x00, 0x00, 0x00, 0x00, 0x00, 0x1E, 0xF4,
  0x00, 0x00, 0x00, 0x0D, 0x00, 0x00, 0x00, 0x0A, 0x00, 0x00, 0x00, 0x0A, 0x00, 0x00, 0x00, 0x0B,
  0x00, 0x00, 0x00, 0x00, 0x00, 0x00, 0x00, 0x00, 0x00, 0x00, 0x1E, 0xF5, 0x00, 0x00, 0x00, 0x0B,
  0x00, 0x00, 0x00, 0x08, 0x00, 0x00, 0x00, 0x08, 0x00, 0x00, 0x00, 0x08, 0x00, 0x00, 0x00, 0x00,
  0x00, 0x00, 0x00, 0x00, 0x00, 0x00, 0x1E, 0xF6, 0x00, 0x00, 0x00, 0x0F, 0x00, 0x00, 0x00, 0x0A,
  0x00, 0x00, 0x00, 0x0A, 0x00, 0x00, 0x00, 0x0F, 0x00, 0x00, 0x00, 0x00, 0x00, 0x00, 0x00, 0x00,
  0x00, 0x00, 0x1E, 0xF7, 0x00, 0x00, 0x00, 0x0F, 0x00, 0x00, 0x00, 0x08, 0x00, 0x00, 0x00, 0x08,
  0x00, 0x00, 0x00, 0x0C, 0x00, 0x00, 0x00, 0x00, 0x00, 0x00, 0x00, 0x00, 0x00, 0x00, 0x1E, 0xF8,
  0x00, 0x00, 0x00, 0x0E, 0x00, 0x00, 0x00, 0x0A, 0x00, 0x00, 0x00, 0x0A, 0x00, 0x00, 0x00, 0x0E,
  0x00, 0x00, 0x00, 0x00, 0x00, 0x00, 0x00, 0x00, 0x00, 0x00, 0x1E, 0xF9, 0x00, 0x00, 0x00, 0x0E,
  0x00, 0x00, 0x00, 0x08, 0x00, 0x00, 0x00, 0x08, 0x00, 0x00, 0x00, 0x0B, 0x00, 0x00, 0x00, 0x00,
  0x00, 0x00, 0x00, 0x00, 0x00, 0xB4, 0xEC, 0x00, 0x00, 0xB4, 0xEC, 0x00, 0x00, 0xB3, 0xEA, 0x00,
  0x00, 0xA7, 0xDE, 0x00, 0x00, 0x97, 0xCF, 0x00, 0x00, 0x88, 0xC0, 0x00, 0x00, 0x78, 0xB1, 0x00,
  0x00, 0x68, 0xA2, 0x00, 0x00, 0x58, 0x93, 0x00, 0x00, 0x00, 0x00, 0x00, 0x00, 0xA8, 0xDC, 0x00,
  0x50, 0xFF, 0x30, 0xE0, 0xA0, 0x4F, 0xFF, 0x2F, 0xDF, 0x9F, 0x33, 0xFF, 0x15, 0xC4, 0x83, 0x09,
  0xEC, 0x00, 0x99, 0x59, 0x00, 0x00, 0x00, 0x00, 0x00, 0x00, 0x00, 0x00, 0x00, 0x00, 0x00, 0x00,
  0x00, 0x00, 0x00, 0x00, 0x00, 0x00, 0x00, 0x00, 0x00, 0x00, 0x00, 0x00, 0x00, 0x00, 0x00, 0x00,
  0x00, 0x00, 0x00, 0x00, 0x00, 0x00, 0x00, 0x00, 0x00, 0x17, 0xFA, 0x07, 0x00, 0xAF, 0x69, 0x00,
  0x00, 0x00, 0x4C, 0xCD, 0x00, 0x00, 0xE4, 0x35, 0x00, 0x00, 0x00, 0x81, 0x99, 0x00, 0x19, 0xFA,
  0x07, 0x00, 0xD8, 0xFF, 0xFF, 0xFF, 0xFF, 0xFF, 0xFF, 0xFF, 0x28, 0x00, 0x00, 0xEA, 0x30, 0x00,
  0x83, 0x98, 0x00, 0x00, 0x00, 0x1F, 0xF7, 0x04, 0x00, 0xB7, 0x63, 0x00, 0x00, 0x00, 0x52, 0xC6,
  0x00, 0x00, 0xEA, 0x2E, 0x00, 0x00, 0xD8, 0xFF, 0xFF, 0xFF, 0xFF, 0xFF, 0xFF, 0xFF, 0x28, 0x00,
  0xBB, 0x5D, 0x00, 0x53, 0xC5, 0x00, 0x00, 0x00, 0x01, 0xEF, 0x29, 0x00, 0x88, 0x91, 0x00, 0x00,
  0x00, 0x25, 0xF3, 0x02, 0x00, 0xBD, 0x5D, 0x00, 0x00, 0x00, 0x00, 0x00, 0x00, 0x44, 0x84, 0x00,
  0x00, 0x00, 0x00, 0x1E, 0xAE, 0xF1, 0xF8, 0xB7, 0x23, 0x00, 0x01, 0xCE, 0xB6, 0x5B, 0x90, 0xA5,
  0xD4, 0x04, 0x25, 0xFF, 0x2A, 0x44, 0x84, 0x1A, 0xFF, 0x3D, 0x27, 0xFF, 0x2C, 0x44, 0x84, 0x00,
  0x00, 0x00, 0x00, 0xB9, 0xC3, 0x7A, 0x88, 0x00, 0x00, 0x00, 0x00, 0x07, 0x75, 0xD3, 0xFE, 0xE1,
  0x5D, 0x00, 0x00, 0x00, 0x00, 0x44, 0x87, 0x4E, 0xFA, 0x42, 0x00, 0x00, 0x00, 0x44, 0x84, 0x00,
  0xC4, 0x91, 0x5F, 0xF6, 0x0A, 0x44, 0x84, 0x00, 0xDA, 0x85, 0x10, 0xEB, 0xA2, 0x57, 0x8D, 0x7F,
  0xF8, 0x29, 0x00, 0x2D, 0xB8, 0xF4, 0xF9, 0xC7, 0x3F, 0x00, 0x00, 0x00, 0x00, 0x44, 0x84, 0x00,
  0x00, 0x00, 0x00, 0x37, 0xD9, 0xEA, 0x71, 0x00, 0x00, 0x00, 0x38, 0xD4, 0x02, 0x00, 0x00, 0x00,
  0xD6, 0x67, 0x23, 0xF0, 0x2D, 0x00, 0x00, 0xC1, 0x4F, 0x00, 0x00, 0x00, 0x12, 0xFF, 0x0F, 0x00,
  0xBA, 0x67, 0x00, 0x4A, 0xC7, 0x00, 0x00, 0x00, 0x00, 0x0E, 0xFF, 0x0E, 0x00, 0xBB, 0x66, 0x01,
  0xD0, 0x3F, 0x00, 0x00, 0x00, 0x00, 0x00, 0xD6, 0x66, 0x22, 0xF0, 0x2C, 0x5B, 0xB7, 0x00, 0x00,
  0x00, 0x00, 0x00, 0x00, 0x38, 0xD8, 0xEB, 0x6F, 0x06, 0xDC, 0x31, 0x42, 0xDE, 0xE9, 0x68, 0x00,
  0x00, 0x00, 0x00, 0x00, 0x00, 0x6D, 0xA7, 0x03, 0xE2, 0x5B, 0x28, 0xF3, 0x23, 0x00, 0x00, 0x00,
  0x00, 0x0C, 0xE4, 0x24, 0x22, 0xFE, 0x05, 0x00, 0xC6, 0x5B, 0x00, 0x00, 0x00, 0x00, 0x7E, 0x97,
  0x00, 0x1F, 0xFE, 0x04, 0x00, 0xC7, 0x5A, 0x00, 0x00, 0x00, 0x14, 0xE8, 0x19, 0x00, 0x03, 0xE2,
  0x5A, 0x28, 0xF3, 0x22, 0x00, 0x00, 0x00, 0x90, 0x87, 0x00, 0x00, 0x00, 0x42, 0xDD, 0xE9, 0x65,
  0x00, 0x00, 0x00, 0x1C, 0xB5, 0xF3, 0xD2, 0x3B, 0x00, 0x00, 0x00, 0x00, 0x00, 0xBD, 0xB2, 0x0F,
  0x8F, 0xE9, 0x04, 0x00, 0x00, 0x00, 0x00, 0xF1, 0x63, 0x00, 0x3D, 0xFF, 0x1C, 0x00, 0x00, 0x00,
  0x00, 0xB3, 0xBA, 0x00, 0x84, 0xD5, 0x01, 0x00, 0x00, 0x00, 0x00, 0x21, 0xF6, 0xB5, 0xD5, 0x24,
  0x00, 0x00, 0x00, 0x00, 0x1D, 0xC4, 0xE6, 0xFD, 0x6F, 0x00, 0x00, 0x00, 0x00, 0x07, 0xDA, 0xC2,
  0x10, 0x78, 0xFA, 0x39, 0x85, 0x9B, 0x00, 0x47, 0xFF, 0x2B, 0x00, 0x00, 0xA9, 0xE4, 0xEA, 0x88,
  0x00, 0x41, 0xFF, 0x32, 0x00, 0x00, 0x0A, 0xE4, 0xFF, 0x2B, 0x00, 0x05, 0xD2, 0xC6, 0x21, 0x14,
  0x89, 0xF2, 0xDD, 0xD5, 0x22, 0x00, 0x1B, 0xAC, 0xF2, 0xF4, 0xB5, 0x2C, 0x18, 0xC0, 0x43, 0x58,
  0xFF, 0x28, 0x57, 0xFF, 0x27, 0x3F, 0xFF, 0x0E, 0x15, 0xE4, 0x00, 0x00, 0x00, 0x00, 0x00, 0x00,
  0x00, 0x00, 0x00, 0x00, 0x00, 0x00, 0x00, 0x00, 0x00, 0x00, 0x00, 0x00, 0x00, 0x00, 0x00, 0x00,
  0x00, 0x00, 0x03, 0xC9, 0x2D, 0x00, 0x00, 0x76, 0x9D, 0x00, 0x00, 0x0D, 0xF0, 0x2B, 0x00, 0x00,
  0x71, 0xD4, 0x00, 0x00, 0x00, 0xBF, 0x8A, 0x00, 0x00, 0x00, 0xF6, 0x5F, 0x00, 0x00, 0x0D, 0xFF,
  0x4B, 0x00, 0x00, 0x0C, 0xFF, 0x4D, 0x00, 0x00, 0x00, 0xF2, 0x62, 0x00, 0x00, 0x00, 0xBC, 0x93,
  0x00, 0x00, 0x00, 0x6E, 0xD4, 0x00, 0x00, 0x00, 0x0F, 0xEF, 0x33, 0x00, 0x00, 0x00, 0x7B, 0xA2,
  0x00, 0x00, 0x00, 0x05, 0xCB, 0x30, 0x02, 0xCA, 0x33, 0x00, 0x00, 0x00, 0x44, 0xD1, 0x04, 0x00,
  0x00, 0x00, 0xD2, 0x5B, 0x00, 0x00, 0x00, 0x7C, 0xCC, 0x00, 0x00, 0x00, 0x30, 0xFF, 0x1B, 0x00,
  0x00, 0x06, 0xFD, 0x51, 0x00, 0x00, 0x00, 0xEF, 0x69, 0x00, 0x00, 0x00, 0xF3, 0x66, 0x00, 0x00,
  0x07, 0xFF, 0x4D, 0x00, 0x00, 0x39, 0xFE, 0x17, 0x00, 0x00, 0x79, 0xC6, 0x00, 0x00, 0x00, 0xD7,
  0x58, 0x00, 0x00, 0x47, 0xD3, 0x02, 0x00, 0x02, 0xCC, 0x35, 0x00, 0x00, 0x00, 0x00, 0x9E, 0x5F,
  0x00, 0x00, 0x57, 0xB9, 0xBC, 0x9E, 0xC9, 0x23, 0x0A, 0x4E, 0xF1, 0xCE, 0x3B, 0x03, 0x00, 0x76,
  0xAE, 0xE1, 0x3F, 0x00, 0x00, 0x99, 0x2F, 0x65, 0x67, 0x00, 0x00, 0x00, 0x00, 0x00, 0x00, 0x00,
  0x00, 0x00, 0x00, 0x00, 0x00, 0x00, 0x00, 0x00, 0x00, 0x00, 0x00, 0x00, 0x00, 0x00, 0x00, 0x00,
  0x00, 0x00, 0x00, 0x00, 0x00, 0x00, 0x00, 0x00, 0x00, 0x00, 0x00, 0x00, 0x00, 0x00, 0x00, 0x00,
  0x00, 0x40, 0xFF, 0x00, 0x00, 0x00, 0x00, 0x00, 0x00, 0x00, 0x40, 0xFF, 0x00, 0x00, 0x00, 0x00,
  0x00, 0x00, 0x00, 0x40, 0xFF, 0x00, 0x00, 0x00, 0x00, 0x2C, 0xFF, 0xFF, 0xFF, 0xFF, 0xFF, 0xFF,
  0xEC, 0x00, 0x00, 0x00, 0x00, 0x40, 0xFF, 0x00, 0x00, 0x00, 0x00, 0x00, 0x00, 0x00, 0x40, 0xFF,
  0x00, 0x00, 0x00, 0x00, 0x00, 0x00, 0x00, 0x40, 0xFF, 0x00, 0x00, 0x00, 0x00, 0x00, 0x00, 0x00,
  0x00, 0x00, 0x00, 0x00, 0x00, 0x00, 0x00, 0x00, 0x00, 0x00, 0x00, 0x00, 0x00, 0x00, 0x00, 0x00,
  0xAC, 0xD4, 0x00, 0x00, 0x01, 0xC1, 0x00, 0x00, 0x56, 0xA2, 0x00, 0x00, 0x81, 0x2D, 0x00, 0x88,
  0xFF, 0xFF, 0xFF, 0x88, 0x00, 0x00, 0x00, 0x00, 0x00, 0x00, 0x00, 0x00, 0x00, 0x00, 0x00, 0x00,
  0x00, 0x00, 0x00, 0x00, 0xA4, 0xDC, 0x00, 0x00, 0x00, 0x0D, 0xF5, 0x0D, 0x00, 0x00, 0x51, 0xBF,
  0x00, 0x00, 0x00, 0x99, 0x76, 0x00, 0x00, 0x00, 0xE1, 0x2E, 0x00, 0x00, 0x2A, 0xE5, 0x00, 0x00,
  0x00, 0x72, 0x9D, 0x00, 0x00, 0x00, 0xBB, 0x55, 0x00, 0x00, 0x0A, 0xF4, 0x10, 0x00, 0x00, 0x4B,
  0xC4, 0x00, 0x00, 0x00, 0x94, 0x7C, 0x00, 0x00, 0x00, 0xDC, 0x34, 0x00, 0x00, 0x00, 0x00, 0x03,
  0x87, 0xE7, 0xF4, 0xAC, 0x17, 0x00, 0x00, 0x83, 0xDB, 0x2D, 0x1B, 0xBA, 0xC4, 0x00, 0x06, 0xF2,
  0x59, 0x00, 0x00, 0x1A, 0xFE, 0x39, 0x36, 0xFF, 0x1E, 0x00, 0x00, 0x00, 0xDD, 0x76, 0x52, 0xFF,
  0x04, 0x00, 0x00, 0x00, 0xC5, 0x94, 0x5C, 0xFD, 0x00, 0x00, 0x00, 0x00, 0xBE, 0x9C, 0x53, 0xFF,
  0x03, 0x00, 0x00, 0x00, 0xC5, 0x91, 0x36, 0xFF, 0x1C, 0x00, 0x00, 0x00, 0xDD, 0x76, 0x08, 0xF2,
  0x56, 0x00, 0x00, 0x1A, 0xFE, 0x39, 0x00, 0x8A, 0xDF, 0x31, 0x1A, 0xB9, 0xC3, 0x00, 0x00, 0x05,
  0x8F, 0xED, 0xF1, 0xAC, 0x16, 0x00, 0x00, 0x00, 0x00, 0x00, 0x9A, 0x98, 0x00, 0x00, 0x00, 0x00,
  0x01, 0x82, 0xFF, 0x98, 0x00, 0x00, 0x00, 0x20, 0xBE, 0xED, 0xE0, 0x98, 0x00, 0x00, 0x00, 0x57,
  0x9F, 0x1A, 0xBC, 0x98, 0x00, 0x00, 0x00, 0x00, 0x00, 0x00, 0xBC, 0x98, 0x00, 0x00, 0x00, 0x00,
  0x00, 0x00, 0xBC, 0x98, 0x00, 0x00, 0x00, 0x00, 0x00, 0x00, 0xBC, 0x98, 0x00, 0x00, 0x00, 0x00,
  0x00, 0x00, 0xBC, 0x98, 0x00, 0x00, 0x00, 0x00, 0x00, 0x00, 0xBC, 0x98, 0x00, 0x00, 0x00, 0x00,
  0x00, 0x00, 0xBC, 0x98, 0x00, 0x00, 0x00, 0x00, 0x00, 0x00, 0xBC, 0x98, 0x00, 0x00, 0x00, 0x18,
  0xA1, 0xE7, 0xF1, 0xBE, 0x32, 0x00, 0x00, 0xC8, 0xB7, 0x20, 0x10, 0x8F, 0xEE, 0x1A, 0x2B, 0xFF,
  0x27, 0x00, 0x00, 0x02, 0xEA, 0x6A, 0x00, 0x00, 0x00, 0x00, 0x00, 0x00, 0xE5, 0x7C, 0x00, 0x00,
  0x00, 0x00, 0x00, 0x47, 0xFF, 0x35, 0x00, 0x00, 0x00, 0x00, 0x18, 0xE2, 0x9B, 0x00, 0x00, 0x00,
  0x00, 0x13, 0xD1, 0xB2, 0x05, 0x00, 0x00, 0x00, 0x17, 0xD2, 0xA7, 0x05, 0x00, 0x00, 0x00, 0x1C,
  0xD9, 0x95, 0x02, 0x00, 0x00, 0x00, 0x0E, 0xD9, 0xA5, 0x00, 0x00, 0x00, 0x00, 0x00, 0x6F, 0xFF,
  0xFF, 0xFF, 0xFF, 0xFF, 0xFF, 0x8C, 0x00, 0x0C, 0x97, 0xE9, 0xEF, 0x9C, 0x0F, 0x00, 0x00, 0xA6,
  0xC2, 0x1D, 0x1E, 0xCA, 0xB1, 0x00, 0x16, 0xFD, 0x37, 0x00, 0x00, 0x4C, 0xFE, 0x12, 0x00, 0x00,
  0x00, 0x00, 0x00, 0x53, 0xFE, 0x12, 0x00, 0x00, 0x00, 0x01, 0x31, 0xD6, 0xA3, 0x00, 0x00, 0x00,
  0x00, 0xA5, 0xE8, 0xF0, 0x48, 0x00, 0x00, 0x00, 0x00, 0x00, 0x00, 0x5A, 0xFD, 0x45, 0x00, 0x00,
  0x00, 0x00, 0x00, 0x00, 0xCE, 0x9A, 0x3E, 0xFF, 0x20, 0x00, 0x00, 0x02, 0xDF, 0x8E, 0x04, 0xCC,
  0xB9, 0x1B, 0x14, 0x93, 0xF3, 0x27, 0x00, 0x18, 0xA3, 0xEA, 0xED, 0xB4, 0x2B, 0x00, 0x00, 0x00,
  0x00, 0x00, 0x43, 0xFE, 0x2C, 0x00, 0x00, 0x00, 0x00, 0x11, 0xE3, 0xFF, 0x2C, 0x00, 0x00, 0x00,
  0x00, 0xA8, 0xC7, 0xFF, 0x2C, 0x00, 0x00, 0x00, 0x5C, 0xE0, 0x36, 0xFF, 0x2C, 0x00, 0x00, 0x1F,
  0xEE, 0x3E, 0x28, 0xFF, 0x2C, 0x00, 0x02, 0xC0, 0x88, 0x00, 0x28, 0xFF, 0x2C, 0x00, 0x76, 0xCF,
  0x06, 0x00, 0x28, 0xFF, 0x2C, 0x00, 0xD0, 0xFF, 0xFF, 0xFF, 0xFF, 0xFF, 0xFF, 0xA0, 0x00, 0x00,
  0x00, 0x00, 0x28, 0xFF, 0x2C, 0x00, 0x00, 0x00, 0x00, 0x00, 0x28, 0xFF, 0x2C, 0x00, 0x00, 0x00,
  0x00, 0x00, 0x28, 0xFF, 0x2C, 0x00, 0x00, 0x33, 0xFF, 0xFF, 0xFF, 0xFF, 0xFF, 0x3C, 0x00, 0x5F,
  0xDE, 0x00, 0x00, 0x00, 0x00, 0x00, 0x00, 0x8B, 0xB5, 0x00, 0x00, 0x00, 0x00, 0x00, 0x00, 0xB7,
  0x8C, 0x00, 0x00, 0x00, 0x00, 0x00, 0x00, 0xE3, 0xBF, 0xDA, 0xF4, 0xC7, 0x3D, 0x00, 0x0E, 0xFF,
  0xA2, 0x17, 0x14, 0x8E, 0xF8, 0x2C, 0x00, 0x00, 0x00, 0x00, 0x00, 0x01, 0xD6, 0x94, 0x00, 0x00,
  0x00, 0x00, 0x00, 0x00, 0xB2, 0xAF, 0x3F, 0xFF, 0x26, 0x00, 0x00, 0x04, 0xE0, 0x84, 0x05, 0xD0,
  0xBE, 0x1E, 0x16, 0x9C, 0xED, 0x16, 0x00, 0x1B, 0xA5, 0xEA, 0xF5, 0xB9, 0x2C, 0x00, 0x00, 0x00,
  0x6F, 0xDE, 0xF6, 0xC5, 0x32, 0x00, 0x00, 0x6F, 0xF1, 0x44, 0x0F, 0x93, 0xE7, 0x0F, 0x05, 0xEC,
  0x6D, 0x00, 0x00, 0x07, 0xF4, 0x57, 0x38, 0xFF, 0x17, 0x00, 0x00, 0x00, 0x00, 0x00, 0x5E, 0xF0,
  0x43, 0xCE, 0xF5, 0xC7, 0x37, 0x00, 0x6C, 0xF5, 0xCB, 0x2F, 0x10, 0x87, 0xF3, 0x1E, 0x67, 0xFF,
  0x42, 0x00, 0x00, 0x01, 0xDC, 0x7F, 0x4C, 0xFF, 0x1B, 0x00, 0x00, 0x00, 0xB9, 0x9F, 0x14, 0xFB,
  0x4E, 0x00, 0x00, 0x03, 0xE1, 0x7A, 0x00, 0x93, 0xDD, 0x32, 0x10, 0x8F, 0xEF, 0x19, 0x00, 0x03,
  0x83, 0xE5, 0xF7, 0xC2, 0x31, 0x00, 0x4C, 0xFF, 0xFF, 0xFF, 0xFF, 0xFF, 0xFF, 0xA4, 0x00, 0x00,
  0x00, 0x00, 0x00, 0x64, 0xF4, 0x2A, 0x00, 0x00, 0x00, 0x00, 0x1D, 0xF4, 0x6A, 0x00, 0x00, 0x00,
  0x00, 0x00, 0xA3, 0xD0, 0x03, 0x00, 0x00, 0x00, 0x00, 0x24, 0xFD, 0x53, 0x00, 0x00, 0x00, 0x00,
  0x00, 0x90, 0xDD, 0x02, 0x00, 0x00, 0x00, 0x00, 0x02, 0xE9, 0x80, 0x00, 0x00, 0x00, 0x00, 0x00,
  0x39, 0xFF, 0x2C, 0x00, 0x00, 0x00, 0x00, 0x00, 0x74, 0xEB, 0x00, 0x00, 0x00, 0x00, 0x00, 0x00,
  0xA3, 0xBA, 0x00, 0x00, 0x00, 0x00, 0x00, 0x00, 0xBD, 0x9D, 0x00, 0x00, 0x00, 0x00, 0x00, 0x05,
  0x85, 0xE3, 0xEE, 0xA9, 0x17, 0x00, 0x00, 0x80, 0xE5, 0x31, 0x17, 0xBB, 0xC4, 0x01, 0x00, 0xDB,
  0x79, 0x00, 0x00, 0x34, 0xFF, 0x24, 0x00, 0xE4, 0x7A, 0x00, 0x00, 0x31, 0xFF, 0x31, 0x00, 0x85,
  0xE2, 0x2E, 0x14, 0xB4, 0xCC, 0x02, 0x00, 0x14, 0xCB, 0xFF, 0xFF, 0xF0, 0x36, 0x00, 0x0A, 0xDB,
  0xB1, 0x1E, 0x11, 0x7F, 0xF4, 0x31, 0x51, 0xFF, 0x13, 0x00, 0x00, 0x00, 0xCA, 0x9B, 0x49, 0xFF,
  0x13, 0x00, 0x00, 0x00, 0xC7, 0x94, 0x0A, 0xD9, 0xBA, 0x1D, 0x0F, 0x78, 0xF9, 0x34, 0x00, 0x1E,
  0xA5, 0xE7, 0xF2, 0xC2, 0x3F, 0x00, 0x00, 0x11, 0x9C, 0xE7, 0xED, 0x9F, 0x11, 0x00, 0x00, 0xBF,
  0xD3, 0x2D, 0x14, 0xA3, 0xCC, 0x03, 0x32, 0xFF, 0x39, 0x00, 0x00, 0x0A, 0xF1, 0x50, 0x55, 0xFF,
  0x06, 0x00, 0x00, 0x00, 0xD1, 0x8E, 0x38, 0xFF, 0x28, 0x00, 0x00, 0x07, 0xEF, 0xA4, 0x02, 0xCB,
  0xC3, 0x24, 0x13, 0x9B, 0xED, 0xAA, 0x00, 0x19, 0xAC, 0xF0, 0xE2, 0x6F, 0xB4, 0x9B, 0x00, 0x00,
  0x00, 0x00, 0x00, 0x00, 0xD8, 0x78, 0x0F, 0xFD, 0x38, 0x00, 0x00, 0x29, 0xFF, 0x33, 0x00, 0xAF,
  0xB9, 0x14, 0x22, 0xD2, 0xAD, 0x00, 0x00, 0x14, 0xA8, 0xF0, 0xE8, 0x8F, 0x08, 0x00, 0x00, 0xA4,
  0xDC, 0x00, 0x00, 0x00, 0x00, 0x00, 0x00, 0x00, 0x00, 0x00, 0x00, 0x00, 0x00, 0x00, 0x00, 0x00,
  0x00, 0x00, 0x00, 0x00, 0x00, 0x00, 0x00, 0x00, 0x00, 0x00, 0x00, 0xA4, 0xDC, 0x00, 0x00, 0xAC,
  0xD4, 0x00, 0x00, 0x00, 0x00, 0x00, 0x00, 0x00, 0x00, 0x00, 0x00, 0x00, 0x00, 0x00, 0x00, 0x00,
  0x00, 0x00, 0x00, 0x00, 0x00, 0x00, 0x00, 0x00, 0x00, 0x00, 0x00, 0xAC, 0xD4, 0x00, 0x00, 0x01,
  0xC1, 0x00, 0x00, 0x56, 0xA2, 0x00, 0x00, 0x81, 0x2D, 0x00, 0x00, 0x00, 0x00, 0x00, 0x00, 0x09,
  0x64, 0xC0, 0x00, 0x00, 0x00, 0x00, 0x22, 0x8C, 0xE8, 0xA3, 0x31, 0x00, 0x01, 0x48, 0xB4, 0xEB,
  0x86, 0x1A, 0x00, 0x00, 0x00, 0x2C, 0xFF, 0xC8, 0x14, 0x00, 0x00, 0x00, 0x00, 0x00, 0x01, 0x49,
  0xB5, 0xEA, 0x85, 0x1A, 0x00, 0x00, 0x00, 0x00, 0x00, 0x00, 0x23, 0x8D, 0xE8, 0xA2, 0x31, 0x00,
  0x00, 0x00, 0x00, 0x00, 0x00, 0x0A, 0x65, 0xC0, 0x00, 0x00, 0x00, 0x00, 0x00, 0x00, 0x00, 0x00,
  0x00, 0x00, 0x00, 0x00, 0x00, 0x00, 0x00, 0x00, 0x00, 0x00, 0x00, 0x2C, 0xFF, 0xFF, 0xFF, 0xFF,
  0xFF, 0xFF, 0xEC, 0x00, 0x00, 0x00, 0x00, 0x00, 0x00, 0x00, 0x00, 0x00, 0x00, 0x00, 0x00, 0x00,
  0x00, 0x00, 0x00, 0x00, 0x00, 0x00, 0x00, 0x00, 0x00, 0x00, 0x00, 0x00, 0x00, 0x00, 0x00, 0x2C,
  0xFF, 0xFF, 0xFF, 0xFF, 0xFF, 0xFF, 0xEC, 0x00, 0x00, 0x00, 0x00, 0x00, 0x00, 0x00, 0x00, 0x00,
  0x00, 0x00, 0x00, 0x00, 0x00, 0x00, 0x00, 0x00, 0x00, 0x00, 0x00, 0x00, 0x00, 0x00, 0x00, 0x00,
  0x00, 0x00, 0x00, 0x2A, 0xB7, 0x4B, 0x02, 0x00, 0x00, 0x00, 0x00, 0x00, 0x01, 0x4D, 0xBF, 0xDC,
  0x73, 0x11, 0x00, 0x00, 0x00, 0x00, 0x00, 0x00, 0x30, 0xA2, 0xEF, 0x9B, 0x2F, 0x00, 0x00, 0x00,
  0x00, 0x00, 0x00, 0x33, 0xE8, 0xF0, 0x00, 0x00, 0x00, 0x00, 0x30, 0xA1, 0xEF, 0x9C, 0x2F, 0x00,
  0x01, 0x4C, 0xBE, 0xDD, 0x74, 0x11, 0x00, 0x00, 0x00, 0x2A, 0xB8, 0x4C, 0x02, 0x00, 0x00, 0x00,
  0x00, 0x00, 0x00, 0x00, 0x00, 0x00, 0x00, 0x00, 0x00, 0x00, 0x00, 0x00, 0x00, 0x00, 0x00, 0x00,
  0x00, 0x00, 0x00, 0x00, 0x00, 0x17, 0xA0, 0xE7, 0xF0, 0xBF, 0x37, 0x00, 0x01, 0xC8, 0xC0, 0x22,
  0x11, 0x8E, 0xF4, 0x27, 0x33, 0xFF, 0x2B, 0x00, 0x00, 0x01, 0xDE, 0x7F, 0x00, 0x00, 0x00, 0x00,
  0x00, 0x05, 0xE9, 0x82, 0x00, 0x00, 0x00, 0x00, 0x00, 0x97, 0xF4, 0x22, 0x00, 0x00, 0x00, 0x00,
  0x7C, 0xFD, 0x50, 0x00, 0x00, 0x00, 0x00, 0x22, 0xFB, 0x6F, 0x00, 0x00, 0x00, 0x00, 0x00, 0x72,
  0xE4, 0x02, 0x00, 0x00, 0x00, 0x00, 0x00, 0x89, 0xBD, 0x00, 0x00, 0x00, 0x00, 0x00, 0x00, 0x00,
  0x00, 0x00, 0x00, 0x00, 0x00, 0x00, 0x00, 0xA0, 0xE0, 0x00, 0x00, 0x00, 0x00, 0x00, 0x00, 0x00,
  0x2E, 0x98, 0xD9, 0xF6, 0xF3, 0xD6, 0x8D, 0x25, 0x00, 0x00, 0x00, 0x00, 0x00, 0x00, 0x71, 0xF1,
  0x8F, 0x34, 0x0F, 0x0F, 0x37, 0x96, 0xF2, 0x63, 0x00, 0x00, 0x00, 0x00, 0x75, 0xD8, 0x27, 0x00,
  0x00, 0x00, 0x00, 0x00, 0x00, 0x39, 0xF0, 0x46, 0x00, 0x00, 0x23, 0xEC, 0x26, 0x00, 0x40, 0xCA,
  0xF5, 0xAD, 0x4D, 0xFF, 0x12, 0x62, 0xD5, 0x00, 0x00, 0x99, 0x88, 0x00, 0x3E, 0xF6, 0x63, 0x10,
  0x77, 0xF0, 0xDF, 0x00, 0x06, 0xF0, 0x2A, 0x01, 0xEB, 0x2A, 0x00, 0xD4, 0x99, 0x00, 0x00, 0x00,
  0xE6, 0xAC, 0x00, 0x00, 0xCB, 0x4A, 0x16, 0xFA, 0x02, 0x34, 0xFF, 0x30, 0x00, 0x00, 0x00, 0xD4,
  0x79, 0x00, 0x00, 0xD4, 0x40, 0x29, 0xEB, 0x00, 0x5B, 0xFC, 0x05, 0x00, 0x00, 0x0A, 0xF8, 0x46,
  0x00, 0x1A, 0xF5, 0x0C, 0x15, 0xFE, 0x07, 0x4A, 0xFF, 0x0E, 0x00, 0x00, 0x71, 0xFF, 0x14, 0x00,
  0x9D, 0x8D, 0x00, 0x00, 0xDF, 0x47, 0x0A, 0xE8, 0x92, 0x10, 0x64, 0xF1, 0xF5, 0x15, 0x8E, 0xC6,
  0x08, 0x00, 0x00, 0x81, 0xBE, 0x02, 0x39, 0xD5, 0xF4, 0x94, 0x40, 0xEA, 0xEB, 0x90, 0x0B, 0x00,
  0x00, 0x00, 0x0B, 0xD4, 0x98, 0x07, 0x00, 0x00, 0x00, 0x00, 0x00, 0x00, 0x00, 0x3E, 0xEE, 0x52,
  0x00, 0x00, 0x19, 0xC0, 0xDA, 0x73, 0x2D, 0x0F, 0x06, 0x1A, 0x4D, 0xA5, 0xEC, 0x55, 0x00, 0x00,
  0x00, 0x00, 0x01, 0x4C, 0xA6, 0xDB, 0xF4, 0xFA, 0xEA, 0xBF, 0x76, 0x13, 0x00, 0x00, 0x00, 0x00,
  0x00, 0x00, 0x18, 0xFC, 0xD2, 0x00, 0x00, 0x00, 0x00, 0x00, 0x00, 0x00, 0x00, 0x00, 0x75, 0xC9,
  0xFC, 0x39, 0x00, 0x00, 0x00, 0x00, 0x00, 0x00, 0x00, 0x00, 0xD4, 0x81, 0xC3, 0xA0, 0x00, 0x00,
  0x00, 0x00, 0x00, 0x00, 0x00, 0x35, 0xFF, 0x35, 0x6D, 0xF6, 0x10, 0x00, 0x00, 0x00, 0x00, 0x00,
  0x00, 0x95, 0xE1, 0x00, 0x1B, 0xFE, 0x6D, 0x00, 0x00, 0x00, 0x00, 0x00, 0x06, 0xED, 0x8F, 0x00,
  0x00, 0xC6, 0xD3, 0x00, 0x00, 0x00, 0x00, 0x00, 0x55, 0xFF, 0x3D, 0x00, 0x00, 0x72, 0xFF, 0x3A,
  0x00, 0x00, 0x00, 0x00, 0xB5, 0xFF, 0xFF, 0xFF, 0xFF, 0xFF, 0xFF, 0xA0, 0x00, 0x00, 0x00, 0x18,
  0xFC, 0x78, 0x00, 0x00, 0x00, 0x00, 0xA3, 0xF6, 0x10, 0x00, 0x00, 0x75, 0xFB, 0x18, 0x00, 0x00,
  0x00, 0x00, 0x38, 0xFF, 0x6D, 0x00, 0x00, 0xD4, 0xAE, 0x00, 0x00, 0x00, 0x00, 0x00, 0x00, 0xCD,
  0xD4, 0x00, 0x00, 0xE8, 0xFF, 0xFF, 0xFF, 0xF8, 0xD5, 0x67, 0x00, 0x00, 0x00, 0xE8, 0x84, 0x00,
  0x00, 0x0D, 0x5F, 0xFE, 0x52, 0x00, 0x00, 0xE8, 0x84, 0x00, 0x00, 0x00, 0x00, 0xCC, 0xA4, 0x00,
  0x00, 0xE8, 0x84, 0x00, 0x00, 0x00, 0x00, 0xC9, 0x86, 0x00, 0x00, 0xE8, 0x84, 0x00, 0x00, 0x0A,
  0x5E, 0xC5, 0x11, 0x00, 0x00, 0xE8, 0xFF, 0xFF, 0xFF, 0xFF, 0xFF, 0xD7, 0x33, 0x00, 0x00, 0xE8,
  0x84, 0x00, 0x00, 0x07, 0x36, 0xD7, 0xE2, 0x05, 0x00, 0xE8, 0x84, 0x00, 0x00, 0x00, 0x00, 0x5A,
  0xFF, 0x28, 0x00, 0xE8, 0x84, 0x00, 0x00, 0x00, 0x00, 0x60, 0xFE, 0x17, 0x00, 0xE8, 0x84, 0x00,
  0x00, 0x02, 0x32, 0xD9, 0xB1, 0x00, 0x00, 0xE8, 0xFF, 0xFF, 0xFF, 0xFB, 0xE2, 0x8B, 0x0F, 0x00,
  0x00, 0x00, 0x06, 0x75, 0xD0, 0xF5, 0xE8, 0xB1, 0x34, 0x00, 0x00, 0x00, 0x09, 0xC8, 0xCE, 0x41,
  0x0B, 0x1D, 0x95, 0xF7, 0x40, 0x00, 0x00, 0x8C, 0xE6, 0x0F, 0x00, 0x00, 0x00, 0x00, 0xB9, 0xD3,
  0x01, 0x06, 0xEE, 0x81, 0x00, 0x00, 0x00, 0x00, 0x00, 0x1F, 0x1F, 0x00, 0x28, 0xFF, 0x4B, 0x00,
  0x00, 0x00, 0x00, 0x00, 0x00, 0x00, 0x00, 0x39, 0xFF, 0x3C, 0x00, 0x00, 0x00, 0x00, 0x00, 0x00,
  0x00, 0x00, 0x25, 0xFF, 0x4E, 0x00, 0x00, 0x00, 0x00, 0x00, 0x00, 0x00, 0x00, 0x02, 0xE9, 0x82,
  0x00, 0x00, 0x00, 0x00, 0x00, 0x45, 0xA7, 0x11, 0x00, 0x89, 0xE6, 0x0D, 0x00, 0x00, 0x00, 0x01,
  0xB8, 0xD2, 0x00, 0x00, 0x0D, 0xD0, 0xCC, 0x3E, 0x09, 0x24, 0x9F, 0xF5, 0x37, 0x00, 0x00, 0x00,
  0x0F, 0x86, 0xD9, 0xF6, 0xE6, 0xAC, 0x2D, 0x00, 0x00, 0x00, 0xD8, 0xFF, 0xFF, 0xFF, 0xF9, 0xE0,
  0x8F, 0x0F, 0x00, 0x00, 0x00, 0xD8, 0x94, 0x00, 0x00, 0x09, 0x38, 0xD2, 0xCA, 0x08, 0x00, 0x00,
  0xD8, 0x94, 0x00, 0x00, 0x00, 0x00, 0x1F, 0xF8, 0x70, 0x00, 0x00, 0xD8, 0x94, 0x00, 0x00, 0x00,
  0x00, 0x00, 0xAF, 0xC8, 0x00, 0x00, 0xD8, 0x94, 0x00, 0x00, 0x00, 0x00, 0x00, 0x84, 0xF5, 0x00,
  0x00, 0xD8, 0x94, 0x00, 0x00, 0x00, 0x00, 0x00, 0x74, 0xFF, 0x03, 0x00, 0xD8, 0x94, 0x00, 0x00,
  0x00, 0x00, 0x00, 0x82, 0xF3, 0x00, 0x00, 0xD8, 0x94, 0x00, 0x00, 0x00, 0x00, 0x00, 0xB1, 0xC1,
  0x00, 0x00, 0xD8, 0x94, 0x00, 0x00, 0x00, 0x00, 0x1B, 0xF8, 0x67, 0x00, 0x00, 0xD8, 0x94, 0x00,
  0x00, 0x09, 0x41, 0xD3, 0xBD, 0x05, 0x00, 0x00, 0xD8, 0xFF, 0xFF, 0xFF, 0xF2, 0xD4, 0x7E, 0x0A,
  0x00, 0x00, 0x00, 0xD0, 0xFF, 0xFF, 0xFF, 0xFF, 0xFF, 0xFF, 0xF4, 0x00, 0x00, 0xD0, 0x9C, 0x00,
  0x00, 0x00, 0x00, 0x00, 0x00, 0x00, 0x00, 0xD0, 0x9C, 0x00, 0x00, 0x00, 0x00, 0x00, 0x00, 0x00,
  0x00, 0xD0, 0x9C, 0x00, 0x00, 0x00, 0x00, 0x00, 0x00, 0x00, 0x00, 0xD0, 0x9C, 0x00, 0x00, 0x00,
  0x00, 0x00, 0x00, 0x00, 0x00, 0xD0, 0xFF, 0xFF, 0xFF, 0xFF, 0xFF, 0xFF, 0x8C, 0x00, 0x00, 0xD0,
  0x9C, 0x00, 0x00, 0x00, 0x00, 0x00, 0x00, 0x00, 0x00, 0xD0, 0x9C, 0x00, 0x00, 0x00, 0x00, 0x00,
  0x00, 0x00, 0x00, 0xD0, 0x9C, 0x00, 0x00, 0x00, 0x00, 0x00, 0x00, 0x00, 0x00, 0xD0, 0x9C, 0x00,
  0x00, 0x00, 0x00, 0x00, 0x00, 0x00, 0x00, 0xD0, 0xFF, 0xFF, 0xFF, 0xFF, 0xFF, 0xFF, 0xFF, 0x34,
  0x00, 0xC4, 0xFF, 0xFF, 0xFF, 0xFF, 0xFF, 0xFF, 0x78, 0x00, 0xC4, 0xA8, 0x00, 0x00, 0x00, 0x00,
  0x00, 0x00, 0x00, 0xC4, 0xA8, 0x00, 0x00, 0x00, 0x00, 0x00, 0x00, 0x00, 0xC4, 0xA8, 0x00, 0x00,
  0x00, 0x00, 0x00, 0x00, 0x00, 0xC4, 0xA8, 0x00, 0x00, 0x00, 0x00, 0x00, 0x00, 0x00, 0xC4, 0xFF,
  0xFF, 0xFF, 0xFF, 0xFF, 0xB0, 0x00, 0x00, 0xC4, 0xA8, 0x00, 0x00, 0x00, 0x00, 0x00, 0x00, 0x00,
  0xC4, 0xA8, 0x00, 0x00, 0x00, 0x00, 0x00, 0x00, 0x00, 0xC4, 0xA8, 0x00, 0x00, 0x00, 0x00, 0x00,
  0x00, 0x00, 0xC4, 0xA8, 0x00, 0x00, 0x00, 0x00, 0x00, 0x00, 0x00, 0xC4, 0xA8, 0x00, 0x00, 0x00,
  0x00, 0x00, 0x00, 0x00, 0x00, 0x01, 0x62, 0xC2, 0xED, 0xF8, 0xD8, 0x89, 0x12, 0x00, 0x00, 0x00,
  0x01, 0xAE, 0xE2, 0x56, 0x10, 0x07, 0x3C, 0xC8, 0xD5, 0x0A, 0x00, 0x00, 0x6C, 0xF8, 0x26, 0x00,
  0x00, 0x00, 0x00, 0x12, 0xF2, 0x61, 0x00, 0x00, 0xD8, 0x9B, 0x00, 0x00, 0x00, 0x00, 0x00, 0x00,
  0x15, 0x00, 0x00, 0x16, 0xFF, 0x5C, 0x00, 0x00, 0x00, 0x00, 0x00, 0x00, 0x00, 0x00, 0x00, 0x2D,
  0xFF, 0x49, 0x00, 0x00, 0x00, 0xD0, 0xFF, 0xFF, 0xFF, 0xBC, 0x00, 0x1A, 0xFF, 0x5A, 0x00, 0x00,
  0x00, 0x00, 0x00, 0x00, 0xA8, 0xBC, 0x00, 0x01, 0xDE, 0x95, 0x00, 0x00, 0x00, 0x00, 0x00, 0x00,
  0xA8, 0xBC, 0x00, 0x00, 0x70, 0xF3, 0x23, 0x00, 0x00, 0x00, 0x00, 0x02, 0xC0, 0xBC, 0x00, 0x00,
  0x01, 0xA6, 0xE8, 0x5F, 0x15, 0x0A, 0x42, 0xC2, 0xF5, 0x5B, 0x00, 0x00, 0x00, 0x00, 0x55, 0xB9,
  0xEA, 0xF8, 0xDA, 0x8F, 0x1D, 0x00, 0x00, 0x00, 0xCC, 0xA0, 0x00, 0x00, 0x00, 0x00, 0x00, 0xCC,
  0xA0, 0x00, 0x00, 0xCC, 0xA0, 0x00, 0x00, 0x00, 0x00, 0x00, 0xCC, 0xA0, 0x00, 0x00, 0xCC, 0xA0,
  0x00, 0x00, 0x00, 0x00, 0x00, 0xCC, 0xA0, 0x00, 0x00, 0xCC, 0xA0, 0x00, 0x00, 0x00, 0x00, 0x00,
  0xCC, 0xA0, 0x00, 0x00, 0xCC, 0xA0, 0x00, 0x00, 0x00, 0x00, 0x00, 0xCC, 0xA0, 0x00, 0x00, 0xCC,
  0xFF, 0xFF, 0xFF, 0xFF, 0xFF, 0xFF, 0xFF, 0xA0, 0x00, 0x00, 0xCC, 0xA0, 0x00, 0x00, 0x00, 0x00,
  0x00, 0xCC, 0xA0, 0x00, 0x00, 0xCC, 0xA0, 0x00, 0x00, 0x00, 0x00, 0x00, 0xCC, 0xA0, 0x00, 0x00,
  0xCC, 0xA0, 0x00, 0x00, 0x00, 0x00, 0x00, 0xCC, 0xA0, 0x00, 0x00, 0xCC, 0xA0, 0x00, 0x00, 0x00,
  0x00, 0x00, 0xCC, 0xA0, 0x00, 0x00, 0xCC, 0xA0, 0x00, 0x00, 0x00, 0x00, 0x00, 0xCC, 0xA0, 0x00,
  0x00, 0x98, 0xD0, 0x00, 0x00, 0x98, 0xD0, 0x00, 0x00, 0x98, 0xD0, 0x00, 0x00, 0x98, 0xD0, 0x00,
  0x00, 0x98, 0xD0, 0x00, 0x00, 0x98, 0xD0, 0x00, 0x00, 0x98, 0xD0, 0x00, 0x00, 0x98, 0xD0, 0x00,
  0x00, 0x98, 0xD0, 0x00, 0x00, 0x98, 0xD0, 0x00, 0x00, 0x98, 0xD0, 0x00, 0x00, 0x00, 0x00, 0x00,
  0x14, 0xFF, 0x54, 0x00, 0x00, 0x00, 0x00, 0x00, 0x14, 0xFF, 0x54, 0x00, 0x00, 0x00, 0x00, 0x00,
  0x14, 0xFF, 0x54, 0x00, 0x00, 0x00, 0x00, 0x00, 0x14, 0xFF, 0x54, 0x00, 0x00, 0x00, 0x00, 0x00,
  0x14, 0xFF, 0x54, 0x00, 0x00, 0x00, 0x00, 0x00, 0x14, 0xFF, 0x54, 0x00, 0x00, 0x00, 0x00, 0x00,
  0x14, 0xFF, 0x54, 0x00, 0x00, 0x00, 0x00, 0x00, 0x14, 0xFF, 0x50, 0x00, 0x72, 0xC1, 0x00, 0x00,
  0x23, 0xFF, 0x3B, 0x00, 0x4B, 0xFB, 0x41, 0x12, 0x99, 0xE9, 0x07, 0x00, 0x00, 0x79, 0xE1, 0xF7,
  0xC8, 0x36, 0x00, 0x00, 0x00, 0xE8, 0x84, 0x00, 0x00, 0x00, 0x04, 0xA5, 0xF9, 0x4C, 0x00, 0xE8,
  0x84, 0x00, 0x00, 0x06, 0xAD, 0xF8, 0x4A, 0x00, 0x00, 0xE8, 0x84, 0x00, 0x08, 0xB4, 0xF7, 0x47,
  0x00, 0x00, 0x00, 0xE8, 0x84, 0x0A, 0xBC, 0xF6, 0x45, 0x00, 0x00, 0x00, 0x00, 0xE8, 0x92, 0xC3,
  0xFF, 0x7D, 0x00, 0x00, 0x00, 0x00, 0x00, 0xE8, 0xFD, 0xF1, 0xC4, 0xED, 0x1C, 0x00, 0x00, 0x00,
  0x00, 0xE8, 0xE5, 0x2F, 0x14, 0xE8, 0xBE, 0x02, 0x00, 0x00, 0x00, 0xE8, 0x84, 0x00, 0x00, 0x4E,
  0xFF, 0x77, 0x00, 0x00, 0x00, 0xE8, 0x84, 0x00, 0x00, 0x00, 0x9F, 0xFA, 0x34, 0x00, 0x00, 0xE8,
  0x84, 0x00, 0x00, 0x00, 0x0E, 0xE1, 0xD9, 0x0B, 0x00, 0xE8, 0x84, 0x00, 0x00, 0x00, 0x00, 0x41,
  0xFE, 0x9C, 0x00, 0xE8, 0x84, 0x00, 0x00, 0x00, 0x00, 0x00, 0x00, 0xE8, 0x84, 0x00, 0x00, 0x00,
  0x00, 0x00, 0x00, 0xE8, 0x84, 0x00, 0x00, 0x00, 0x00, 0x00, 0x00, 0xE8, 0x84, 0x00, 0x00, 0x00,
  0x00, 0x00, 0x00, 0xE8, 0x84, 0x00, 0x00, 0x00, 0x00, 0x00, 0x00, 0xE8, 0x84, 0x00, 0x00, 0x00,
  0x00, 0x00, 0x00, 0xE8, 0x84, 0x00, 0x00, 0x00, 0x00, 0x00, 0x00, 0xE8, 0x84, 0x00, 0x00, 0x00,
  0x00, 0x00, 0x00, 0xE8, 0x84, 0x00, 0x00, 0x00, 0x00, 0x00, 0x00, 0xE8, 0x84, 0x00, 0x00, 0x00,
  0x00, 0x00, 0x00, 0xE8, 0xFF, 0xFF, 0xFF, 0xFF, 0xFF, 0xD0, 0x00, 0xE4, 0xFF, 0x6A, 0x00, 0x00,
  0x00, 0x00, 0x00, 0xB8, 0xFF, 0x5C, 0x00, 0x00, 0xE4, 0xD9, 0xC0, 0x00, 0x00, 0x00, 0x00, 0x14,
  0xD2, 0xFF, 0x5C, 0x00, 0x00, 0xE4, 0x8D, 0xF8, 0x18, 0x00, 0x00, 0x00, 0x68, 0x88, 0xFF, 0x5C,
  0x00, 0x00, 0xE4, 0x7C, 0xBD, 0x6C, 0x00, 0x00, 0x00, 0xC0, 0x38, 0xFF, 0x5C, 0x00, 0x00, 0xE4,
  0x7C, 0x6E, 0xC2, 0x00, 0x00, 0x19, 0xE1, 0x05, 0xFF, 0x5C, 0x00, 0x00, 0xE4, 0x7C, 0x1E, 0xFD,
  0x1A, 0x00, 0x6F, 0x95, 0x04, 0xFF, 0x5C, 0x00, 0x00, 0xE4, 0x7C, 0x00, 0xCF, 0x6E, 0x00, 0xC7,
  0x45, 0x04, 0xFF, 0x5C, 0x00, 0x00, 0xE4, 0x7C, 0x00, 0x7F, 0xC3, 0x1F, 0xEF, 0x05, 0x04, 0xFF,
  0x5C, 0x00, 0x00, 0xE4, 0x7C, 0x00, 0x2F, 0xFE, 0x90, 0xA6, 0x00, 0x04, 0xFF, 0x5C, 0x00, 0x00,
  0xE4, 0x7C, 0x00, 0x00, 0xDF, 0xFD, 0x57, 0x00, 0x04, 0xFF, 0x5C, 0x00, 0x00, 0xE4, 0x7C, 0x00,
  0x00, 0x90, 0xF9, 0x0E, 0x00, 0x04, 0xFF, 0x5C, 0x00, 0x00, 0xDC, 0xDB, 0x06, 0x00, 0x00, 0x00,
  0x00, 0xC4, 0x9C, 0x00, 0x00, 0xDC, 0xE2, 0x78, 0x00, 0x00, 0x00, 0x00, 0xC4, 0x9C, 0x00, 0x00,
  0xDC, 0x84, 0xC7, 0x1A, 0x00, 0x00, 0x00, 0xC4, 0x9C, 0x00, 0x00, 0xDC, 0x80, 0x42, 0xA3, 0x00,
  0x00, 0x00, 0xC4, 0x9C, 0x00, 0x00, 0xDC, 0x80, 0x00, 0xAB, 0x3A, 0x00, 0x00, 0xC4, 0x9C, 0x00,
  0x00, 0xDC, 0x80, 0x00, 0x1F, 0xC3, 0x02, 0x00, 0xC4, 0x9C, 0x00, 0x00, 0xDC, 0x80, 0x00, 0x00,
  0x80, 0x65, 0x00, 0xC4, 0x9C, 0x00, 0x00, 0xDC, 0x80, 0x00, 0x00, 0x09, 0xCB, 0x10, 0xC4, 0x9C,
  0x00, 0x00, 0xDC, 0x80, 0x00, 0x00, 0x00, 0x54, 0x91, 0xC4, 0x9C, 0x00, 0x00, 0xDC, 0x80, 0x00,
  0x00, 0x00, 0x00, 0xB8, 0xE5, 0x9C, 0x00, 0x00, 0xDC, 0x80, 0x00, 0x00, 0x00, 0x00, 0x2B, 0xFB,
  0x9C, 0x00, 0x00, 0x00, 0x07, 0x75, 0xD1, 0xF7, 0xEB, 0xB8, 0x47, 0x00, 0x00, 0x00, 0x00, 0x08,
  0xC2, 0xD5, 0x49, 0x0A, 0x17, 0x71, 0xF7, 0x7D, 0x00, 0x00, 0x00, 0x8A, 0xE4, 0x12, 0x00, 0x00,
  0x00, 0x00, 0x52, 0xFE, 0x3E, 0x00, 0x04, 0xF2, 0x7C, 0x00, 0x00, 0x00, 0x00, 0x00, 0x00, 0xD0,
  0xAA, 0x00, 0x2F, 0xFF, 0x45, 0x00, 0x00, 0x00, 0x00, 0x00, 0x00, 0x90, 0xE4, 0x00, 0x42, 0xFF,
  0x33, 0x00, 0x00, 0x00, 0x00, 0x00, 0x00, 0x7D, 0xF9, 0x00, 0x30, 0xFF, 0x40, 0x00, 0x00, 0x00,
  0x00, 0x00, 0x00, 0x8D, 0xE4, 0x00, 0x06, 0xEE, 0x7B, 0x00, 0x00, 0x00, 0x00, 0x00, 0x00, 0xC9,
  0xAC, 0x00, 0x00, 0x85, 0xE7, 0x16, 0x00, 0x00, 0x00, 0x00, 0x4B, 0xFF, 0x42, 0x00, 0x00, 0x07,
  0xBC, 0xD8, 0x48, 0x09, 0x13, 0x6A, 0xF4, 0x82, 0x00, 0x00, 0x00, 0x00, 0x04, 0x6D, 0xCE, 0xF4,
  0xEC, 0xB8, 0x48, 0x00, 0x00, 0x00, 0x00, 0xD8, 0xFF, 0xFF, 0xFF, 0xFD, 0xF0, 0xB7, 0x2E, 0x00,
  0x00, 0xD8, 0x94, 0x00, 0x00, 0x01, 0x18, 0xB5, 0xE9, 0x0D, 0x00, 0xD8, 0x94, 0x00, 0x00, 0x00,
  0x00, 0x30, 0xFF, 0x4E, 0x00, 0xD8, 0x94, 0x00, 0x00, 0x00, 0x00, 0x35, 0xFF, 0x40, 0x00, 0xD8,
  0x94, 0x00, 0x00, 0x05, 0x2B, 0xC0, 0xD9, 0x08, 0x00, 0xD8, 0xFF, 0xFF, 0xFF, 0xFD, 0xE9, 0xAC,
  0x24, 0x00, 0x00, 0xD8, 0x94, 0x00, 0x00, 0x00, 0x00, 0x00, 0x00, 0x00, 0x00, 0xD8, 0x94, 0x00,
  0x00, 0x00, 0x00, 0x00, 0x00, 0x00, 0x00, 0xD8, 0x94, 0x00, 0x00, 0x00, 0x00, 0x00, 0x00, 0x00,
  0x00, 0xD8, 0x94, 0x00, 0x00, 0x00, 0x00, 0x00, 0x00, 0x00, 0x00, 0xD8, 0x94, 0x00, 0x00, 0x00,
  0x00, 0x00, 0x00, 0x00, 0x00, 0x00, 0x09, 0x7A, 0xD3, 0xF5, 0xE8, 0xAE, 0x38, 0x00, 0x00, 0x00,
  0x00, 0x0E, 0xCF, 0xCB, 0x3F, 0x08, 0x1B, 0x7C, 0xF7, 0x62, 0x00, 0x00, 0x00, 0x9A, 0xD9, 0x0B,
  0x00, 0x00, 0x00, 0x00, 0x66, 0xF8, 0x26, 0x00, 0x0E, 0xF7, 0x67, 0x00, 0x00, 0x00, 0x00, 0x00,
  0x01, 0xE2, 0x8C, 0x00, 0x40, 0xFF, 0x2E, 0x00, 0x00, 0x00, 0x00, 0x00, 0x00, 0xA4, 0xCA, 0x00,
  0x55, 0xFF, 0x1F, 0x00, 0x00, 0x00, 0x00, 0x00, 0x00, 0x91, 0xE1, 0x00, 0x41, 0xFF, 0x2F, 0x00,
  0x00, 0x00, 0x00, 0x00, 0x00, 0xA1, 0xD5, 0x00, 0x0E, 0xF7, 0x6A, 0x00, 0x00, 0x00, 0x00, 0x00,
  0x01, 0xDB, 0xA3, 0x00, 0x00, 0x97, 0xDC, 0x0C, 0x00, 0x08, 0xCB, 0x64, 0x5D, 0xFF, 0x41, 0x00,
  0x00, 0x0D, 0xCA, 0xCC, 0x3F, 0x0B, 0x6A, 0xF9, 0xFE, 0xA0, 0x00, 0x00, 0x00, 0x00, 0x08, 0x78,
  0xD3, 0xF6, 0xF3, 0xD3, 0xBD, 0xF2, 0x94, 0x05, 0x00, 0x00, 0x00, 0x00, 0x00, 0x00, 0x00, 0x00,
  0x00, 0x2F, 0x72, 0x00, 0x00, 0xD4, 0xFF, 0xFF, 0xFF, 0xFF, 0xF7, 0xD9, 0x75, 0x00, 0x00, 0x00,
  0xD4, 0x98, 0x00, 0x00, 0x00, 0x12, 0x74, 0xFF, 0x5B, 0x00, 0x00, 0xD4, 0x98, 0x00, 0x00, 0x00,
  0x00, 0x00, 0xCB, 0xB2, 0x00, 0x00, 0xD4, 0x98, 0x00, 0x00, 0x00, 0x00, 0x00, 0xCE, 0xAD, 0x00,
  0x00, 0xD4, 0x98, 0x00, 0x00, 0x00, 0x12, 0x77, 0xFF, 0x50, 0x00, 0x00, 0xD4, 0xFF, 0xFF, 0xFF,
  0xFF, 0xFD, 0xCB, 0x57, 0x00, 0x00, 0x00, 0xD4, 0x98, 0x00, 0x03, 0x58, 0xF0, 0x60, 0x00, 0x00,
  0x00, 0x00, 0xD4, 0x98, 0x00, 0x00, 0x00, 0x61, 0xFD, 0x53, 0x00, 0x00, 0x00, 0xD4, 0x98, 0x00,
  0x00, 0x00, 0x00, 0xB4, 0xF5, 0x1F, 0x00, 0x00, 0xD4, 0x98, 0x00, 0x00, 0x00, 0x00, 0x1F, 0xF4,
  0xB4, 0x00, 0x00, 0xD4, 0x98, 0x00, 0x00, 0x00, 0x00, 0x00, 0x74, 0xFF, 0x54, 0x00, 0x00, 0x66,
  0xCD, 0xF6, 0xF2, 0xC4, 0x56, 0x00, 0x00, 0x00, 0x74, 0xEA, 0x47, 0x0C, 0x12, 0x64, 0xFB, 0x60,
  0x00, 0x00, 0xDA, 0x83, 0x00, 0x00, 0x00, 0x00, 0x9D, 0xD0, 0x00, 0x00, 0xD3, 0xC1, 0x0A, 0x00,
  0x00, 0x00, 0x00, 0x00, 0x00, 0x00, 0x54, 0xFC, 0xEE, 0xA3, 0x60, 0x1C, 0x00, 0x00, 0x00, 0x00,
  0x00, 0x30, 0x9B, 0xE6, 0xFF, 0xFE, 0xB7, 0x1F, 0x00, 0x00, 0x00, 0x00, 0x00, 0x00, 0x29, 0x79,
  0xF1, 0xD6, 0x03, 0x00, 0x00, 0x00, 0x00, 0x00, 0x00, 0x00, 0x57, 0xFF, 0x2B, 0x3A, 0xFF, 0x37,
  0x00, 0x00, 0x00, 0x00, 0x2F, 0xFE, 0x18, 0x01, 0xBD, 0xD5, 0x4D, 0x1A, 0x0B, 0x31, 0xB7, 0x99,
  0x00, 0x00, 0x0A, 0x7E, 0xD1, 0xF4, 0xF8, 0xD4, 0x72, 0x04, 0x00, 0xA4, 0xFF, 0xFF, 0xFF, 0xFF,
  0xFF, 0xFF, 0xFF, 0xDC, 0x00, 0x00, 0x00, 0x1C, 0xFF, 0x50, 0x00, 0x00, 0x00, 0x00, 0x00, 0x00,
  0x1C, 0xFF, 0x50, 0x00, 0x00, 0x00, 0x00, 0x00, 0x00, 0x1C, 0xFF, 0x50, 0x00, 0x00, 0x00, 0x00,
  0x00, 0x00, 0x1C, 0xFF, 0x50, 0x00, 0x00, 0x00, 0x00, 0x00, 0x00, 0x1C, 0xFF, 0x50, 0x00, 0x00,
  0x00, 0x00, 0x00, 0x00, 0x1C, 0xFF, 0x50, 0x00, 0x00, 0x00, 0x00, 0x00, 0x00, 0x1C, 0xFF, 0x50,
  0x00, 0x00, 0x00, 0x00, 0x00, 0x00, 0x1C, 0xFF, 0x50, 0x00, 0x00, 0x00, 0x00, 0x00, 0x00, 0x1C,
  0xFF, 0x50, 0x00, 0x00, 0x00, 0x00, 0x00, 0x00, 0x1C, 0xFF, 0x50, 0x00, 0x00, 0x00, 0x00, 0xD4,
  0x98, 0x00, 0x00, 0x00, 0x00, 0x00, 0xCC, 0xA0, 0x00, 0x00, 0xD4, 0x98, 0x00, 0x00, 0x00, 0x00,
  0x00, 0xCC, 0xA0, 0x00, 0x00, 0xD4, 0x98, 0x00, 0x00, 0x00, 0x00, 0x00, 0xCC, 0xA0, 0x00, 0x00,
  0xD4, 0x98, 0x00, 0x00, 0x00, 0x00, 0x00, 0xCC, 0xA0, 0x00, 0x00, 0xD4, 0x98, 0x00, 0x00, 0x00,
  0x00, 0x00, 0xCC, 0xA0, 0x00, 0x00, 0xD4, 0x98, 0x00, 0x00, 0x00, 0x00, 0x00, 0xCC, 0xA0, 0x00,
  0x00, 0xCF, 0x9A, 0x00, 0x00, 0x00, 0x00, 0x00, 0xCE, 0x9B, 0x00, 0x00, 0xBE, 0xA7, 0x00, 0x00,
  0x00, 0x00, 0x00, 0xDD, 0x89, 0x00, 0x00, 0x8B, 0xDB, 0x02, 0x00, 0x00, 0x00, 0x17, 0xFD, 0x54,
  0x00, 0x00, 0x20, 0xF2, 0x9A, 0x1E, 0x09, 0x31, 0xBF, 0xD2, 0x05, 0x00, 0x00, 0x00, 0x2C, 0xAE,
  0xE9, 0xF9, 0xE2, 0x95, 0x12, 0x00, 0x00, 0xC0, 0xC9, 0x00, 0x00, 0x00, 0x00, 0x00, 0x00, 0xC1,
  0xB2, 0x5F, 0xFF, 0x25, 0x00, 0x00, 0x00, 0x00, 0x21, 0xFE, 0x51, 0x0B, 0xF3, 0x81, 0x00, 0x00,
  0x00, 0x00, 0x81, 0xE9, 0x05, 0x00, 0x9E, 0xDC, 0x00, 0x00, 0x00, 0x01, 0xDE, 0x8D, 0x00, 0x00,
  0x3D, 0xFF, 0x39, 0x00, 0x00, 0x41, 0xFF, 0x2B, 0x00, 0x00, 0x00, 0xDB, 0x95, 0x00, 0x00, 0xA1,
  0xC9, 0x00, 0x00, 0x00, 0x00, 0x7B, 0xEB, 0x05, 0x0C, 0xF4, 0x68, 0x00, 0x00, 0x00, 0x00, 0x1D,
  0xFD, 0x4C, 0x60, 0xF6, 0x0F, 0x00, 0x00, 0x00, 0x00, 0x00, 0xBA, 0xA1, 0xB8, 0xA4, 0x00, 0x00,
  0x00, 0x00, 0x00, 0x00, 0x59, 0xF0, 0xFA, 0x42, 0x00, 0x00, 0x00, 0x00, 0x00, 0x00, 0x08, 0xEF,
  0xDF, 0x01, 0x00, 0x00, 0x00, 0xAF, 0xC0, 0x00, 0x00, 0x00, 0x00, 0xE2, 0xFF, 0x1A, 0x00, 0x00,
  0x00, 0x8F, 0xD9, 0x6D, 0xF5, 0x04, 0x00, 0x00, 0x28, 0xFE, 0xEC, 0x5E, 0x00, 0x00, 0x00, 0xCB,
  0x95, 0x2B, 0xFF, 0x33, 0x00, 0x00, 0x6D, 0xD5, 0xAB, 0xA3, 0x00, 0x00, 0x0B, 0xFB, 0x50, 0x00,
  0xE8, 0x6D, 0x00, 0x00, 0xB2, 0x91, 0x66, 0xE6, 0x00, 0x00, 0x44, 0xFC, 0x0F, 0x00, 0xA7, 0xA6,
  0x00, 0x04, 0xF2, 0x4A, 0x1F, 0xFF, 0x2C, 0x00, 0x80, 0xC8, 0x00, 0x00, 0x64, 0xE0, 0x00, 0x3C,
  0xF8, 0x0A, 0x00, 0xD9, 0x70, 0x00, 0xBC, 0x83, 0x00, 0x00, 0x22, 0xFF, 0x19, 0x81, 0xBB, 0x00,
  0x00, 0x92, 0xB2, 0x04, 0xF4, 0x3F, 0x00, 0x00, 0x00, 0xDF, 0x52, 0xC6, 0x74, 0x00, 0x00, 0x4C,
  0xF0, 0x37, 0xF4, 0x06, 0x00, 0x00, 0x00, 0x9E, 0x93, 0xFB, 0x2D, 0x00, 0x00, 0x0B, 0xF9, 0x98,
  0xB6, 0x00, 0x00, 0x00, 0x00, 0x5C, 0xF3, 0xE6, 0x00, 0x00, 0x00, 0x00, 0xBE, 0xF4, 0x72, 0x00,
  0x00, 0x00, 0x00, 0x1A, 0xFF, 0x9F, 0x00, 0x00, 0x00, 0x00, 0x77, 0xFF, 0x2E, 0x00, 0x00, 0x23,
  0xF4, 0x94, 0x00, 0x00, 0x00, 0x00, 0x47, 0xFC, 0x42, 0x00, 0x67, 0xFE, 0x40, 0x00, 0x00, 0x14,
  0xE7, 0x8A, 0x00, 0x00, 0x00, 0xB5, 0xDD, 0x0B, 0x00, 0xB1, 0xCD, 0x06, 0x00, 0x00, 0x00, 0x19,
  0xEC, 0x99, 0x6F, 0xF5, 0x27, 0x00, 0x00, 0x00, 0x00, 0x00, 0x55, 0xFF, 0xFC, 0x66, 0x00, 0x00,
  0x00, 0x00, 0x00, 0x00, 0x0F, 0xEE, 0xFB, 0x22, 0x00, 0x00, 0x00, 0x00, 0x00, 0x00, 0xA8, 0xE2,
  0xE5, 0xC4, 0x02, 0x00, 0x00, 0x00, 0x00, 0x63, 0xFE, 0x48, 0x4B, 0xFF, 0x79, 0x00, 0x00, 0x00,
  0x28, 0xF5, 0x8F, 0x00, 0x00, 0x98, 0xFA, 0x30, 0x00, 0x07, 0xD0, 0xD0, 0x07, 0x00, 0x00, 0x0B,
  0xDA, 0xD4, 0x08, 0x93, 0xF6, 0x29, 0x00, 0x00, 0x00, 0x00, 0x36, 0xFB, 0x8F, 0xA1, 0xF4, 0x1E,
  0x00, 0x00, 0x00, 0x00, 0x1F, 0xF4, 0x8D, 0x11, 0xE7, 0xB1, 0x00, 0x00, 0x00, 0x00, 0xB2, 0xD7,
  0x08, 0x00, 0x52, 0xFF, 0x4F, 0x00, 0x00, 0x52, 0xFC, 0x37, 0x00, 0x00, 0x00, 0xAB, 0xE2, 0x0E,
  0x10, 0xE4, 0x86, 0x00, 0x00, 0x00, 0x00, 0x17, 0xED, 0xA5, 0xAB, 0xD3, 0x06, 0x00, 0x00, 0x00,
  0x00, 0x00, 0x5D, 0xFF, 0xFB, 0x32, 0x00, 0x00, 0x00, 0x00, 0x00, 0x00, 0x00, 0xD9, 0xA6, 0x00,
  0x00, 0x00, 0x00, 0x00, 0x00, 0x00, 0x00, 0xD0, 0x9C, 0x00, 0x00, 0x00, 0x00, 0x00, 0x00, 0x00,
  0x00, 0xD0, 0x9C, 0x00, 0x00, 0x00, 0x00, 0x00, 0x00, 0x00, 0x00, 0xD0, 0x9C, 0x00, 0x00, 0x00,
  0x00, 0x00, 0x00, 0x00, 0x00, 0xD0, 0x9C, 0x00, 0x00, 0x00, 0x00, 0x14, 0xFF, 0xFF, 0xFF, 0xFF,
  0xFF, 0xFF, 0xFF, 0x9C, 0x00, 0x00, 0x00, 0x00, 0x00, 0x00, 0x6A, 0xFC, 0x3F, 0x00, 0x00, 0x00,
  0x00, 0x00, 0x21, 0xF3, 0x7C, 0x00, 0x00, 0x00, 0x00, 0x00, 0x06, 0xCB, 0xBA, 0x02, 0x00, 0x00,
  0x00, 0x00, 0x00, 0x94, 0xE6, 0x16, 0x00, 0x00, 0x00, 0x00, 0x00, 0x56, 0xFC, 0x3F, 0x00, 0x00,
  0x00, 0x00, 0x00, 0x26, 0xF2, 0x7C, 0x00, 0x00, 0x00, 0x00, 0x00, 0x09, 0xD1, 0xBA, 0x02, 0x00,
  0x00, 0x00, 0x00, 0x00, 0x9D, 0xE6, 0x16, 0x00, 0x00, 0x00, 0x00, 0x00, 0x5E, 0xFF, 0x47, 0x00,
  0x00, 0x00, 0x00, 0x00, 0x00, 0xB4, 0xFF, 0xFF, 0xFF, 0xFF, 0xFF, 0xFF, 0xFF, 0xCC, 0x00, 0xFC,
  0xFF, 0xEC, 0x00, 0xFC, 0x58, 0x00, 0x00, 0xFC, 0x58, 0x00, 0x00, 0xFC, 0x58, 0x00, 0x00, 0xFC,
  0x58, 0x00, 0x00, 0xFC, 0x58, 0x00, 0x00, 0xFC, 0x58, 0x00, 0x00, 0xFC, 0x58, 0x00, 0x00, 0xFC,
  0x58, 0x00, 0x00, 0xFC, 0x58, 0x00, 0x00, 0xFC, 0x58, 0x00, 0x00, 0xFC, 0x58, 0x00, 0x00, 0xFC,
  0x58, 0x00, 0x00, 0xFC, 0xFF, 0xEC, 0xDC, 0x33, 0x00, 0x00, 0x00, 0x94, 0x7C, 0x00, 0x00, 0x00,
  0x4B, 0xC4, 0x00, 0x00, 0x00, 0x0A, 0xF4, 0x10, 0x00, 0x00, 0x00, 0xBB, 0x55, 0x00, 0x00, 0x00,
  0x72, 0x9D, 0x00, 0x00, 0x00, 0x2A, 0xE5, 0x00, 0x00, 0x00, 0x00, 0xE1, 0x2E, 0x00, 0x00, 0x00,
  0x99, 0x76, 0x00, 0x00, 0x00, 0x51, 0xBF, 0x00, 0x00, 0x00, 0x0D, 0xF4, 0x0D, 0xB8, 0xFF, 0xFF,
  0x30, 0x00, 0x20, 0xFF, 0x30, 0x00, 0x20, 0xFF, 0x30, 0x00, 0x20, 0xFF, 0x30, 0x00, 0x20, 0xFF,
  0x30, 0x00, 0x20, 0xFF, 0x30, 0x00, 0x20, 0xFF, 0x30, 0x00, 0x20, 0xFF, 0x30, 0x00, 0x20, 0xFF,
  0x30, 0x00, 0x20, 0xFF, 0x30, 0x00, 0x20, 0xFF, 0x30, 0x00, 0x20, 0xFF, 0x30, 0x00, 0x20, 0xFF,
  0x30, 0xB8, 0xFF, 0xFF, 0x30, 0x00, 0x00, 0x3C, 0xFF, 0x42, 0x00, 0x00, 0x00, 0x00, 0xAA, 0xA5,
  0xB1, 0x00, 0x00, 0x00, 0x1D, 0xEE, 0x0F, 0xEA, 0x22, 0x00, 0x00, 0x88, 0xA1, 0x00, 0x97, 0x8E,
  0x00, 0x09, 0xEC, 0x47, 0x00, 0x3B, 0xF0, 0x0C, 0x65, 0xE9, 0x03, 0x00, 0x00, 0xDD, 0x6C, 0x00,
  0x00, 0x00, 0x00, 0x00, 0x00, 0x00, 0x00, 0x00, 0x00, 0x00, 0x00, 0x00, 0x00, 0x00, 0x00, 0x00,
  0x00, 0x00, 0x00, 0x00, 0x00, 0x00, 0x00, 0x00, 0x00, 0x00, 0x00, 0x00, 0x00, 0x00, 0x00, 0x00,
  0x00, 0x00, 0x00, 0x00, 0x00, 0x00, 0x00, 0x00, 0x00, 0x00, 0x00, 0x00, 0x00, 0x00, 0x00, 0x00,
  0x00, 0x00, 0x00, 0x00, 0x00, 0x00, 0x3C, 0xFF, 0xFF, 0xFF, 0xFF, 0xFF, 0xFF, 0xFF, 0xFF, 0x84,
  0x12, 0xDA, 0xAA, 0x00, 0x00, 0x00, 0x26, 0xEC, 0x2A, 0x00, 0x00, 0x00, 0x00, 0x00, 0x00, 0x00,
  0x00, 0x00, 0x00, 0x00, 0x00, 0x00, 0x00, 0x00, 0x00, 0x00, 0x00, 0x00, 0x00, 0x00, 0x00, 0x00,
  0x00, 0x00, 0x00, 0x00, 0x00, 0x00, 0x00, 0x00, 0x00, 0x00, 0x00, 0x00, 0x00, 0x00, 0x00, 0x00,
  0x00, 0x00, 0x00, 0x00, 0x00, 0x00, 0x00, 0x00, 0x3D, 0xBA, 0xE5, 0xFA, 0xE0, 0x78, 0x00, 0x12,
  0xF3, 0x76, 0x0C, 0x0E, 0x80, 0xFF, 0x2D, 0x00, 0x00, 0x00, 0x00, 0x00, 0x0F, 0xFF, 0x46, 0x00,
  0x07, 0x59, 0x8B, 0xB0, 0xE2, 0xFF, 0x48, 0x10, 0xD6, 0xDA, 0x8A, 0x5C, 0x30, 0xFF, 0x48, 0x5D,
  0xFD, 0x11, 0x00, 0x00, 0x35, 0xFF, 0x49, 0x4B, 0xFF, 0x51, 0x07, 0x36, 0xD5, 0xFF, 0x53, 0x00,
  0x83, 0xE8, 0xF3, 0xC8, 0x5A, 0xCE, 0x8A, 0x04, 0xFF, 0x4C, 0x00, 0x00, 0x00, 0x00, 0x00, 0x04,
  0xFF, 0x4C, 0x00, 0x00, 0x00, 0x00, 0x00, 0x04, 0xFF, 0x4C, 0x00, 0x00, 0x00, 0x00, 0x00, 0x04,
  0xFF, 0x81, 0xCA, 0xF6, 0xCD, 0x35, 0x00, 0x04, 0xFF, 0xED, 0x45, 0x11, 0x89, 0xF5, 0x19, 0x04,
  0xFF, 0x74, 0x00, 0x00, 0x02, 0xDE, 0x81, 0x04, 0xFF, 0x3D, 0x00, 0x00, 0x00, 0xAF, 0xAC, 0x04,
  0xFF, 0x3B, 0x00, 0x00, 0x00, 0xB0, 0xA5, 0x04, 0xFF, 0x67, 0x00, 0x00, 0x04, 0xE2, 0x79, 0x04,
  0xFF, 0xE2, 0x31, 0x11, 0x94, 0xEB, 0x10, 0x04, 0xFF, 0x79, 0xD8, 0xF9, 0xC4, 0x30, 0x00, 0x00,
  0x10, 0x9B, 0xEB, 0xF4, 0xC2, 0x37, 0x00, 0x00, 0xC0, 0xC9, 0x28, 0x14, 0x79, 0xF1, 0x0F, 0x30,
  0xFF, 0x30, 0x00, 0x00, 0x00, 0x00, 0x00, 0x5C, 0xFB, 0x02, 0x00, 0x00, 0x00, 0x00, 0x00, 0x57,
  0xFB, 0x02, 0x00, 0x00, 0x00, 0x00, 0x00, 0x2E, 0xFF, 0x2D, 0x00, 0x00, 0x00, 0x00, 0x00, 0x00,
  0xB7, 0xC3, 0x23, 0x09, 0x5B, 0xFA, 0x23, 0x00, 0x13, 0xA2, 0xEF, 0xF4, 0xC5, 0x43, 0x00, 0x00,
  0x00, 0x00, 0x00, 0x00, 0x0C, 0xFF, 0x44, 0x00, 0x00, 0x00, 0x00, 0x00, 0x0C, 0xFF, 0x44, 0x00,
  0x00, 0x00, 0x00, 0x00, 0x0C, 0xFF, 0x44, 0x00, 0x1B, 0xB1, 0xF3, 0xE4, 0x6B, 0xFF, 0x44, 0x03,
  0xD2, 0xB7, 0x1A, 0x25, 0xCC, 0xFF, 0x44, 0x43, 0xFF, 0x1D, 0x00, 0x00, 0x36, 0xFF, 0x44, 0x70,
  0xED, 0x00, 0x00, 0x00, 0x04, 0xFD, 0x44, 0x70, 0xEE, 0x00, 0x00, 0x00, 0x02, 0xFA, 0x44, 0x40,
  0xFF, 0x23, 0x00, 0x00, 0x2C, 0xFF, 0x44, 0x02, 0xC8, 0xBF, 0x1F, 0x1F, 0xC2, 0xFF, 0x44, 0x00,
  0x14, 0xA8, 0xF2, 0xE9, 0x71, 0xF8, 0x44, 0x00, 0x0E, 0x99, 0xEB, 0xF0, 0xBB, 0x30, 0x00, 0x00,
  0xB3, 0xBB, 0x24, 0x10, 0x78, 0xF2, 0x1D, 0x32, 0xFF, 0x1D, 0x00, 0x00, 0x00, 0xCB, 0x85, 0x5F,
  0xFF, 0xFF, 0xFF, 0xFF, 0xFF, 0xFF, 0xAE, 0x63, 0xF9, 0x04, 0x00, 0x00, 0x00, 0x00, 0x00, 0x38,
  0xFF, 0x40, 0x00, 0x00, 0x00, 0x00, 0x00, 0x00, 0xBC, 0xD7, 0x32, 0x0E, 0x4B, 0xF0, 0x63, 0x00,
  0x12, 0x9E, 0xEC, 0xF8, 0xD5, 0x68, 0x00, 0x00, 0x2D, 0xD4, 0xF9, 0x8C, 0x00, 0xA3, 0xC8, 0x0B,
  0x06, 0x00, 0xB3, 0x9C, 0x00, 0x00, 0xDC, 0xFF, 0xFF, 0xFF, 0x20, 0x00, 0xB4, 0x9C, 0x00, 0x00,
  0x00, 0xB4, 0x9C, 0x00, 0x00, 0x00, 0xB4, 0x9C, 0x00, 0x00, 0x00, 0xB4, 0x9C, 0x00, 0x00, 0x00,
  0xB4, 0x9C, 0x00, 0x00, 0x00, 0xB4, 0x9C, 0x00, 0x00, 0x00, 0xB4, 0x9C, 0x00, 0x00, 0x00, 0x19,
  0xAF, 0xF2, 0xDE, 0x75, 0xE1, 0x58, 0x03, 0xCE, 0xB9, 0x1C, 0x23, 0xC7, 0xFF, 0x58, 0x45, 0xFD,
  0x1B, 0x00, 0x00, 0x2A, 0xFF, 0x58, 0x77, 0xE5, 0x00, 0x00, 0x00, 0x00, 0xF3, 0x58, 0x73, 0xE7,
  0x00, 0x00, 0x00, 0x00, 0xF3, 0x58, 0x45, 0xFE, 0x1B, 0x00, 0x00, 0x26, 0xFF, 0x58, 0x01, 0xCE,
  0xB7, 0x1B, 0x1F, 0xC0, 0xFF, 0x57, 0x00, 0x1E, 0xB5, 0xF6, 0xDD, 0x65, 0xFF, 0x51, 0x00, 0x00,
  0x00, 0x00, 0x00, 0x19, 0xFF, 0x35, 0x23, 0xFF, 0x62, 0x08, 0x19, 0xA6, 0xD5, 0x03, 0x00, 0x5F,
  0xD2, 0xF6, 0xEE, 0xAA, 0x1C, 0x00, 0x04, 0xFF, 0x50, 0x00, 0x00, 0x00, 0x00, 0x00, 0x04, 0xFF,
  0x50, 0x00, 0x00, 0x00, 0x00, 0x00, 0x04, 0xFF, 0x50, 0x00, 0x00, 0x00, 0x00, 0x00, 0x04, 0xFF,
  0x83, 0xC2, 0xF4, 0xDD, 0x5C, 0x00, 0x04, 0xFF, 0xE6, 0x3A, 0x0B, 0x83, 0xFB, 0x1A, 0x04, 0xFF,
  0x73, 0x00, 0x00, 0x0E, 0xFF, 0x4A, 0x04, 0xFF, 0x53, 0x00, 0x00, 0x00, 0xFF, 0x53, 0x04, 0xFF,
  0x50, 0x00, 0x00, 0x00, 0xFF, 0x54, 0x04, 0xFF, 0x50, 0x00, 0x00, 0x00, 0xFF, 0x54, 0x04, 0xFF,
  0x50, 0x00, 0x00, 0x00, 0xFF, 0x54, 0x04, 0xFF, 0x50, 0x00, 0x00, 0x00, 0xFF, 0x54, 0x00, 0xFF,
  0x50, 0x00, 0x00, 0x00, 0x00, 0x00, 0x00, 0x00, 0xFF, 0x50, 0x00, 0xFF, 0x50, 0x00, 0xFF, 0x50,
  0x00, 0xFF, 0x50, 0x00, 0xFF, 0x50, 0x00, 0xFF, 0x50, 0x00, 0xFF, 0x50, 0x00, 0xFF, 0x50, 0x00,
  0x04, 0xFF, 0x4C, 0x00, 0x00, 0x00, 0x00, 0x00, 0x00, 0x00, 0x00, 0x00, 0x04, 0xFF, 0x4C, 0x00,
  0x04, 0xFF, 0x4C, 0x00, 0x04, 0xFF, 0x4C, 0x00, 0x04, 0xFF, 0x4C, 0x00, 0x04, 0xFF, 0x4C, 0x00,
  0x04, 0xFF, 0x4C, 0x00, 0x04, 0xFF, 0x4C, 0x00, 0x04, 0xFF, 0x4C, 0x00, 0x07, 0xFF, 0x46, 0x08,
  0x32, 0xFF, 0x29, 0x89, 0xF3, 0x99, 0x00, 0x00, 0xFF, 0x50, 0x00, 0x00, 0x00, 0x00, 0x00, 0x00,
  0xFF, 0x50, 0x00, 0x00, 0x00, 0x00, 0x00, 0x00, 0xFF, 0x50, 0x00, 0x00, 0x00, 0x00, 0x00, 0x00,
  0xFF, 0x50, 0x00, 0x28, 0xE7, 0xA1, 0x02, 0x00, 0xFF, 0x50, 0x28, 0xE7, 0xA1, 0x02, 0x00, 0x00,
  0xFF, 0x78, 0xE7, 0xA2, 0x02, 0x00, 0x00, 0x00, 0xFF, 0xFE, 0xFE, 0x84, 0x00, 0x00, 0x00, 0x00,
  0xFF, 0xA6, 0x63, 0xFA, 0x2F, 0x00, 0x00, 0x00, 0xFF, 0x50, 0x00, 0xC0, 0xCC, 0x03, 0x00, 0x00,
  0xFF, 0x50, 0x00, 0x27, 0xF9, 0x76, 0x00, 0x00, 0xFF, 0x50, 0x00, 0x00, 0x80, 0xF6, 0x25, 0x0C,
  0xFF, 0x48, 0x0C, 0xFF, 0x48, 0x0C, 0xFF, 0x48, 0x0C, 0xFF, 0x48, 0x0C, 0xFF, 0x48, 0x0C, 0xFF,
  0x48, 0x0C, 0xFF, 0x48, 0x0C, 0xFF, 0x48, 0x0C, 0xFF, 0x48, 0x0C, 0xFF, 0x48, 0x0C, 0xFF, 0x48,
  0x04, 0xFF, 0x5D, 0xCE, 0xF8, 0xD4, 0x36, 0x7C, 0xE8, 0xEF, 0x98, 0x02, 0x00, 0x04, 0xFF, 0xE0,
  0x32, 0x10, 0xC0, 0xF6, 0x9E, 0x12, 0x40, 0xF8, 0x54, 0x00, 0x04, 0xFF, 0x74, 0x00, 0x00, 0x6C,
  0xFE, 0x0E, 0x00, 0x00, 0xCE, 0x81, 0x00, 0x04, 0xFF, 0x54, 0x00, 0x00, 0x64, 0xED, 0x00, 0x00,
  0x00, 0xC8, 0x88, 0x00, 0x04, 0xFF, 0x50, 0x00, 0x00, 0x64, 0xEC, 0x00, 0x00, 0x00, 0xC8, 0x88,
  0x00, 0x04, 0xFF, 0x50, 0x00, 0x00, 0x64, 0xEC, 0x00, 0x00, 0x00, 0xC8, 0x88, 0x00, 0x04, 0xFF,
  0x50, 0x00, 0x00, 0x64, 0xEC, 0x00, 0x00, 0x00, 0xC8, 0x88, 0x00, 0x04, 0xFF, 0x50, 0x00, 0x00,
  0x64, 0xEC, 0x00, 0x00, 0x00, 0xC8, 0x88, 0x00, 0x04, 0xFF, 0x69, 0xCC, 0xF9, 0xDD, 0x5C, 0x00,
  0x04, 0xFF, 0xE5, 0x3A, 0x11, 0x8C, 0xF9, 0x16, 0x04, 0xFF, 0x78, 0x00, 0x00, 0x10, 0xFF, 0x49,
  0x04, 0xFF, 0x55, 0x00, 0x00, 0x04, 0xFF, 0x4F, 0x04, 0xFF, 0x50, 0x00, 0x00, 0x04, 0xFF, 0x50,
  0x04, 0xFF, 0x50, 0x00, 0x00, 0x04, 0xFF, 0x50, 0x04, 0xFF, 0x50, 0x00, 0x00, 0x04, 0xFF, 0x50,
  0x04, 0xFF, 0x50, 0x00, 0x00, 0x04, 0xFF, 0x50, 0x00, 0x15, 0x9A, 0xE5, 0xF7, 0xBF, 0x35, 0x00,
  0x03, 0xCF, 0xC3, 0x26, 0x14, 0x8E, 0xF4, 0x26, 0x4A, 0xFF, 0x22, 0x00, 0x00, 0x01, 0xD5, 0x93,
  0x76, 0xEB, 0x00, 0x00, 0x00, 0x00, 0x9F, 0xC0, 0x6E, 0xEB, 0x00, 0x00, 0x00, 0x00, 0xA1, 0xBA,
  0x43, 0xFF, 0x22, 0x00, 0x00, 0x01, 0xD6, 0x90, 0x01, 0xC6, 0xC3, 0x26, 0x13, 0x8D, 0xF5, 0x27,
  0x00, 0x17, 0xA4, 0xEF, 0xF4, 0xBB, 0x32, 0x00, 0x04, 0xFF, 0x6A, 0xD3, 0xF7, 0xC9, 0x3A, 0x00,
  0x04, 0xFF, 0xEE, 0x4B, 0x11, 0x87, 0xF5, 0x1F, 0x04, 0xFF, 0x7C, 0x00, 0x00, 0x02, 0xDA, 0x83,
  0x04, 0xFF, 0x41, 0x00, 0x00, 0x00, 0xA9, 0xB1, 0x04, 0xFF, 0x3D, 0x00, 0x00, 0x00, 0xAC, 0xAD,
  0x04, 0xFF, 0x6E, 0x00, 0x00, 0x02, 0xDD, 0x7A, 0x04, 0xFF, 0xE7, 0x3C, 0x11, 0x8B, 0xED, 0x17,
  0x04, 0xFF, 0x8E, 0xD0, 0xF5, 0xBE, 0x2D, 0x00, 0x04, 0xFF, 0x50, 0x00, 0x00, 0x00, 0x00, 0x00,
  0x04, 0xFF, 0x50, 0x00, 0x00, 0x00, 0x00, 0x00, 0x04, 0xFF, 0x50, 0x00, 0x00, 0x00, 0x00, 0x00,
  0x00, 0x1C, 0xB2, 0xF4, 0xE4, 0x65, 0xEC, 0x44, 0x03, 0xD2, 0xB9, 0x1A, 0x28, 0xCF, 0xFD, 0x44,
  0x42, 0xFF, 0x1F, 0x00, 0x00, 0x38, 0xFF, 0x44, 0x6D, 0xEE, 0x00, 0x00, 0x00, 0x03, 0xFB, 0x44,
  0x63, 0xEE, 0x00, 0x00, 0x00, 0x00, 0xF7, 0x44, 0x35, 0xFF, 0x24, 0x00, 0x00, 0x28, 0xFF, 0x44,
  0x00, 0xB6, 0xC2, 0x20, 0x1E, 0xC0, 0xFF, 0x44, 0x00, 0x11, 0xA3, 0xF3, 0xE8, 0x76, 0xFF, 0x44,
  0x00, 0x00, 0x00, 0x00, 0x00, 0x0C, 0xFF, 0x44, 0x00, 0x00, 0x00, 0x00, 0x00, 0x0C, 0xFF, 0x44,
  0x00, 0x00, 0x00, 0x00, 0x00, 0x0C, 0xFF, 0x44, 0x08, 0xFF, 0x88, 0xE9, 0xE3, 0x0E, 0x08, 0xFF,
  0xD5, 0x15, 0x2E, 0x00, 0x08, 0xFF, 0x73, 0x00, 0x00, 0x00, 0x08, 0xFF, 0x53, 0x00, 0x00, 0x00,
  0x08, 0xFF, 0x4C, 0x00, 0x00, 0x00, 0x08, 0xFF, 0x4C, 0x00, 0x00, 0x00, 0x08, 0xFF, 0x4C, 0x00,
  0x00, 0x00, 0x08, 0xFF, 0x4C, 0x00, 0x00, 0x00, 0x00, 0x56, 0xD4, 0xF6, 0xD9, 0x91, 0x08, 0x00,
  0x22, 0xFC, 0x4A, 0x07, 0x28, 0xE1, 0x75, 0x00, 0x41, 0xFE, 0x3F, 0x00, 0x00, 0x00, 0x00, 0x00,
  0x04, 0xA9, 0xFF, 0xDC, 0x95, 0x40, 0x00, 0x00, 0x00, 0x00, 0x2C, 0x75, 0xBF, 0xFE, 0x82, 0x00,
  0x00, 0x00, 0x00, 0x00, 0x00, 0x8B, 0xE2, 0x00, 0x51, 0xF1, 0x3E, 0x06, 0x1E, 0xC6, 0xAB, 0x00,
  0x00, 0x70, 0xD9, 0xF8, 0xEC, 0x9E, 0x11, 0x00, 0x00, 0x1F, 0x4D, 0x00, 0x00, 0x00, 0xC2, 0x8C,
  0x00, 0x00, 0x00, 0xC4, 0x8C, 0x00, 0x00, 0xBC, 0xFF, 0xFF, 0xE0, 0x00, 0x00, 0xC4, 0x8C, 0x00,
  0x00, 0x00, 0xC4, 0x8C, 0x00, 0x00, 0x00, 0xC4, 0x8C, 0x00, 0x00, 0x00, 0xC4, 0x8C, 0x00, 0x00,
  0x00, 0xC3, 0x8C, 0x00, 0x00, 0x00, 0xB7, 0xA6, 0x13, 0x00, 0x00, 0x4C, 0xEC, 0xEF, 0x03, 0x0C,
  0xFF, 0x48, 0x00, 0x00, 0x0C, 0xFF, 0x44, 0x0C, 0xFF, 0x48, 0x00, 0x00, 0x0C, 0xFF, 0x44, 0x0C,
  0xFF, 0x48, 0x00, 0x00, 0x0C, 0xFF, 0x44, 0x0C, 0xFF, 0x48, 0x00, 0x00, 0x0C, 0xFF, 0x44, 0x0B,
  0xFF, 0x48, 0x00, 0x00, 0x10, 0xFF, 0x44, 0x06, 0xFF, 0x53, 0x00, 0x00, 0x30, 0xFF, 0x44, 0x00,
  0xCC, 0xB8, 0x13, 0x21, 0xBF, 0xFC, 0x44, 0x00, 0x31, 0xC6, 0xF9, 0xDD, 0x5D, 0xE8, 0x44, 0xA1,
  0xC0, 0x00, 0x00, 0x00, 0x36, 0xFF, 0x24, 0x42, 0xFD, 0x1B, 0x00, 0x00, 0x90, 0xC5, 0x00, 0x01,
  0xE1, 0x72, 0x00, 0x03, 0xE7, 0x67, 0x00, 0x00, 0x84, 0xCB, 0x00, 0x46, 0xF8, 0x10, 0x00, 0x00,
  0x25, 0xFF, 0x25, 0xA0, 0xAA, 0x00, 0x00, 0x00, 0x00, 0xC6, 0x7D, 0xF0, 0x4B, 0x00, 0x00, 0x00,
  0x00, 0x67, 0xF2, 0xE9, 0x04, 0x00, 0x00, 0x00, 0x00, 0x10, 0xF7, 0x8F, 0x00, 0x00, 0x00, 0xCF,
  0x89, 0x00, 0x00, 0x62, 0xFF, 0x37, 0x00, 0x00, 0xB5, 0x90, 0x83, 0xCC, 0x00, 0x00, 0xA4, 0xFE,
  0x76, 0x00, 0x07, 0xF5, 0x42, 0x37, 0xFD, 0x11, 0x00, 0xE5, 0xB3, 0xB6, 0x00, 0x46, 0xEF, 0x04,
  0x01, 0xE8, 0x52, 0x28, 0xF0, 0x4A, 0xF2, 0x03, 0x8F, 0xA6, 0x00, 0x00, 0x9F, 0x96, 0x69, 0xB1,
  0x0A, 0xF9, 0x35, 0xD8, 0x58, 0x00, 0x00, 0x53, 0xDE, 0xAC, 0x6F, 0x00, 0xBF, 0x9D, 0xFA, 0x0F,
  0x00, 0x00, 0x0D, 0xF9, 0xF8, 0x2E, 0x00, 0x7B, 0xFD, 0xBC, 0x00, 0x00, 0x00, 0x00, 0xBA, 0xEB,
  0x01, 0x00, 0x36, 0xFF, 0x6E, 0x00, 0x00, 0x55, 0xFF, 0x46, 0x00, 0x00, 0xB7, 0xD1, 0x06, 0x00,
  0xA7, 0xDB, 0x08, 0x5E, 0xF9, 0x2F, 0x00, 0x00, 0x12, 0xE6, 0xA6, 0xF0, 0x78, 0x00, 0x00, 0x00,
  0x00, 0x4E, 0xFF, 0xCB, 0x03, 0x00, 0x00, 0x00, 0x00, 0x7D, 0xFF, 0xEC, 0x17, 0x00, 0x00, 0x00,
  0x31, 0xFA, 0x77, 0xDC, 0xB1, 0x00, 0x00, 0x07, 0xD4, 0xBA, 0x01, 0x3E, 0xFE, 0x5F, 0x00, 0x8C,
  0xEF, 0x1C, 0x00, 0x00, 0x91, 0xF0, 0x1C, 0x96, 0xD6, 0x00, 0x00, 0x00, 0x21, 0xFF, 0x30, 0x38,
  0xFF, 0x35, 0x00, 0x00, 0x7B, 0xD3, 0x00, 0x00, 0xDA, 0x93, 0x00, 0x00, 0xD4, 0x76, 0x00, 0x00,
  0x7D, 0xEB, 0x05, 0x2E, 0xFD, 0x1B, 0x00, 0x00, 0x20, 0xFE, 0x4D, 0x87, 0xBB, 0x00, 0x00, 0x00,
  0x00, 0xC2, 0xA1, 0xE2, 0x5E, 0x00, 0x00, 0x00, 0x00, 0x64, 0xFC, 0xF4, 0x0C, 0x00, 0x00, 0x00,
  0x00, 0x0F, 0xF7, 0xA3, 0x00, 0x00, 0x00, 0x00, 0x00, 0x06, 0xEF, 0x42, 0x00, 0x00, 0x00, 0x04,
  0x0A, 0x78, 0xD0, 0x00, 0x00, 0x00, 0x00, 0x1D, 0xF4, 0xD9, 0x2D, 0x00, 0x00, 0x00, 0x00, 0x68,
  0xFF, 0xFF, 0xFF, 0xFF, 0xFF, 0xED, 0x00, 0x00, 0x00, 0x00, 0x00, 0x32, 0xF6, 0x67, 0x00, 0x00,
  0x00, 0x00, 0x17, 0xE2, 0x97, 0x00, 0x00, 0x00, 0x00, 0x06, 0xC4, 0xC2, 0x05, 0x00, 0x00, 0x00,
  0x00, 0x9B, 0xE1, 0x15, 0x00, 0x00, 0x00, 0x00, 0x6D, 0xF5, 0x31, 0x00, 0x00, 0x00, 0x00, 0x42,
  0xFA, 0x56, 0x00, 0x00, 0x00, 0x00, 0x00, 0xB3, 0xFF, 0xFF, 0xFF, 0xFF, 0xFF, 0xFF, 0x2C, 0x00,
  0x00, 0x50, 0xEA, 0xA7, 0x00, 0x00, 0xE3, 0x6C, 0x02, 0x00, 0x08, 0xFF, 0x2F, 0x00, 0x00, 0x11,
  0xFF, 0x29, 0x00, 0x00, 0x18, 0xFF, 0x24, 0x00, 0x00, 0x2C, 0xFD, 0x0D, 0x00, 0x07, 0x9F, 0xB2,
  0x00, 0x00, 0x94, 0xEB, 0x1F, 0x00, 0x00, 0x06, 0x93, 0xC3, 0x00, 0x00, 0x00, 0x24, 0xFF, 0x15,
  0x00, 0x00, 0x15, 0xFF, 0x28, 0x00, 0x00, 0x0D, 0xFF, 0x2D, 0x00, 0x00, 0x00, 0xEC, 0x60, 0x01,
  0x00, 0x00, 0x5D, 0xED, 0xA7, 0x00, 0xA0, 0x88, 0x00, 0x00, 0xA0, 0x88, 0x00, 0x00, 0xA0, 0x88,
  0x00, 0x00, 0xA0, 0x88, 0x00, 0x00, 0xA0, 0x88, 0x00, 0x00, 0xA0, 0x88, 0x00, 0x00, 0xA0, 0x88,
  0x00, 0x00, 0xA0, 0x88, 0x00, 0x00, 0xA0, 0x88, 0x00, 0x00, 0xA0, 0x88, 0x00, 0x00, 0xA0, 0x88,
  0x00, 0x00, 0xA0, 0x88, 0x00, 0x00, 0xA0, 0x88, 0x00, 0x00, 0xA0, 0x88, 0x00, 0xA7, 0xEA, 0x4B,
  0x00, 0x00, 0x02, 0x67, 0xDB, 0x00, 0x00, 0x00, 0x2F, 0xFF, 0x06, 0x00, 0x00, 0x2C, 0xFF, 0x0E,
  0x00, 0x00, 0x23, 0xFF, 0x15, 0x00, 0x00, 0x0C, 0xFC, 0x29, 0x00, 0x00, 0x00, 0xAE, 0x9C, 0x07,
  0x00, 0x00, 0x1E, 0xEB, 0x94, 0x00, 0x00, 0xC8, 0x8F, 0x06, 0x00, 0x19, 0xFF, 0x21, 0x00, 0x00,
  0x29, 0xFF, 0x11, 0x00, 0x00, 0x2D, 0xFF, 0x0D, 0x00, 0x02, 0x62, 0xEC, 0x01, 0x00, 0xA7, 0xED,
  0x62, 0x00, 0x00, 0x0D, 0xA6, 0xF1, 0xDB, 0x88, 0x27, 0x0E, 0x83, 0x1E, 0x4D, 0x56, 0x0D, 0x39,
  0x9F, 0xED, 0xE9, 0x87, 0x01, 0x00, 0x00, 0x00, 0x00, 0x00, 0x00, 0x00, 0x00, 0x00, 0x00, 0x00,
  0x00, 0x00, 0x00, 0x00, 0x00, 0x00, 0x00, 0x00, 0x00, 0x00, 0x00, 0x00, 0x00, 0x00, 0x00, 0x00,
  0x00, 0x00, 0x00, 0x00, 0x00, 0x00, 0x00, 0x00, 0x00, 0x00, 0x00, 0x00, 0x00, 0x4F, 0xFD, 0x4A,
  0x00, 0x00, 0x00, 0x00, 0x00, 0x00, 0x00, 0x00, 0x00, 0x00, 0x74, 0xC8, 0x00, 0x00, 0x00, 0x00,
  0x00, 0x00, 0x00, 0x00, 0x00, 0x00, 0x00, 0x00, 0x00, 0x00, 0x00, 0x00, 0x00, 0x00, 0x00, 0x00,
  0x00, 0x18, 0xFC, 0xD2, 0x00, 0x00, 0x00, 0x00, 0x00, 0x00, 0x00, 0x00, 0x00, 0x75, 0xC9, 0xFC,
  0x39, 0x00, 0x00, 0x00, 0x00, 0x00, 0x00, 0x00, 0x00, 0xD4, 0x81, 0xC3, 0xA0, 0x00, 0x00, 0x00,
  0x00, 0x00, 0x00, 0x00, 0x35, 0xFF, 0x35, 0x6D, 0xF6, 0x10, 0x00, 0x00, 0x00, 0x00, 0x00, 0x00,
  0x95, 0xE1, 0x00, 0x1B, 0xFE, 0x6D, 0x00, 0x00, 0x00, 0x00, 0x00, 0x06, 0xED, 0x8F, 0x00, 0x00,
  0xC6, 0xD3, 0x00, 0x00, 0x00, 0x00, 0x00, 0x55, 0xFF, 0x3D, 0x00, 0x00, 0x72, 0xFF, 0x3A, 0x00,
  0x00, 0x00, 0x00, 0xB5, 0xFF, 0xFF, 0xFF, 0xFF, 0xFF, 0xFF, 0xA0, 0x00, 0x00, 0x00, 0x18, 0xFC,
  0x78, 0x00, 0x00, 0x00, 0x00, 0xA3, 0xF6, 0x10, 0x00, 0x00, 0x75, 0xFB, 0x18, 0x00, 0x00, 0x00,
  0x00, 0x38, 0xFF, 0x6D, 0x00, 0x00, 0xD4, 0xAE, 0x00, 0x00, 0x00, 0x00, 0x00, 0x00, 0xCD, 0xD4,
  0x00, 0x00, 0x00, 0x00, 0x00, 0x00, 0x4F, 0xFD, 0x47, 0x00, 0x00, 0x00, 0x00, 0x00, 0x00, 0x00,
  0x00, 0x00, 0xCA, 0x76, 0x00, 0x00, 0x00, 0x00, 0x00, 0x00, 0x00, 0x00, 0x00, 0x00, 0x00, 0x00,
  0x00, 0x00, 0x00, 0x00, 0x00, 0x00, 0x00, 0x00, 0x00, 0x18, 0xFC, 0xD2, 0x00, 0x00, 0x00, 0x00,
  0x00, 0x00, 0x00, 0x00, 0x00, 0x75, 0xC9, 0xFC, 0x39, 0x00, 0x00, 0x00, 0x00, 0x00, 0x00, 0x00,
  0x00, 0xD4, 0x81, 0xC3, 0xA0, 0x00, 0x00, 0x00, 0x00, 0x00, 0x00, 0x00, 0x35, 0xFF, 0x35, 0x6D,
  0xF6, 0x10, 0x00, 0x00, 0x00, 0x00, 0x00, 0x00, 0x95, 0xE1, 0x00, 0x1B, 0xFE, 0x6D, 0x00, 0x00,
  0x00, 0x00, 0x00, 0x06, 0xED, 0x8F, 0x00, 0x00, 0xC6, 0xD3, 0x00, 0x00, 0x00, 0x00, 0x00, 0x55,
  0xFF, 0x3D, 0x00, 0x00, 0x72, 0xFF, 0x3A, 0x00, 0x00, 0x00, 0x00, 0xB5, 0xFF, 0xFF, 0xFF, 0xFF,
  0xFF, 0xFF, 0xA0, 0x00, 0x00, 0x00, 0x18, 0xFC, 0x78, 0x00, 0x00, 0x00, 0x00, 0xA3, 0xF6, 0x10,
  0x00, 0x00, 0x75, 0xFB, 0x18, 0x00, 0x00, 0x00, 0x00, 0x38, 0xFF, 0x6D, 0x00, 0x00, 0xD4, 0xAE,
  0x00, 0x00, 0x00, 0x00, 0x00, 0x00, 0xCD, 0xD4, 0x00, 0x00, 0x00, 0x00, 0x00, 0x4B, 0xFE, 0xDA,
  0x11, 0x00, 0x00, 0x00, 0x00, 0x00, 0x00, 0x00, 0x23, 0xEF, 0x74, 0xB9, 0xBA, 0x03, 0x00, 0x00,
  0x00, 0x00, 0x00, 0x00, 0x00, 0x00, 0x00, 0x00, 0x00, 0x00, 0x00, 0x00, 0x00, 0x00, 0x00, 0x00,
  0x00, 0x18, 0xFC, 0xD2, 0x00, 0x00, 0x00, 0x00, 0x00, 0x00, 0x00, 0x00, 0x00, 0x75, 0xC9, 0xFC,
  0x39, 0x00, 0x00, 0x00, 0x00, 0x00, 0x00, 0x00, 0x00, 0xD4, 0x81, 0xC3, 0xA0, 0x00, 0x00, 0x00,
  0x00, 0x00, 0x00, 0x00, 0x35, 0xFF, 0x35, 0x6D, 0xF6, 0x10, 0x00, 0x00, 0x00, 0x00, 0x00, 0x00,
  0x95, 0xE1, 0x00, 0x1B, 0xFE, 0x6D, 0x00, 0x00, 0x00, 0x00, 0x00, 0x06, 0xED, 0x8F, 0x00, 0x00,
  0xC6, 0xD3, 0x00, 0x00, 0x00, 0x00, 0x00, 0x55, 0xFF, 0x3D, 0x00, 0x00, 0x72, 0xFF, 0x3A, 0x00,
  0x00, 0x00, 0x00, 0xB5, 0xFF, 0xFF, 0xFF, 0xFF, 0xFF, 0xFF, 0xA0, 0x00, 0x00, 0x00, 0x18, 0xFC,
  0x78, 0x00, 0x00, 0x00, 0x00, 0xA3, 0xF6, 0x10, 0x00, 0x00, 0x75, 0xFB, 0x18, 0x00, 0x00, 0x00,
  0x00, 0x38, 0xFF, 0x6D, 0x00, 0x00, 0xD4, 0xAE, 0x00, 0x00, 0x00, 0x00, 0x00, 0x00, 0xCD, 0xD4,
  0x00, 0x00, 0x00, 0x00, 0x10, 0xCF, 0xD4, 0x3A, 0x9F, 0x62, 0x00, 0x00, 0x00, 0x00, 0x00, 0x00,
  0x61, 0xAD, 0x36, 0xCF, 0xD6, 0x13, 0x00, 0x00, 0x00, 0x00, 0x00, 0x00, 0x00, 0x00, 0x00, 0x00,
  0x00, 0x00, 0x00, 0x00, 0x00, 0x00, 0x00, 0x00, 0x00, 0x18, 0xFC, 0xD2, 0x00, 0x00, 0x00, 0x00,
  0x00, 0x00, 0x00, 0x00, 0x00, 0x75, 0xC9, 0xFC, 0x39, 0x00, 0x00, 0x00, 0x00, 0x00, 0x00, 0x00,
  0x00, 0xD4, 0x81, 0xC3, 0xA0, 0x00, 0x00, 0x00, 0x00, 0x00, 0x00, 0x00, 0x35, 0xFF, 0x35, 0x6D,
  0xF6, 0x10, 0x00, 0x00, 0x00, 0x00, 0x00, 0x00, 0x95, 0xE1, 0x00, 0x1B, 0xFE, 0x6D, 0x00, 0x00,
  0x00, 0x00, 0x00, 0x06, 0xED, 0x8F, 0x00, 0x00, 0xC6, 0xD3, 0x00, 0x00, 0x00, 0x00, 0x00, 0x55,
  0xFF, 0x3D, 0x00, 0x00, 0x72, 0xFF, 0x3A, 0x00, 0x00, 0x00, 0x00, 0xB5, 0xFF, 0xFF, 0xFF, 0xFF,
  0xFF, 0xFF, 0xA0, 0x00, 0x00, 0x00, 0x18, 0xFC, 0x78, 0x00, 0x00, 0x00, 0x00, 0xA3, 0xF6, 0x10,
  0x00, 0x00, 0x75, 0xFB, 0x18, 0x00, 0x00, 0x00, 0x00, 0x38, 0xFF, 0x6D, 0x00, 0x00, 0xD4, 0xAE,
  0x00, 0x00, 0x00, 0x00, 0x00, 0x00, 0xCD, 0xD4, 0x00, 0x00, 0x00, 0x00, 0x2B, 0xF1, 0x7A, 0x00,
  0x00, 0x00, 0x00, 0x00, 0x00, 0x00, 0x00, 0x48, 0xE8, 0x0C, 0x00, 0x00, 0x00, 0x00, 0x00, 0x00,
  0x00, 0x00, 0x00, 0x00, 0x00, 0x00, 0x00, 0x00, 0xD0, 0xFF, 0xFF, 0xFF, 0xFF, 0xFF, 0xFF, 0xF4,
  0x00, 0x00, 0xD0, 0x9C, 0x00, 0x00, 0x00, 0x00, 0x00, 0x00, 0x00, 0x00, 0xD0, 0x9C, 0x00, 0x00,
  0x00, 0x00, 0x00, 0x00, 0x00, 0x00, 0xD0, 0x9C, 0x00, 0x00, 0x00, 0x00, 0x00, 0x00, 0x00, 0x00,
  0xD0, 0x9C, 0x00, 0x00, 0x00, 0x00, 0x00, 0x00, 0x00, 0x00, 0xD0, 0xFF, 0xFF, 0xFF, 0xFF, 0xFF,
  0xFF, 0x8C, 0x00, 0x00, 0xD0, 0x9C, 0x00, 0x00, 0x00, 0x00, 0x00, 0x00, 0x00, 0x00, 0xD0, 0x9C,
  0x00, 0x00, 0x00, 0x00, 0x00, 0x00, 0x00, 0x00, 0xD0, 0x9C, 0x00, 0x00, 0x00, 0x00, 0x00, 0x00,
  0x00, 0x00, 0xD0, 0x9C, 0x00, 0x00, 0x00, 0x00, 0x00, 0x00, 0x00, 0x00, 0xD0, 0xFF, 0xFF, 0xFF,
  0xFF, 0xFF, 0xFF, 0xFF, 0x34, 0x00, 0x00, 0x00, 0x00, 0x2B, 0xFE, 0x68, 0x00, 0x00, 0x00, 0x00,
  0x00, 0x00, 0x00, 0xA6, 0x9B, 0x00, 0x00, 0x00, 0x00, 0x00, 0x00, 0x00, 0x00, 0x00, 0x00, 0x00,
  0x00, 0x00, 0x00, 0x00, 0xD0, 0xFF, 0xFF, 0xFF, 0xFF, 0xFF, 0xFF, 0xF4, 0x00, 0x00, 0xD0, 0x9C,
  0x00, 0x00, 0x00, 0x00, 0x00, 0x00, 0x00, 0x00, 0xD0, 0x9C, 0x00, 0x00, 0x00, 0x00, 0x00, 0x00,
  0x00, 0x00, 0xD0, 0x9C, 0x00, 0x00, 0x00, 0x00, 0x00, 0x00, 0x00, 0x00, 0xD0, 0x9C, 0x00, 0x00,
  0x00, 0x00, 0x00, 0x00, 0x00, 0x00, 0xD0, 0xFF, 0xFF, 0xFF, 0xFF, 0xFF, 0xFF, 0x8C, 0x00, 0x00,
  0xD0, 0x9C, 0x00, 0x00, 0x00, 0x00, 0x00, 0x00, 0x00, 0x00, 0xD0, 0x9C, 0x00, 0x00, 0x00, 0x00,
  0x00, 0x00, 0x00, 0x00, 0xD0, 0x9C, 0x00, 0x00, 0x00, 0x00, 0x00, 0x00, 0x00, 0x00, 0xD0, 0x9C,
  0x00, 0x00, 0x00, 0x00, 0x00, 0x00, 0x00, 0x00, 0xD0, 0xFF, 0xFF, 0xFF, 0xFF, 0xFF, 0xFF, 0xFF,
  0x34, 0x00, 0x00, 0x00, 0x16, 0xE3, 0xFB, 0x41, 0x00, 0x00, 0x00, 0x00, 0x00, 0x03, 0xBF, 0xBD,
  0x71, 0xEC, 0x22, 0x00, 0x00, 0x00, 0x00, 0x00, 0x00, 0x00, 0x00, 0x00, 0x00, 0x00, 0x00, 0x00,
  0xD0, 0xFF, 0xFF, 0xFF, 0xFF, 0xFF, 0xFF, 0xF4, 0x00, 0x00, 0xD0, 0x9C, 0x00, 0x00, 0x00, 0x00,
  0x00, 0x00, 0x00, 0x00, 0xD0, 0x9C, 0x00, 0x00, 0x00, 0x00, 0x00, 0x00, 0x00, 0x00, 0xD0, 0x9C,
  0x00, 0x00, 0x00, 0x00, 0x00, 0x00, 0x00, 0x00, 0xD0, 0x9C, 0x00, 0x00, 0x00, 0x00, 0x00, 0x00,
  0x00, 0x00, 0xD0, 0xFF, 0xFF, 0xFF, 0xFF, 0xFF, 0xFF, 0x8C, 0x00, 0x00, 0xD0, 0x9C, 0x00, 0x00,
  0x00, 0x00, 0x00, 0x00, 0x00, 0x00, 0xD0, 0x9C, 0x00, 0x00, 0x00, 0x00, 0x00, 0x00, 0x00, 0x00,
  0xD0, 0x9C, 0x00, 0x00, 0x00, 0x00, 0x00, 0x00, 0x00, 0x00, 0xD0, 0x9C, 0x00, 0x00, 0x00, 0x00,
  0x00, 0x00, 0x00, 0x00, 0xD0, 0xFF, 0xFF, 0xFF, 0xFF, 0xFF, 0xFF, 0xFF, 0x34, 0x36, 0xF6, 0x6A,
  0x00, 0x00, 0x55, 0xE0, 0x06, 0x00, 0x00, 0x00, 0x00, 0x00, 0x98, 0xD0, 0x00, 0x00, 0x98, 0xD0,
  0x00, 0x00, 0x98, 0xD0, 0x00, 0x00, 0x98, 0xD0, 0x00, 0x00, 0x98, 0xD0, 0x00, 0x00, 0x98, 0xD0,
  0x00, 0x00, 0x98, 0xD0, 0x00, 0x00, 0x98, 0xD0, 0x00, 0x00, 0x98, 0xD0, 0x00, 0x00, 0x98, 0xD0,
  0x00, 0x00, 0x98, 0xD0, 0x00, 0x00, 0x3E, 0xFF, 0x55, 0x00, 0xBA, 0x86, 0x00, 0x00, 0x00, 0x00,
  0x00, 0x00, 0x98, 0xD0, 0x00, 0x00, 0x98, 0xD0, 0x00, 0x00, 0x98, 0xD0, 0x00, 0x00, 0x98, 0xD0,
  0x00, 0x00, 0x98, 0xD0, 0x00, 0x00, 0x98, 0xD0, 0x00, 0x00, 0x98, 0xD0, 0x00, 0x00, 0x98, 0xD0,
  0x00, 0x00, 0x98, 0xD0, 0x00, 0x00, 0x98, 0xD0, 0x00, 0x00, 0x98, 0xD0, 0x00, 0x00, 0x00, 0x00,
  0x00, 0xA0, 0xEB, 0x0B, 0x00, 0x00, 0x00, 0x00, 0x00, 0x00, 0x00, 0x00, 0x00, 0x06, 0xC1, 0x74,
  0x00, 0x00, 0x00, 0x00, 0x00, 0x00, 0x00, 0x00, 0x00, 0x00, 0x00, 0x00, 0x00, 0x00, 0x00, 0x00,
  0x00, 0x00, 0x00, 0x07, 0x75, 0xD1, 0xF7, 0xEB, 0xB8, 0x47, 0x00, 0x00, 0x00, 0x00, 0x08, 0xC2,
  0xD5, 0x49, 0x0A, 0x17, 0x71, 0xF7, 0x7D, 0x00, 0x00, 0x00, 0x8A, 0xE4, 0x12, 0x00, 0x00, 0x00,
  0x00, 0x52, 0xFE, 0x3E, 0x00, 0x04, 0xF2, 0x7C, 0x00, 0x00, 0x00, 0x00, 0x00, 0x00, 0xD0, 0xAA,
  0x00, 0x2F, 0xFF, 0x45, 0x00, 0x00, 0x00, 0x00, 0x00, 0x00, 0x90, 0xE4, 0x00, 0x42, 0xFF, 0x33,
  0x00, 0x00, 0x00, 0x00, 0x00, 0x00, 0x7D, 0xF9, 0x00, 0x30, 0xFF, 0x40, 0x00, 0x00, 0x00, 0x00,
  0x00, 0x00, 0x8D, 0xE4, 0x00, 0x06, 0xEE, 0x7B, 0x00, 0x00, 0x00, 0x00, 0x00, 0x00, 0xC9, 0xAC,
  0x00, 0x00, 0x85, 0xE7, 0x16, 0x00, 0x00, 0x00, 0x00, 0x4B, 0xFF, 0x42, 0x00, 0x00, 0x07, 0xBC,
  0xD8, 0x48, 0x09, 0x13, 0x6A, 0xF4, 0x82, 0x00, 0x00, 0x00, 0x00, 0x04, 0x6D, 0xCE, 0xF4, 0xEC,
  0xB8, 0x48, 0x00, 0x00, 0x00, 0x00, 0x00, 0x00, 0x00, 0x00, 0x53, 0xFC, 0x44, 0x00, 0x00, 0x00,
  0x00, 0x00, 0x00, 0x00, 0x00, 0x00, 0xCD, 0x72, 0x00, 0x00, 0x00, 0x00, 0x00, 0x00, 0x00, 0x00,
  0x00, 0x00, 0x00, 0x00, 0x00, 0x00, 0x00, 0x00, 0x00, 0x00, 0x00, 0x07, 0x75, 0xD1, 0xF7, 0xEB,
  0xB8, 0x47, 0x00, 0x00, 0x00, 0x00, 0x08, 0xC2, 0xD5, 0x49, 0x0A, 0x17, 0x71, 0xF7, 0x7D, 0x00,
  0x00, 0x00, 0x8A, 0xE4, 0x12, 0x00, 0x00, 0x00, 0x00, 0x52, 0xFE, 0x3E, 0x00, 0x04, 0xF2, 0x7C,
  0x00, 0x00, 0x00, 0x00, 0x00, 0x00, 0xD0, 0xAA, 0x00, 0x2F, 0xFF, 0x45, 0x00, 0x00, 0x00, 0x00,
  0x00, 0x00, 0x90, 0xE4, 0x00, 0x42, 0xFF, 0x33, 0x00, 0x00, 0x00, 0x00, 0x00, 0x00, 0x7D, 0xF9,
  0x00, 0x30, 0xFF, 0x40, 0x00, 0x00, 0x00, 0x00, 0x00, 0x00, 0x8D, 0xE4, 0x00, 0x06, 0xEE, 0x7B,
  0x00, 0x00, 0x00, 0x00, 0x00, 0x00, 0xC9, 0xAC, 0x00, 0x00, 0x85, 0xE7, 0x16, 0x00, 0x00, 0x00,
  0x00, 0x4B, 0xFF, 0x42, 0x00, 0x00, 0x07, 0xBC, 0xD8, 0x48, 0x09, 0x13, 0x6A, 0xF4, 0x82, 0x00,
  0x00, 0x00, 0x00, 0x04, 0x6D, 0xCE, 0xF4, 0xEC, 0xB8, 0x48, 0x00, 0x00, 0x00, 0x00, 0x00, 0x00,
  0x00, 0x4E, 0xFE, 0xD8, 0x0F, 0x00, 0x00, 0x00, 0x00, 0x00, 0x00, 0x00, 0x26, 0xF1, 0x71, 0xBC,
  0xB7, 0x03, 0x00, 0x00, 0x00, 0x00, 0x00, 0x00, 0x00, 0x00, 0x00, 0x00, 0x00, 0x00, 0x00, 0x00,
  0x00, 0x00, 0x00, 0x07, 0x75, 0xD1, 0xF7, 0xEB, 0xB8, 0x47, 0x00, 0x00, 0x00, 0x00, 0x08, 0xC2,
  0xD5, 0x49, 0x0A, 0x17, 0x71, 0xF7, 0x7D, 0x00, 0x00, 0x00, 0x8A, 0xE4, 0x12, 0x00, 0x00, 0x00,
  0x00, 0x52, 0xFE, 0x3E, 0x00, 0x04, 0xF2, 0x7C, 0x00, 0x00, 0x00, 0x00, 0x00, 0x00, 0xD0, 0xAA,
  0x00, 0x2F, 0xFF, 0x45, 0x00, 0x00, 0x00, 0x00, 0x00, 0x00, 0x90, 0xE4, 0x00, 0x42, 0xFF, 0x33,
  0x00, 0x00, 0x00, 0x00, 0x00, 0x00, 0x7D, 0xF9, 0x00, 0x30, 0xFF, 0x40, 0x00, 0x00, 0x00, 0x00,
  0x00, 0x00, 0x8D, 0xE4, 0x00, 0x06, 0xEE, 0x7B, 0x00, 0x00, 0x00, 0x00, 0x00, 0x00, 0xC9, 0xAC,
  0x00, 0x00, 0x85, 0xE7, 0x16, 0x00, 0x00, 0x00, 0x00, 0x4B, 0xFF, 0x42, 0x00, 0x00, 0x07, 0xBC,
  0xD8, 0x48, 0x09, 0x13, 0x6A, 0xF4, 0x82, 0x00, 0x00, 0x00, 0x00, 0x04, 0x6D, 0xCE, 0xF4, 0xEC,
  0xB8, 0x48, 0x00, 0x00, 0x00, 0x00, 0x00, 0x00, 0x24, 0xDF, 0xC2, 0x2A, 0xC1, 0x3E, 0x00, 0x00,
  0x00, 0x00, 0x00, 0x00, 0x85, 0x8A, 0x4A, 0xDE, 0xC1, 0x04, 0x00, 0x00, 0x00, 0x00, 0x00, 0x00,
  0x00, 0x00, 0x00, 0x00, 0x00, 0x00, 0x00, 0x00, 0x00, 0x00, 0x00, 0x07, 0x75, 0xD1, 0xF7, 0xEB,
  0xB8, 0x47, 0x00, 0x00, 0x00, 0x00, 0x08, 0xC2, 0xD5, 0x49, 0x0A, 0x17, 0x71, 0xF7, 0x7D, 0x00,
  0x00, 0x00, 0x8A, 0xE4, 0x12, 0x00, 0x00, 0x00, 0x00, 0x52, 0xFE, 0x3E, 0x00, 0x04, 0xF2, 0x7C,
  0x00, 0x00, 0x00, 0x00, 0x00, 0x00, 0xD0, 0xAA, 0x00, 0x2F, 0xFF, 0x45, 0x00, 0x00, 0x00, 0x00,
  0x00, 0x00, 0x90, 0xE4, 0x00, 0x42, 0xFF, 0x33, 0x00, 0x00, 0x00, 0x00, 0x00, 0x00, 0x7D, 0xF9,
  0x00, 0x30, 0xFF, 0x40, 0x00, 0x00, 0x00, 0x00, 0x00, 0x00, 0x8D, 0xE4, 0x00, 0x06, 0xEE, 0x7B,
  0x00, 0x00, 0x00, 0x00, 0x00, 0x00, 0xC9, 0xAC, 0x00, 0x00, 0x85, 0xE7, 0x16, 0x00, 0x00, 0x00,
  0x00, 0x4B, 0xFF, 0x42, 0x00, 0x00, 0x07, 0xBC, 0xD8, 0x48, 0x09, 0x13, 0x6A, 0xF4, 0x82, 0x00,
  0x00, 0x00, 0x00, 0x04, 0x6D, 0xCE, 0xF4, 0xEC, 0xB8, 0x48, 0x00, 0x00, 0x00, 0x00, 0x00, 0x00,
  0x26, 0xEE, 0x82, 0x00, 0x00, 0x00, 0x00, 0x00, 0x00, 0x00, 0x00, 0x00, 0x42, 0xEB, 0x10, 0x00,
  0x00, 0x00, 0x00, 0x00, 0x00, 0x00, 0x00, 0x00, 0x00, 0x00, 0x00, 0x00, 0x00, 0x00, 0x00, 0xD4,
  0x98, 0x00, 0x00, 0x00, 0x00, 0x00, 0xCC, 0xA0, 0x00, 0x00, 0xD4, 0x98, 0x00, 0x00, 0x00, 0x00,
  0x00, 0xCC, 0xA0, 0x00, 0x00, 0xD4, 0x98, 0x00, 0x00, 0x00, 0x00, 0x00, 0xCC, 0xA0, 0x00, 0x00,
  0xD4, 0x98, 0x00, 0x00, 0x00, 0x00, 0x00, 0xCC, 0xA0, 0x00, 0x00, 0xD4, 0x98, 0x00, 0x00, 0x00,
  0x00, 0x00, 0xCC, 0xA0, 0x00, 0x00, 0xD4, 0x98, 0x00, 0x00, 0x00, 0x00, 0x00, 0xCC, 0xA0, 0x00,
  0x00, 0xCF, 0x9A, 0x00, 0x00, 0x00, 0x00, 0x00, 0xCE, 0x9B, 0x00, 0x00, 0xBE, 0xA7, 0x00, 0x00,
  0x00, 0x00, 0x00, 0xDD, 0x89, 0x00, 0x00, 0x8B, 0xDB, 0x02, 0x00, 0x00, 0x00, 0x17, 0xFD, 0x54,
  0x00, 0x00, 0x20, 0xF2, 0x9A, 0x1E, 0x09, 0x31, 0xBF, 0xD2, 0x05, 0x00, 0x00, 0x00, 0x2C, 0xAE,
  0xE9, 0xF9, 0xE2, 0x95, 0x12, 0x00, 0x00, 0x00, 0x00, 0x00, 0x00, 0x00, 0xC6, 0xC6, 0x06, 0x00,
  0x00, 0x00, 0x00, 0x00, 0x00, 0x00, 0x42, 0xE5, 0x19, 0x00, 0x00, 0x00, 0x00, 0x00, 0x00, 0x00,
  0x00, 0x00, 0x00, 0x00, 0x00, 0x00, 0x00, 0x00, 0x00, 0xD4, 0x98, 0x00, 0x00, 0x00, 0x00, 0x00,
  0xCC, 0xA0, 0x00, 0x00, 0xD4, 0x98, 0x00, 0x00, 0x00, 0x00, 0x00, 0xCC, 0xA0, 0x00, 0x00, 0xD4,
  0x98, 0x00, 0x00, 0x00, 0x00, 0x00, 0xCC, 0xA0, 0x00, 0x00, 0xD4, 0x98, 0x00, 0x00, 0x00, 0x00,
  0x00, 0xCC, 0xA0, 0x00, 0x00, 0xD4, 0x98, 0x00, 0x00, 0x00, 0x00, 0x00, 0xCC, 0xA0, 0x00, 0x00,
  0xD4, 0x98, 0x00, 0x00, 0x00, 0x00, 0x00, 0xCC, 0xA0, 0x00, 0x00, 0xCF, 0x9A, 0x00, 0x00, 0x00,
  0x00, 0x00, 0xCE, 0x9B, 0x00, 0x00, 0xBE, 0xA7, 0x00, 0x00, 0x00, 0x00, 0x00, 0xDD, 0x89, 0x00,
  0x00, 0x8B, 0xDB, 0x02, 0x00, 0x00, 0x00, 0x17, 0xFD, 0x54, 0x00, 0x00, 0x20, 0xF2, 0x9A, 0x1E,
  0x09, 0x31, 0xBF, 0xD2, 0x05, 0x00, 0x00, 0x00, 0x2C, 0xAE, 0xE9, 0xF9, 0xE2, 0x95, 0x12, 0x00,
  0x00, 0x00, 0x00, 0x00, 0x00, 0x36, 0xFF, 0x5C, 0x00, 0x00, 0x00, 0x00, 0x00, 0x00, 0x00, 0xB2,
  0x8E, 0x00, 0x00, 0x00, 0x00, 0x00, 0x00, 0x00, 0x00, 0x00, 0x00, 0x00, 0x00, 0x00, 0x00, 0xA1,
  0xF4, 0x1E, 0x00, 0x00, 0x00, 0x00, 0x1F, 0xF4, 0x8D, 0x11, 0xE7, 0xB1, 0x00, 0x00, 0x00, 0x00,
  0xB2, 0xD7, 0x08, 0x00, 0x52, 0xFF, 0x4F, 0x00, 0x00, 0x52, 0xFC, 0x37, 0x00, 0x00, 0x00, 0xAB,
  0xE2, 0x0E, 0x10, 0xE4, 0x86, 0x00, 0x00, 0x00, 0x00, 0x17, 0xED, 0xA5, 0xAB, 0xD3, 0x06, 0x00,
  0x00, 0x00, 0x00, 0x00, 0x5D, 0xFF, 0xFB, 0x32, 0x00, 0x00, 0x00, 0x00, 0x00, 0x00, 0x00, 0xD9,
  0xA6, 0x00, 0x00, 0x00, 0x00, 0x00, 0x00, 0x00, 0x00, 0xD0, 0x9C, 0x00, 0x00, 0x00, 0x00, 0x00,
  0x00, 0x00, 0x00, 0xD0, 0x9C, 0x00, 0x00, 0x00, 0x00, 0x00, 0x00, 0x00, 0x00, 0xD0, 0x9C, 0x00,
  0x00, 0x00, 0x00, 0x00, 0x00, 0x00, 0x00, 0xD0, 0x9C, 0x00, 0x00, 0x00, 0x00, 0x00, 0x00, 0x28,
  0xEF, 0x7E, 0x00, 0x00, 0x00, 0x00, 0x00, 0x00, 0x44, 0xE9, 0x0E, 0x00, 0x00, 0x00, 0x00, 0x00,
  0x00, 0x00, 0x00, 0x00, 0x00, 0x00, 0x3D, 0xBA, 0xE5, 0xFA, 0xE0, 0x78, 0x00, 0x12, 0xF3, 0x76,
  0x0C, 0x0E, 0x80, 0xFF, 0x2D, 0x00, 0x00, 0x00, 0x00, 0x00, 0x0F, 0xFF, 0x46, 0x00, 0x07, 0x59,
  0x8B, 0xB0, 0xE2, 0xFF, 0x48, 0x10, 0xD6, 0xDA, 0x8A, 0x5C, 0x30, 0xFF, 0x48, 0x5D, 0xFD, 0x11,
  0x00, 0x00, 0x35, 0xFF, 0x49, 0x4B, 0xFF, 0x51, 0x07, 0x36, 0xD5, 0xFF, 0x53, 0x00, 0x83, 0xE8,
  0xF3, 0xC8, 0x5A, 0xCE, 0x8A, 0x00, 0x00, 0x00, 0x04, 0xDE, 0xAF, 0x01, 0x00, 0x00, 0x00, 0x00,
  0x5E, 0xD5, 0x0D, 0x00, 0x00, 0x00, 0x00, 0x00, 0x00, 0x00, 0x00, 0x00, 0x00, 0x00, 0x3D, 0xBA,
  0xE5, 0xFA, 0xE0, 0x78, 0x00, 0x12, 0xF3, 0x76, 0x0C, 0x0E, 0x80, 0xFF, 0x2D, 0x00, 0x00, 0x00,
  0x00, 0x00, 0x0F, 0xFF, 0x46, 0x00, 0x07, 0x59, 0x8B, 0xB0, 0xE2, 0xFF, 0x48, 0x10, 0xD6, 0xDA,
  0x8A, 0x5C, 0x30, 0xFF, 0x48, 0x5D, 0xFD, 0x11, 0x00, 0x00, 0x35, 0xFF, 0x49, 0x4B, 0xFF, 0x51,
  0x07, 0x36, 0xD5, 0xFF, 0x53, 0x00, 0x83, 0xE8, 0xF3, 0xC8, 0x5A, 0xCE, 0x8A, 0x00, 0x00, 0x19,
  0xE7, 0xF9, 0x3A, 0x00, 0x00, 0x00, 0x05, 0xC5, 0xB7, 0x77, 0xE8, 0x1D, 0x00, 0x00, 0x00, 0x00,
  0x00, 0x00, 0x00, 0x00, 0x00, 0x00, 0x3D, 0xBA, 0xE5, 0xFA, 0xE0, 0x78, 0x00, 0x12, 0xF3, 0x76,
  0x0C, 0x0E, 0x80, 0xFF, 0x2D, 0x00, 0x00, 0x00, 0x00, 0x00, 0x0F, 0xFF, 0x46, 0x00, 0x07, 0x59,
  0x8B, 0xB0, 0xE2, 0xFF, 0x48, 0x10, 0xD6, 0xDA, 0x8A, 0x5C, 0x30, 0xFF, 0x48, 0x5D, 0xFD, 0x11,
  0x00, 0x00, 0x35, 0xFF, 0x49, 0x4B, 0xFF, 0x51, 0x07, 0x36, 0xD5, 0xFF, 0x53, 0x00, 0x83, 0xE8,
  0xF3, 0xC8, 0x5A, 0xCE, 0x8A, 0x00, 0x04, 0xBC, 0xE0, 0x4C, 0x80, 0x82, 0x00, 0x00, 0x41, 0xCA,
  0x29, 0xBF, 0xE3, 0x26, 0x00, 0x00, 0x00, 0x00, 0x00, 0x00, 0x00, 0x00, 0x00, 0x00, 0x3D, 0xBA,
  0xE5, 0xFA, 0xE0, 0x78, 0x00, 0x12, 0xF3, 0x76, 0x0C, 0x0E, 0x80, 0xFF, 0x2D, 0x00, 0x00, 0x00,
  0x00, 0x00, 0x0F, 0xFF, 0x46, 0x00, 0x07, 0x59, 0x8B, 0xB0, 0xE2, 0xFF, 0x48, 0x10, 0xD6, 0xDA,
  0x8A, 0x5C, 0x30, 0xFF, 0x48, 0x5D, 0xFD, 0x11, 0x00, 0x00, 0x35, 0xFF, 0x49, 0x4B, 0xFF, 0x51,
  0x07, 0x36, 0xD5, 0xFF, 0x53, 0x00, 0x83, 0xE8, 0xF3, 0xC8, 0x5A, 0xCE, 0x8A, 0x00, 0x00, 0x4F,
  0xFD, 0x4A, 0x00, 0x00, 0x00, 0x00, 0x00, 0x00, 0x74, 0xC8, 0x00, 0x00, 0x00, 0x00, 0x00, 0x00,
  0x00, 0x00, 0x00, 0x00, 0x00, 0x00, 0x0E, 0x99, 0xEB, 0xF0, 0xBB, 0x30, 0x00, 0x00, 0xB3, 0xBB,
  0x24, 0x10, 0x78, 0xF2, 0x1D, 0x32, 0xFF, 0x1D, 0x00, 0x00, 0x00, 0xCB, 0x85, 0x5F, 0xFF, 0xFF,
  0xFF, 0xFF, 0xFF, 0xFF, 0xAE, 0x63, 0xF9, 0x04, 0x00, 0x00, 0x00, 0x00, 0x00, 0x38, 0xFF, 0x40,
  0x00, 0x00, 0x00, 0x00, 0x00, 0x00, 0xBC, 0xD7, 0x32, 0x0E, 0x4B, 0xF0, 0x63, 0x00, 0x12, 0x9E,
  0xEC, 0xF8, 0xD5, 0x68, 0x00, 0x00, 0x00, 0x00, 0x03, 0xDB, 0xB2, 0x01, 0x00, 0x00, 0x00, 0x00,
  0x5A, 0xD8, 0x0E, 0x00, 0x00, 0x00, 0x00, 0x00, 0x00, 0x00, 0x00, 0x00, 0x00, 0x00, 0x0E, 0x99,
  0xEB, 0xF0, 0xBB, 0x30, 0x00, 0x00, 0xB3, 0xBB, 0x24, 0x10, 0x78, 0xF2, 0x1D, 0x32, 0xFF, 0x1D,
  0x00, 0x00, 0x00, 0xCB, 0x85, 0x5F, 0xFF, 0xFF, 0xFF, 0xFF, 0xFF, 0xFF, 0xAE, 0x63, 0xF9, 0x04,
  0x00, 0x00, 0x00, 0x00, 0x00, 0x38, 0xFF, 0x40, 0x00, 0x00, 0x00, 0x00, 0x00, 0x00, 0xBC, 0xD7,
  0x32, 0x0E, 0x4B, 0xF0, 0x63, 0x00, 0x12, 0x9E, 0xEC, 0xF8, 0xD5, 0x68, 0x00, 0x00, 0x00, 0x17,
  0xE5, 0xFA, 0x3D, 0x00, 0x00, 0x00, 0x04, 0xC2, 0xBA, 0x74, 0xEA, 0x1F, 0x00, 0x00, 0x00, 0x00,
  0x00, 0x00, 0x00, 0x00, 0x00, 0x00, 0x0E, 0x99, 0xEB, 0xF0, 0xBB, 0x30, 0x00, 0x00, 0xB3, 0xBB,
  0x24, 0x10, 0x78, 0xF2, 0x1D, 0x32, 0xFF, 0x1D, 0x00, 0x00, 0x00, 0xCB, 0x85, 0x5F, 0xFF, 0xFF,
  0xFF, 0xFF, 0xFF, 0xFF, 0xAE, 0x63, 0xF9, 0x04, 0x00, 0x00, 0x00, 0x00, 0x00, 0x38, 0xFF, 0x40,
  0x00, 0x00, 0x00, 0x00, 0x00, 0x00, 0xBC, 0xD7, 0x32, 0x0E, 0x4B, 0xF0, 0x63, 0x00, 0x12, 0x9E,
  0xEC, 0xF8, 0xD5, 0x68, 0x00, 0x52, 0xFE, 0x46, 0x00, 0x00, 0x78, 0xC4, 0x00, 0x00, 0x00, 0x00,
  0x00, 0x00, 0x8C, 0xC4, 0x00, 0x00, 0x8C, 0xC4, 0x00, 0x00, 0x8C, 0xC4, 0x00, 0x00, 0x8C, 0xC4,
  0x00, 0x00, 0x8C, 0xC4, 0x00, 0x00, 0x8C, 0xC4, 0x00, 0x00, 0x8C, 0xC4, 0x00, 0x00, 0x8C, 0xC4,
  0x00, 0x00, 0x04, 0xDE, 0xAF, 0x01, 0x00, 0x5E, 0xD5, 0x0D, 0x00, 0x00, 0x00, 0x00, 0x00, 0x00,
  0x00, 0x8C, 0xC4, 0x00, 0x00, 0x00, 0x8C, 0xC4, 0x00, 0x00, 0x00, 0x8C, 0xC4, 0x00, 0x00, 0x00,
  0x8C, 0xC4, 0x00, 0x00, 0x00, 0x8C, 0xC4, 0x00, 0x00, 0x00, 0x8C, 0xC4, 0x00, 0x00, 0x00, 0x8C,
  0xC4, 0x00, 0x00, 0x00, 0x8C, 0xC4, 0x00, 0x00, 0x00, 0x00, 0x4F, 0xFD, 0x4A, 0x00, 0x00, 0x00,
  0x00, 0x00, 0x00, 0x74, 0xC8, 0x00, 0x00, 0x00, 0x00, 0x00, 0x00, 0x00, 0x00, 0x00, 0x00, 0x00,
  0x00, 0x15, 0x9A, 0xE5, 0xF7, 0xBF, 0x35, 0x00, 0x03, 0xCF, 0xC3, 0x26, 0x14, 0x8E, 0xF4, 0x26,
  0x4A, 0xFF, 0x22, 0x00, 0x00, 0x01, 0xD5, 0x93, 0x76, 0xEB, 0x00, 0x00, 0x00, 0x00, 0x9F, 0xC0,
  0x6E, 0xEB, 0x00, 0x00, 0x00, 0x00, 0xA1, 0xBA, 0x43, 0xFF, 0x22, 0x00, 0x00, 0x01, 0xD6, 0x90,
  0x01, 0xC6, 0xC3, 0x26, 0x13, 0x8D, 0xF5, 0x27, 0x00, 0x17, 0xA4, 0xEF, 0xF4, 0xBB, 0x32, 0x00,
  0x00, 0x00, 0x00, 0x03, 0xDB, 0xB2, 0x01, 0x00, 0x00, 0x00, 0x00, 0x5A, 0xD8, 0x0E, 0x00, 0x00,
  0x00, 0x00, 0x00, 0x00, 0x00, 0x00, 0x00, 0x00, 0x00, 0x15, 0x9A, 0xE5, 0xF7, 0xBF, 0x35, 0x00,
  0x03, 0xCF, 0xC3, 0x26, 0x14, 0x8E, 0xF4, 0x26, 0x4A, 0xFF, 0x22, 0x00, 0x00, 0x01, 0xD5, 0x93,
  0x76, 0xEB, 0x00, 0x00, 0x00, 0x00, 0x9F, 0xC0, 0x6E, 0xEB, 0x00, 0x00, 0x00, 0x00, 0xA1, 0xBA,
  0x43, 0xFF, 0x22, 0x00, 0x00, 0x01, 0xD6, 0x90, 0x01, 0xC6, 0xC3, 0x26, 0x13, 0x8D, 0xF5, 0x27,
  0x00, 0x17, 0xA4, 0xEF, 0xF4, 0xBB, 0x32, 0x00, 0x00, 0x00, 0x17, 0xE5, 0xFA, 0x3D, 0x00, 0x00,
  0x00, 0x04, 0xC2, 0xBA, 0x74, 0xEA, 0x1F, 0x00, 0x00, 0x00, 0x00, 0x00, 0x00, 0x00, 0x00, 0x00,
  0x00, 0x15, 0x9A, 0xE5, 0xF7, 0xBF, 0x35, 0x00, 0x03, 0xCF, 0xC3, 0x26, 0x14, 0x8E, 0xF4, 0x26,
  0x4A, 0xFF, 0x22, 0x00, 0x00, 0x01, 0xD5, 0x93, 0x76, 0xEB, 0x00, 0x00, 0x00, 0x00, 0x9F, 0xC0,
  0x6E, 0xEB, 0x00, 0x00, 0x00, 0x00, 0xA1, 0xBA, 0x43, 0xFF, 0x22, 0x00, 0x00, 0x01, 0xD6, 0x90,
  0x01, 0xC6, 0xC3, 0x26, 0x13, 0x8D, 0xF5, 0x27, 0x00, 0x17, 0xA4, 0xEF, 0xF4, 0xBB, 0x32, 0x00,
  0x00, 0x03, 0xBA, 0xE1, 0x4F, 0x7C, 0x86, 0x00, 0x00, 0x3D, 0xCD, 0x28, 0xBD, 0xE4, 0x28, 0x00,
  0x00, 0x00, 0x00, 0x00, 0x00, 0x00, 0x00, 0x00, 0x00, 0x15, 0x9A, 0xE5, 0xF7, 0xBF, 0x35, 0x00,
  0x03, 0xCF, 0xC3, 0x26, 0x14, 0x8E, 0xF4, 0x26, 0x4A, 0xFF, 0x22, 0x00, 0x00, 0x01, 0xD5, 0x93,
  0x76, 0xEB, 0x00, 0x00, 0x00, 0x00, 0x9F, 0xC0, 0x6E, 0xEB, 0x00, 0x00, 0x00, 0x00, 0xA1, 0xBA,
  0x43, 0xFF, 0x22, 0x00, 0x00, 0x01, 0xD6, 0x90, 0x01, 0xC6, 0xC3, 0x26, 0x13, 0x8D, 0xF5, 0x27,
  0x00, 0x17, 0xA4, 0xEF, 0xF4, 0xBB, 0x32, 0x00, 0x00, 0x00, 0x1B, 0xE5, 0x96, 0x00, 0x00, 0x00,
  0x00, 0x00, 0x00, 0x33, 0xEE, 0x1B, 0x00, 0x00, 0x00, 0x00, 0x00, 0x00, 0x00, 0x00, 0x00, 0x00,
  0x0C, 0xFF, 0x48, 0x00, 0x00, 0x0C, 0xFF, 0x44, 0x0C, 0xFF, 0x48, 0x00, 0x00, 0x0C, 0xFF, 0x44,
  0x0C, 0xFF, 0x48, 0x00, 0x00, 0x0C, 0xFF, 0x44, 0x0C, 0xFF, 0x48, 0x00, 0x00, 0x0C, 0xFF, 0x44,
  0x0B, 0xFF, 0x48, 0x00, 0x00, 0x10, 0xFF, 0x44, 0x06, 0xFF, 0x53, 0x00, 0x00, 0x30, 0xFF, 0x44,
  0x00, 0xCC, 0xB8, 0x13, 0x21, 0xBF, 0xFC, 0x44, 0x00, 0x31, 0xC6, 0xF9, 0xDD, 0x5D, 0xE8, 0x44,
  0x00, 0x00, 0x00, 0x0B, 0xEB, 0x9C, 0x00, 0x00, 0x00, 0x00, 0x00, 0x72, 0xC8, 0x07, 0x00, 0x00,
  0x00, 0x00, 0x00, 0x00, 0x00, 0x00, 0x00, 0x00, 0x0C, 0xFF, 0x48, 0x00, 0x00, 0x0C, 0xFF, 0x44,
  0x0C, 0xFF, 0x48, 0x00, 0x00, 0x0C, 0xFF, 0x44, 0x0C, 0xFF, 0x48, 0x00, 0x00, 0x0C, 0xFF, 0x44,
  0x0C, 0xFF, 0x48, 0x00, 0x00, 0x0C, 0xFF, 0x44, 0x0B, 0xFF, 0x48, 0x00, 0x00, 0x10, 0xFF, 0x44,
  0x06, 0xFF, 0x53, 0x00, 0x00, 0x30, 0xFF, 0x44, 0x00, 0xCC, 0xB8, 0x13, 0x21, 0xBF, 0xFC, 0x44,
  0x00, 0x31, 0xC6, 0xF9, 0xDD, 0x5D, 0xE8, 0x44, 0x00, 0x00, 0x00, 0x32, 0xFF, 0x60, 0x00, 0x00,
  0x00, 0x00, 0x00, 0xAE, 0x92, 0x00, 0x00, 0x00, 0x00, 0x00, 0x00, 0x00, 0x00, 0x00, 0x00, 0x00,
  0x96, 0xD6, 0x00, 0x00, 0x00, 0x21, 0xFF, 0x30, 0x38, 0xFF, 0x35, 0x00, 0x00, 0x7B, 0xD3, 0x00,
  0x00, 0xDA, 0x93, 0x00, 0x00, 0xD4, 0x76, 0x00, 0x00, 0x7D, 0xEB, 0x05, 0x2E, 0xFD, 0x1B, 0x00,
  0x00, 0x20, 0xFE, 0x4D, 0x87, 0xBB, 0x00, 0x00, 0x00, 0x00, 0xC2, 0xA1, 0xE2, 0x5E, 0x00, 0x00,
  0x00, 0x00, 0x64, 0xFC, 0xF4, 0x0C, 0x00, 0x00, 0x00, 0x00, 0x0F, 0xF7, 0xA3, 0x00, 0x00, 0x00,
  0x00, 0x00, 0x06, 0xEF, 0x42, 0x00, 0x00, 0x00, 0x04, 0x0A, 0x78, 0xD0, 0x00, 0x00, 0x00, 0x00,
  0x1D, 0xF4, 0xD9, 0x2D, 0x00, 0x00, 0x00, 0x00, 0x00, 0x00, 0x00, 0x11, 0xE7, 0x23, 0x22, 0xE5,
  0x09, 0x00, 0x00, 0x00, 0x00, 0x00, 0x00, 0x00, 0x6C, 0xEC, 0xE9, 0x60, 0x00, 0x00, 0x00, 0x00,
  0x00, 0x00, 0x00, 0x00, 0x00, 0x00, 0x00, 0x00, 0x00, 0x00, 0x00, 0x00, 0x00, 0x00, 0x00, 0x00,
  0x18, 0xFC, 0xD2, 0x00, 0x00, 0x00, 0x00, 0x00, 0x00, 0x00, 0x00, 0x00, 0x75, 0xC9, 0xFC, 0x39,
  0x00, 0x00, 0x00, 0x00, 0x00, 0x00, 0x00, 0x00, 0xD4, 0x81, 0xC3, 0xA0, 0x00, 0x00, 0x00, 0x00,
  0x00, 0x00, 0x00, 0x35, 0xFF, 0x35, 0x6D, 0xF6, 0x10, 0x00, 0x00, 0x00, 0x00, 0x00, 0x00, 0x95,
  0xE1, 0x00, 0x1B, 0xFE, 0x6D, 0x00, 0x00, 0x00, 0x00, 0x00, 0x06, 0xED, 0x8F, 0x00, 0x00, 0xC6,
  0xD3, 0x00, 0x00, 0x00, 0x00, 0x00, 0x55, 0xFF, 0x3D, 0x00, 0x00, 0x72, 0xFF, 0x3A, 0x00, 0x00,
  0x00, 0x00, 0xB5, 0xFF, 0xFF, 0xFF, 0xFF, 0xFF, 0xFF, 0xA0, 0x00, 0x00, 0x00, 0x18, 0xFC, 0x78,
  0x00, 0x00, 0x00, 0x00, 0xA3, 0xF6, 0x10, 0x00, 0x00, 0x75, 0xFB, 0x18, 0x00, 0x00, 0x00, 0x00,
  0x38, 0xFF, 0x6D, 0x00, 0x00, 0xD4, 0xAE, 0x00, 0x00, 0x00, 0x00, 0x00, 0x00, 0xCD, 0xD4, 0x00,
  0x00, 0x00, 0xBA, 0x5F, 0x0C, 0xB1, 0x55, 0x00, 0x00, 0x00, 0x31, 0xD5, 0xF4, 0xA3, 0x03, 0x00,
  0x00, 0x00, 0x00, 0x00, 0x00, 0x00, 0x00, 0x00, 0x00, 0x3D, 0xBA, 0xE5, 0xFA, 0xE0, 0x78, 0x00,
  0x12, 0xF3, 0x76, 0x0C, 0x0E, 0x80, 0xFF, 0x2D, 0x00, 0x00, 0x00, 0x00, 0x00, 0x0F, 0xFF, 0x46,
  0x00, 0x07, 0x59, 0x8B, 0xB0, 0xE2, 0xFF, 0x48, 0x10, 0xD6, 0xDA, 0x8A, 0x5C, 0x30, 0xFF, 0x48,
  0x5D, 0xFD, 0x11, 0x00, 0x00, 0x35, 0xFF, 0x49, 0x4B, 0xFF, 0x51, 0x07, 0x36, 0xD5, 0xFF, 0x53,
  0x00, 0x83, 0xE8, 0xF3, 0xC8, 0x5A, 0xCE, 0x8A, 0x00, 0x00, 0xD8, 0xFF, 0xFF, 0xFF, 0xF9, 0xE0,
  0x8F, 0x0F, 0x00, 0x00, 0x00, 0x00, 0xD8, 0x94, 0x00, 0x00, 0x09, 0x3A, 0xCE, 0xCA, 0x08, 0x00,
  0x00, 0x00, 0xD8, 0x94, 0x00, 0x00, 0x00, 0x00, 0x19, 0xF5, 0x70, 0x00, 0x00, 0x00, 0xD8, 0x94,
  0x00, 0x00, 0x00, 0x00, 0x00, 0xA8, 0xC8, 0x00, 0x00, 0x00, 0xD8, 0x94, 0x00, 0x00, 0x00, 0x00,
  0x00, 0x7E, 0xF5, 0x00, 0x04, 0xFF, 0xFF, 0xFF, 0xFF, 0xFF, 0x88, 0x00, 0x00, 0x74, 0xFF, 0x03,
  0x00, 0x00, 0xD8, 0x94, 0x00, 0x00, 0x00, 0x00, 0x00, 0x82, 0xF0, 0x00, 0x00, 0x00, 0xD8, 0x94,
  0x00, 0x00, 0x00, 0x00, 0x00, 0xB3, 0xC0, 0x00, 0x00, 0x00, 0xD8, 0x94, 0x00, 0x00, 0x00, 0x00,
  0x1C, 0xF9, 0x66, 0x00, 0x00, 0x00, 0xD8, 0x94, 0x00, 0x00, 0x09, 0x3C, 0xCD, 0xC6, 0x04, 0x00,
  0x00, 0x00, 0xD8, 0xFF, 0xFF, 0xFF, 0xFB, 0xDF, 0x86, 0x0C, 0x00, 0x00, 0x00, 0x00, 0x00, 0x00,
  0x00, 0x0C, 0xFF, 0x44, 0x00, 0x00, 0x00, 0x00, 0x98, 0xFF, 0xFF, 0xFF, 0xFF, 0x54, 0x00, 0x00,
  0x00, 0x00, 0x00, 0x0C, 0xFF, 0x44, 0x00, 0x00, 0x1B, 0xB1, 0xF3, 0xE4, 0x6B, 0xFF, 0x44, 0x00,
  0x03, 0xD2, 0xB7, 0x1A, 0x25, 0xCC, 0xFF, 0x44, 0x00, 0x43, 0xFF, 0x1D, 0x00, 0x00, 0x36, 0xFF,
  0x44, 0x00, 0x70, 0xED, 0x00, 0x00, 0x00, 0x04, 0xFD, 0x44, 0x00, 0x70, 0xEE, 0x00, 0x00, 0x00,
  0x02, 0xFA, 0x44, 0x00, 0x40, 0xFF, 0x23, 0x00, 0x00, 0x2C, 0xFF, 0x44, 0x00, 0x02, 0xC8, 0xBF,
  0x1F, 0x1F, 0xC2, 0xFF, 0x44, 0x00, 0x00, 0x14, 0xA8, 0xF2, 0xE9, 0x70, 0xF8, 0x44, 0x00, 0x12,
  0xD1, 0xD2, 0x38, 0xA3, 0x5E, 0x65, 0xA9, 0x38, 0xD1, 0xD4, 0x11, 0x00, 0x00, 0x00, 0x00, 0x00,
  0x00, 0x00, 0x00, 0x98, 0xD0, 0x00, 0x00, 0x00, 0x00, 0x98, 0xD0, 0x00, 0x00, 0x00, 0x00, 0x98,
  0xD0, 0x00, 0x00, 0x00, 0x00, 0x98, 0xD0, 0x00, 0x00, 0x00, 0x00, 0x98, 0xD0, 0x00, 0x00, 0x00,
  0x00, 0x98, 0xD0, 0x00, 0x00, 0x00, 0x00, 0x98, 0xD0, 0x00, 0x00, 0x00, 0x00, 0x98, 0xD0, 0x00,
  0x00, 0x00, 0x00, 0x98, 0xD0, 0x00, 0x00, 0x00, 0x00, 0x98, 0xD0, 0x00, 0x00, 0x00, 0x00, 0x98,
  0xD0, 0x00, 0x00, 0x04, 0xBC, 0xE0, 0x4C, 0x80, 0x82, 0x41, 0xCA, 0x29, 0xBF, 0xE3, 0x26, 0x00,
  0x00, 0x00, 0x00, 0x00, 0x00, 0x00, 0x00, 0x8C, 0xC4, 0x00, 0x00, 0x00, 0x00, 0x8C, 0xC4, 0x00,
  0x00, 0x00, 0x00, 0x8C, 0xC4, 0x00, 0x00, 0x00, 0x00, 0x8C, 0xC4, 0x00, 0x00, 0x00, 0x00, 0x8C,
  0xC4, 0x00, 0x00, 0x00, 0x00, 0x8C, 0xC4, 0x00, 0x00, 0x00, 0x00, 0x8C, 0xC4, 0x00, 0x00, 0x00,
  0x00, 0x8C, 0xC4, 0x00, 0x00, 0x00, 0x00, 0x00, 0x58, 0xEF, 0x99, 0x1F, 0xF0, 0x00, 0x00, 0x00,
  0x00, 0x00, 0x00, 0xCD, 0x46, 0x79, 0xEE, 0x82, 0x00, 0x00, 0x00, 0x00, 0x00, 0x00, 0x00, 0x00,
  0x00, 0x00, 0x00, 0x00, 0x00, 0x00, 0x00, 0xD4, 0x98, 0x00, 0x00, 0x00, 0x00, 0x00, 0xCC, 0xA0,
  0x00, 0x00, 0xD4, 0x98, 0x00, 0x00, 0x00, 0x00, 0x00, 0xCC, 0xA0, 0x00, 0x00, 0xD4, 0x98, 0x00,
  0x00, 0x00, 0x00, 0x00, 0xCC, 0xA0, 0x00, 0x00, 0xD4, 0x98, 0x00, 0x00, 0x00, 0x00, 0x00, 0xCC,
  0xA0, 0x00, 0x00, 0xD4, 0x98, 0x00, 0x00, 0x00, 0x00, 0x00, 0xCC, 0xA0, 0x00, 0x00, 0xD4, 0x98,
  0x00, 0x00, 0x00, 0x00, 0x00, 0xCC, 0xA0, 0x00, 0x00, 0xCF, 0x9A, 0x00, 0x00, 0x00, 0x00, 0x00,
  0xCE, 0x9B, 0x00, 0x00, 0xBE, 0xA7, 0x00, 0x00, 0x00, 0x00, 0x00, 0xDD, 0x89, 0x00, 0x00, 0x8B,
  0xDB, 0x02, 0x00, 0x00, 0x00, 0x17, 0xFD, 0x54, 0x00, 0x00, 0x20, 0xF2, 0x9A, 0x1E, 0x09, 0x31,
  0xBF, 0xD2, 0x05, 0x00, 0x00, 0x00, 0x2C, 0xAE, 0xE9, 0xF9, 0xE2, 0x95, 0x12, 0x00, 0x00, 0x00,
  0x00, 0xA6, 0xE8, 0x5E, 0x65, 0x9E, 0x00, 0x00, 0x25, 0xE1, 0x23, 0xB0, 0xEA, 0x39, 0x00, 0x00,
  0x00, 0x00, 0x00, 0x00, 0x00, 0x00, 0x00, 0x0C, 0xFF, 0x48, 0x00, 0x00, 0x0C, 0xFF, 0x44, 0x0C,
  0xFF, 0x48, 0x00, 0x00, 0x0C, 0xFF, 0x44, 0x0C, 0xFF, 0x48, 0x00, 0x00, 0x0C, 0xFF, 0x44, 0x0C,
  0xFF, 0x48, 0x00, 0x00, 0x0C, 0xFF, 0x44, 0x0B, 0xFF, 0x48, 0x00, 0x00, 0x10, 0xFF, 0x44, 0x06,
  0xFF, 0x53, 0x00, 0x00, 0x30, 0xFF, 0x44, 0x00, 0xCC, 0xB8, 0x13, 0x21, 0xBF, 0xFC, 0x44, 0x00,
  0x31, 0xC6, 0xF9, 0xDD, 0x5D, 0xE8, 0x44, 0x00, 0x00, 0x07, 0x76, 0xD2, 0xF7, 0xE8, 0xB6, 0x41,
  0x00, 0x00, 0xE8, 0x84, 0x00, 0x08, 0xC3, 0xD3, 0x44, 0x09, 0x17, 0x6F, 0xF5, 0x77, 0x00, 0x42,
  0x7E, 0x00, 0x88, 0xE9, 0x14, 0x00, 0x00, 0x00, 0x00, 0x4B, 0xFF, 0x3A, 0x9F, 0x4A, 0x04, 0xF1,
  0x82, 0x00, 0x00, 0x00, 0x00, 0x00, 0x00, 0xCA, 0xED, 0x7E, 0x00, 0x2F, 0xFF, 0x47, 0x00, 0x00,
  0x00, 0x00, 0x00, 0x00, 0x8E, 0xDB, 0x00, 0x00, 0x42, 0xFF, 0x34, 0x00, 0x00, 0x00, 0x00, 0x00,
  0x00, 0x7D, 0xF7, 0x00, 0x00, 0x30, 0xFF, 0x41, 0x00, 0x00, 0x00, 0x00, 0x00, 0x00, 0x8E, 0xE6,
  0x00, 0x00, 0x06, 0xEE, 0x7D, 0x00, 0x00, 0x00, 0x00, 0x00, 0x00, 0xCA, 0xB0, 0x00, 0x00, 0x00,
  0x87, 0xE9, 0x16, 0x00, 0x00, 0x00, 0x00, 0x49, 0xFF, 0x45, 0x00, 0x00, 0x00, 0x07, 0xBD, 0xD7,
  0x47, 0x09, 0x12, 0x67, 0xF3, 0x86, 0x00, 0x00, 0x00, 0x00, 0x00, 0x04, 0x6D, 0xCE, 0xF4, 0xED,
  0xB9, 0x4C, 0x00, 0x00, 0x00, 0x00, 0x00, 0x15, 0x9A, 0xE5, 0xF7, 0xBE, 0x32, 0x08, 0xFF, 0x60,
  0x03, 0xCF, 0xC5, 0x26, 0x13, 0x8D, 0xF1, 0x1E, 0x63, 0x5A, 0x4A, 0xFF, 0x25, 0x00, 0x00, 0x02,
  0xD7, 0x8A, 0xB8, 0x2C, 0x76, 0xEC, 0x00, 0x00, 0x00, 0x00, 0x9F, 0xF8, 0x6E, 0x00, 0x6E, 0xEB,
  0x00, 0x00, 0x00, 0x00, 0xA2, 0xBF, 0x00, 0x00, 0x42, 0xFF, 0x25, 0x00, 0x00, 0x02, 0xD8, 0x99,
  0x00, 0x00, 0x01, 0xC5, 0xC5, 0x25, 0x13, 0x8C, 0xF9, 0x30, 0x00, 0x00, 0x00, 0x17, 0xA6, 0xF0,
  0xF5, 0xC0, 0x3D, 0x00, 0x00, 0x00, 0x00, 0xD4, 0x98, 0x00, 0x00, 0x00, 0x00, 0x00, 0xCC, 0xA0,
  0x38, 0xFF, 0x34, 0x00, 0xD4, 0x98, 0x00, 0x00, 0x00, 0x00, 0x00, 0xCC, 0xA0, 0x00, 0x8D, 0x2D,
  0x00, 0xD4, 0x98, 0x00, 0x00, 0x00, 0x00, 0x00, 0xCC, 0xA0, 0x0F, 0xC9, 0x0A, 0x00, 0xD4, 0x98,
  0x00, 0x00, 0x00, 0x00, 0x00, 0xCC, 0xDF, 0xBA, 0x40, 0x00, 0x00, 0xD4, 0x98, 0x00, 0x00, 0x00,
  0x00, 0x00, 0xCC, 0xA0, 0x00, 0x00, 0x00, 0x00, 0xD4, 0x98, 0x00, 0x00, 0x00, 0x00, 0x00, 0xCC,
  0xA0, 0x00, 0x00, 0x00, 0x00, 0xCF, 0x9A, 0x00, 0x00, 0x00, 0x00, 0x00, 0xCE, 0x99, 0x00, 0x00,
  0x00, 0x00, 0xBD, 0xA8, 0x00, 0x00, 0x00, 0x00, 0x00, 0xDE, 0x87, 0x00, 0x00, 0x00, 0x00, 0x8A,
  0xDD, 0x02, 0x00, 0x00, 0x00, 0x18, 0xFD, 0x52, 0x00, 0x00, 0x00, 0x00, 0x20, 0xF3, 0x9A, 0x1E,
  0x09, 0x30, 0xBF, 0xCB, 0x03, 0x00, 0x00, 0x00, 0x00, 0x00, 0x2C, 0xAE, 0xEA, 0xF9, 0xE0, 0x8F,
  0x0E, 0x00, 0x00, 0x00, 0x00, 0x0C, 0xFF, 0x48, 0x00, 0x00, 0x0C, 0xFF, 0x44, 0xD4, 0x98, 0x0C,
  0xFF, 0x48, 0x00, 0x00, 0x0C, 0xFF, 0x44, 0x2D, 0x91, 0x0C, 0xFF, 0x48, 0x00, 0x00, 0x0C, 0xFF,
  0x44, 0x82, 0x5F, 0x0C, 0xFF, 0x48, 0x00, 0x00, 0x0C, 0xFF, 0xC3, 0x80, 0x00, 0x0B, 0xFF, 0x48,
  0x00, 0x00, 0x10, 0xFF, 0x44, 0x00, 0x00, 0x06, 0xFF, 0x53, 0x00, 0x00, 0x30, 0xFF, 0x44, 0x00,
  0x00, 0x00, 0xCC, 0xB5, 0x11, 0x1F, 0xBC, 0xFC, 0x44, 0x00, 0x00, 0x00, 0x32, 0xC3, 0xF4, 0xDD,
  0x5D, 0xE8, 0x44, 0x00, 0x00, 0x00, 0x00, 0x00, 0x00, 0x18, 0xFC, 0xD2, 0x00, 0x00, 0x00, 0x00,
  0x00, 0x00, 0x00, 0x00, 0x00, 0x75, 0xC9, 0xFC, 0x39, 0x00, 0x00, 0x00, 0x00, 0x00, 0x00, 0x00,
  0x00, 0xD4, 0x81, 0xC3, 0xA0, 0x00, 0x00, 0x00, 0x00, 0x00, 0x00, 0x00, 0x35, 0xFF, 0x35, 0x6D,
  0xF6, 0x10, 0x00, 0x00, 0x00, 0x00, 0x00, 0x00, 0x95, 0xE1, 0x00, 0x1B, 0xFE, 0x6D, 0x00, 0x00,
  0x00, 0x00, 0x00, 0x06, 0xED, 0x8F, 0x00, 0x00, 0xC6, 0xD3, 0x00, 0x00, 0x00, 0x00, 0x00, 0x55,
  0xFF, 0x3D, 0x00, 0x00, 0x72, 0xFF, 0x3A, 0x00, 0x00, 0x00, 0x00, 0xB5, 0xFF, 0xFF, 0xFF, 0xFF,
  0xFF, 0xFF, 0xA0, 0x00, 0x00, 0x00, 0x18, 0xFC, 0x78, 0x00, 0x00, 0x00, 0x00, 0xA3, 0xF6, 0x10,
  0x00, 0x00, 0x75, 0xFB, 0x18, 0x00, 0x00, 0x00, 0x00, 0x38, 0xFF, 0x6D, 0x00, 0x00, 0xD4, 0xAE,
  0x00, 0x00, 0x00, 0x00, 0x00, 0x00, 0xCD, 0xD4, 0x00, 0x00, 0x00, 0x00, 0x00, 0x00, 0x00, 0x00,
  0x00, 0x00, 0x00, 0x00, 0x00, 0x00, 0x00, 0x00, 0x00, 0x00, 0xDC, 0xA4, 0x00, 0x00, 0x00, 0x00,
  0x00, 0x00, 0x3D, 0xBA, 0xE5, 0xFA, 0xE0, 0x78, 0x00, 0x12, 0xF3, 0x76, 0x0C, 0x0E, 0x80, 0xFF,
  0x2D, 0x00, 0x00, 0x00, 0x00, 0x00, 0x0F, 0xFF, 0x46, 0x00, 0x07, 0x59, 0x8B, 0xB0, 0xE2, 0xFF,
  0x48, 0x10, 0xD6, 0xDA, 0x8A, 0x5C, 0x30, 0xFF, 0x48, 0x5D, 0xFD, 0x11, 0x00, 0x00, 0x35, 0xFF,
  0x49, 0x4B, 0xFF, 0x51, 0x07, 0x36, 0xD5, 0xFF, 0x53, 0x00, 0x83, 0xE8, 0xF3, 0xC8, 0x5A, 0xCE,
  0x8A, 0x00, 0x00, 0x00, 0x00, 0x00, 0x00, 0x00, 0x00, 0x00, 0x00, 0x00, 0xA4, 0xDC, 0x00, 0x00,
  0x00, 0x00, 0x00, 0x00, 0x00, 0x00, 0x00, 0x00, 0x00, 0x00, 0x00, 0x00, 0x00, 0x00, 0x00, 0x00,
  0x00, 0x7E, 0xFF, 0xFF, 0x51, 0x00, 0x00, 0x00, 0x00, 0x00, 0x00, 0x00, 0x00, 0x00, 0x8C, 0x48,
  0x00, 0x00, 0x00, 0x00, 0x00, 0x00, 0x00, 0x00, 0x00, 0x00, 0x00, 0x00, 0x00, 0x00, 0x00, 0x00,
  0x00, 0x00, 0x00, 0x00, 0x00, 0x18, 0xFC, 0xD2, 0x00, 0x00, 0x00, 0x00, 0x00, 0x00, 0x00, 0x00,
  0x00, 0x75, 0xC9, 0xFC, 0x39, 0x00, 0x00, 0x00, 0x00, 0x00, 0x00, 0x00, 0x00, 0xD4, 0x81, 0xC3,
  0xA0, 0x00, 0x00, 0x00, 0x00, 0x00, 0x00, 0x00, 0x35, 0xFF, 0x35, 0x6D, 0xF6, 0x10, 0x00, 0x00,
  0x00, 0x00, 0x00, 0x00, 0x95, 0xE1, 0x00, 0x1B, 0xFE, 0x6D, 0x00, 0x00, 0x00, 0x00, 0x00, 0x06,
  0xED, 0x8F, 0x00, 0x00, 0xC6, 0xD3, 0x00, 0x00, 0x00, 0x00, 0x00, 0x55, 0xFF, 0x3D, 0x00, 0x00,
  0x72, 0xFF, 0x3A, 0x00, 0x00, 0x00, 0x00, 0xB5, 0xFF, 0xFF, 0xFF, 0xFF, 0xFF, 0xFF, 0xA0, 0x00,
  0x00, 0x00, 0x18, 0xFC, 0x78, 0x00, 0x00, 0x00, 0x00, 0xA3, 0xF6, 0x10, 0x00, 0x00, 0x75, 0xFB,
  0x18, 0x00, 0x00, 0x00, 0x00, 0x38, 0xFF, 0x6D, 0x00, 0x00, 0xD4, 0xAE, 0x00, 0x00, 0x00, 0x00,
  0x00, 0x00, 0xCD, 0xD4, 0x00, 0x00, 0x00, 0x19, 0xFC, 0xE9, 0x71, 0x00, 0x00, 0x00, 0x00, 0x00,
  0x04, 0x69, 0xF9, 0x01, 0x00, 0x00, 0x00, 0x00, 0x20, 0xFC, 0x9D, 0x00, 0x00, 0x00, 0x00, 0x00,
  0x00, 0x00, 0x00, 0x00, 0x00, 0x00, 0x3D, 0xBA, 0xE5, 0xFA, 0xE0, 0x78, 0x00, 0x12, 0xF3, 0x76,
  0x0C, 0x0E, 0x80, 0xFF, 0x2D, 0x00, 0x00, 0x00, 0x00, 0x00, 0x0F, 0xFF, 0x46, 0x00, 0x07, 0x59,
  0x8B, 0xB0, 0xE2, 0xFF, 0x48, 0x10, 0xD6, 0xDA, 0x8A, 0x5C, 0x30, 0xFF, 0x48, 0x5D, 0xFD, 0x11,
  0x00, 0x00, 0x35, 0xFF, 0x49, 0x4B, 0xFF, 0x51, 0x07, 0x36, 0xD5, 0xFF, 0x53, 0x00, 0x83, 0xE8,
  0xF3, 0xC8, 0x5A, 0xCE, 0x8A, 0x00, 0x00, 0x00, 0x00, 0x00, 0x24, 0xFB, 0x5B, 0x00, 0x00, 0x00,
  0x00, 0x00, 0x00, 0x00, 0x00, 0x44, 0xFF, 0xFF, 0x10, 0x00, 0x00, 0x00, 0x00, 0x00, 0x00, 0x00,
  0x1B, 0xE8, 0x53, 0xA4, 0xB0, 0x01, 0x00, 0x00, 0x00, 0x00, 0x00, 0x00, 0x00, 0x18, 0xFC, 0xD2,
  0x00, 0x00, 0x00, 0x00, 0x00, 0x00, 0x00, 0x00, 0x00, 0x75, 0xC9, 0xFC, 0x39, 0x00, 0x00, 0x00,
  0x00, 0x00, 0x00, 0x00, 0x00, 0xD4, 0x81, 0xC3, 0xA0, 0x00, 0x00, 0x00, 0x00, 0x00, 0x00, 0x00,
  0x35, 0xFF, 0x35, 0x6D, 0xF6, 0x10, 0x00, 0x00, 0x00, 0x00, 0x00, 0x00, 0x95, 0xE1, 0x00, 0x1B,
  0xFE, 0x6D, 0x00, 0x00, 0x00, 0x00, 0x00, 0x06, 0xED, 0x8F, 0x00, 0x00, 0xC6, 0xD3, 0x00, 0x00,
  0x00, 0x00, 0x00, 0x55, 0xFF, 0x3D, 0x00, 0x00, 0x72, 0xFF, 0x3A, 0x00, 0x00, 0x00, 0x00, 0xB5,
  0xFF, 0xFF, 0xFF, 0xFF, 0xFF, 0xFF, 0xA0, 0x00, 0x00, 0x00, 0x18, 0xFC, 0x78, 0x00, 0x00, 0x00,
  0x00, 0xA3, 0xF6, 0x10, 0x00, 0x00, 0x75, 0xFB, 0x18, 0x00, 0x00, 0x00, 0x00, 0x38, 0xFF, 0x6D,
  0x00, 0x00, 0xD4, 0xAE, 0x00, 0x00, 0x00, 0x00, 0x00, 0x00, 0xCD, 0xD4, 0x00, 0x00, 0x00, 0x00,
  0x03, 0xDB, 0xB4, 0x02, 0x00, 0x00, 0x00, 0x00, 0x5D, 0xD2, 0x0D, 0x00, 0x00, 0x00, 0x00, 0x00,
  0x00, 0x00, 0x00, 0x00, 0x00, 0x00, 0x00, 0x19, 0xE7, 0xF9, 0x3A, 0x00, 0x00, 0x00, 0x05, 0xC5,
  0xB7, 0x77, 0xE8, 0x1D, 0x00, 0x00, 0x00, 0x00, 0x00, 0x00, 0x00, 0x00, 0x00, 0x00, 0x3D, 0xBA,
  0xE5, 0xFA, 0xE0, 0x78, 0x00, 0x12, 0xF3, 0x76, 0x0C, 0x0E, 0x80, 0xFF, 0x2D, 0x00, 0x00, 0x00,
  0x00, 0x00, 0x0F, 0xFF, 0x46, 0x00, 0x07, 0x59, 0x8B, 0xB0, 0xE2, 0xFF, 0x48, 0x10, 0xD6, 0xDA,
  0x8A, 0x5C, 0x30, 0xFF, 0x48, 0x5D, 0xFD, 0x11, 0x00, 0x00, 0x35, 0xFF, 0x49, 0x4B, 0xFF, 0x51,
  0x07, 0x36, 0xD5, 0xFF, 0x53, 0x00, 0x83, 0xE8, 0xF3, 0xC8, 0x5A, 0xCE, 0x8A, 0x00, 0x00, 0x00,
  0x01, 0xAB, 0xCD, 0x00, 0x00, 0x00, 0x00, 0x00, 0x00, 0x00, 0x00, 0x00, 0x00, 0x4E, 0xFF, 0xFF,
  0x10, 0x00, 0x00, 0x00, 0x00, 0x00, 0x00, 0x00, 0x1B, 0xE8, 0x53, 0xA4, 0xB0, 0x01, 0x00, 0x00,
  0x00, 0x00, 0x00, 0x00, 0x00, 0x18, 0xFC, 0xD2, 0x00, 0x00, 0x00, 0x00, 0x00, 0x00, 0x00, 0x00,
  0x00, 0x75, 0xC9, 0xFC, 0x39, 0x00, 0x00, 0x00, 0x00, 0x00, 0x00, 0x00, 0x00, 0xD4, 0x81, 0xC3,
  0xA0, 0x00, 0x00, 0x00, 0x00, 0x00, 0x00, 0x00, 0x35, 0xFF, 0x35, 0x6D, 0xF6, 0x10, 0x00, 0x00,
  0x00, 0x00, 0x00, 0x00, 0x95, 0xE1, 0x00, 0x1B, 0xFE, 0x6D, 0x00, 0x00, 0x00, 0x00, 0x00, 0x06,
  0xED, 0x8F, 0x00, 0x00, 0xC6, 0xD3, 0x00, 0x00, 0x00, 0x00, 0x00, 0x55, 0xFF, 0x3D, 0x00, 0x00,
  0x72, 0xFF, 0x3A, 0x00, 0x00, 0x00, 0x00, 0xB5, 0xFF, 0xFF, 0xFF, 0xFF, 0xFF, 0xFF, 0xA0, 0x00,
  0x00, 0x00, 0x18, 0xFC, 0x78, 0x00, 0x00, 0x00, 0x00, 0xA3, 0xF6, 0x10, 0x00, 0x00, 0x75, 0xFB,
  0x18, 0x00, 0x00, 0x00, 0x00, 0x38, 0xFF, 0x6D, 0x00, 0x00, 0xD4, 0xAE, 0x00, 0x00, 0x00, 0x00,
  0x00, 0x00, 0xCD, 0xD4, 0x00, 0x00, 0x00, 0x89, 0xF6, 0x17, 0x00, 0x00, 0x00, 0x00, 0x00, 0x01,
  0xAE, 0x8C, 0x00, 0x00, 0x00, 0x00, 0x00, 0x00, 0x00, 0x00, 0x00, 0x00, 0x00, 0x00, 0x00, 0x19,
  0xE7, 0xF9, 0x3A, 0x00, 0x00, 0x00, 0x05, 0xC5, 0xB7, 0x77, 0xE8, 0x1D, 0x00, 0x00, 0x00, 0x00,
  0x00, 0x00, 0x00, 0x00, 0x00, 0x00, 0x3D, 0xBA, 0xE5, 0xFA, 0xE0, 0x78, 0x00, 0x12, 0xF3, 0x76,
  0x0C, 0x0E, 0x80, 0xFF, 0x2D, 0x00, 0x00, 0x00, 0x00, 0x00, 0x0F, 0xFF, 0x46, 0x00, 0x07, 0x59,
  0x8B, 0xB0, 0xE2, 0xFF, 0x48, 0x10, 0xD6, 0xDA, 0x8A, 0x5C, 0x30, 0xFF, 0x48, 0x5D, 0xFD, 0x11,
  0x00, 0x00, 0x35, 0xFF, 0x49, 0x4B, 0xFF, 0x51, 0x07, 0x36, 0xD5, 0xFF, 0x53, 0x00, 0x83, 0xE8,
  0xF3, 0xC8, 0x5A, 0xCE, 0x8A, 0x00, 0x00, 0x00, 0x00, 0x00, 0x00, 0x00, 0x00, 0x00, 0x00, 0x00,
  0x00, 0x00, 0x00, 0x00, 0x00, 0x6F, 0xFC, 0xDC, 0x31, 0x00, 0x00, 0x00, 0x00, 0x00, 0x00, 0x00,
  0x00, 0x44, 0xFF, 0xFF, 0x50, 0x00, 0x00, 0x00, 0x00, 0x00, 0x00, 0x00, 0x1B, 0xE8, 0x53, 0xA4,
  0xB0, 0x01, 0x00, 0x00, 0x00, 0x00, 0x00, 0x00, 0x00, 0x18, 0xFC, 0xD2, 0x00, 0x00, 0x00, 0x00,
  0x00, 0x00, 0x00, 0x00, 0x00, 0x75, 0xC9, 0xFC, 0x39, 0x00, 0x00, 0x00, 0x00, 0x00, 0x00, 0x00,
  0x00, 0xD4, 0x81, 0xC3, 0xA0, 0x00, 0x00, 0x00, 0x00, 0x00, 0x00, 0x00, 0x35, 0xFF, 0x35, 0x6D,
  0xF6, 0x10, 0x00, 0x00, 0x00, 0x00, 0x00, 0x00, 0x95, 0xE1, 0x00, 0x1B, 0xFE, 0x6D, 0x00, 0x00,
  0x00, 0x00, 0x00, 0x06, 0xED, 0x8F, 0x00, 0x00, 0xC6, 0xD3, 0x00, 0x00, 0x00, 0x00, 0x00, 0x55,
  0xFF, 0x3D, 0x00, 0x00, 0x72, 0xFF, 0x3A, 0x00, 0x00, 0x00, 0x00, 0xB5, 0xFF, 0xFF, 0xFF, 0xFF,
  0xFF, 0xFF, 0xA0, 0x00, 0x00, 0x00, 0x18, 0xFC, 0x78, 0x00, 0x00, 0x00, 0x00, 0xA3, 0xF6, 0x10,
  0x00, 0x00, 0x75, 0xFB, 0x18, 0x00, 0x00, 0x00, 0x00, 0x38, 0xFF, 0x6D, 0x00, 0x00, 0xD4, 0xAE,
  0x00, 0x00, 0x00, 0x00, 0x00, 0x00, 0xCD, 0xD4, 0x00, 0x00, 0x00, 0x00, 0x00, 0x00, 0x00, 0x00,
  0x00, 0x00, 0x00, 0x3C, 0xFF, 0xFF, 0x88, 0x00, 0x00, 0x00, 0x00, 0x00, 0x48, 0x8C, 0x00, 0x00,
  0x00, 0x00, 0x00, 0x00, 0x00, 0x00, 0x00, 0x00, 0x00, 0x00, 0x00, 0x19, 0xE7, 0xF9, 0x3A, 0x00,
  0x00, 0x00, 0x05, 0xC5, 0xB7, 0x77, 0xE8, 0x1D, 0x00, 0x00, 0x00, 0x00, 0x00, 0x00, 0x00, 0x00,
  0x00, 0x00, 0x3D, 0xBA, 0xE5, 0xFA, 0xE0, 0x78, 0x00, 0x12, 0xF3, 0x76, 0x0C, 0x0E, 0x80, 0xFF,
  0x2D, 0x00, 0x00, 0x00, 0x00, 0x00, 0x0F, 0xFF, 0x46, 0x00, 0x07, 0x59, 0x8B, 0xB0, 0xE2, 0xFF,
  0x48, 0x10, 0xD6, 0xDA, 0x8A, 0x5C, 0x30, 0xFF, 0x48, 0x5D, 0xFD, 0x11, 0x00, 0x00, 0x35, 0xFF,
  0x49, 0x4B, 0xFF, 0x51, 0x07, 0x36, 0xD5, 0xFF, 0x53, 0x00, 0x83, 0xE8, 0xF3, 0xC8, 0x5A, 0xCE,
  0x8A, 0x00, 0x00, 0x00, 0x20, 0xDE, 0xC6, 0x31, 0x84, 0x46, 0x00, 0x00, 0x00, 0x00, 0x00, 0x00,
  0x7B, 0x92, 0xFF, 0xFF, 0xDD, 0x09, 0x00, 0x00, 0x00, 0x00, 0x00, 0x00, 0x1B, 0xE8, 0x53, 0xA4,
  0xB0, 0x01, 0x00, 0x00, 0x00, 0x00, 0x00, 0x00, 0x00, 0x18, 0xFC, 0xD2, 0x00, 0x00, 0x00, 0x00,
  0x00, 0x00, 0x00, 0x00, 0x00, 0x75, 0xC9, 0xFC, 0x39, 0x00, 0x00, 0x00, 0x00, 0x00, 0x00, 0x00,
  0x00, 0xD4, 0x81, 0xC3, 0xA0, 0x00, 0x00, 0x00, 0x00, 0x00, 0x00, 0x00, 0x35, 0xFF, 0x35, 0x6D,
  0xF6, 0x10, 0x00, 0x00, 0x00, 0x00, 0x00, 0x00, 0x95, 0xE1, 0x00, 0x1B, 0xFE, 0x6D, 0x00, 0x00,
  0x00, 0x00, 0x00, 0x06, 0xED, 0x8F, 0x00, 0x00, 0xC6, 0xD3, 0x00, 0x00, 0x00, 0x00, 0x00, 0x55,
  0xFF, 0x3D, 0x00, 0x00, 0x72, 0xFF, 0x3A, 0x00, 0x00, 0x00, 0x00, 0xB5, 0xFF, 0xFF, 0xFF, 0xFF,
  0xFF, 0xFF, 0xA0, 0x00, 0x00, 0x00, 0x18, 0xFC, 0x78, 0x00, 0x00, 0x00, 0x00, 0xA3, 0xF6, 0x10,
  0x00, 0x00, 0x75, 0xFB, 0x18, 0x00, 0x00, 0x00, 0x00, 0x38, 0xFF, 0x6D, 0x00, 0x00, 0xD4, 0xAE,
  0x00, 0x00, 0x00, 0x00, 0x00, 0x00, 0xCD, 0xD4, 0x00, 0x00, 0x03, 0xBA, 0xE0, 0x4F, 0x84, 0x82,
  0x00, 0x00, 0x3F, 0xC7, 0x29, 0xBF, 0xE6, 0x2A, 0x00, 0x00, 0x00, 0x00, 0x00, 0x00, 0x00, 0x00,
  0x00, 0x00, 0x00, 0x19, 0xE7, 0xF9, 0x3A, 0x00, 0x00, 0x00, 0x05, 0xC5, 0xB7, 0x77, 0xE8, 0x1D,
  0x00, 0x00, 0x00, 0x00, 0x00, 0x00, 0x00, 0x00, 0x00, 0x00, 0x3D, 0xBA, 0xE5, 0xFA, 0xE0, 0x78,
  0x00, 0x12, 0xF3, 0x76, 0x0C, 0x0E, 0x80, 0xFF, 0x2D, 0x00, 0x00, 0x00, 0x00, 0x00, 0x0F, 0xFF,
  0x46, 0x00, 0x07, 0x59, 0x8B, 0xB0, 0xE2, 0xFF, 0x48, 0x10, 0xD6, 0xDA, 0x8A, 0x5C, 0x30, 0xFF,
  0x48, 0x5D, 0xFD, 0x11, 0x00, 0x00, 0x35, 0xFF, 0x49, 0x4B, 0xFF, 0x51, 0x07, 0x36, 0xD5, 0xFF,
  0x53, 0x00, 0x83, 0xE8, 0xF3, 0xC8, 0x5A, 0xCE, 0x8A, 0x00, 0x00, 0x00, 0x00, 0x44, 0xFB, 0xDD,
  0x10, 0x00, 0x00, 0x00, 0x00, 0x00, 0x00, 0x00, 0x1B, 0xE8, 0x53, 0xA4, 0xB0, 0x01, 0x00, 0x00,
  0x00, 0x00, 0x00, 0x00, 0x00, 0x00, 0x00, 0x00, 0x00, 0x00, 0x00, 0x00, 0x00, 0x00, 0x00, 0x00,
  0x00, 0x18, 0xFC, 0xD2, 0x00, 0x00, 0x00, 0x00, 0x00, 0x00, 0x00, 0x00, 0x00, 0x75, 0xC9, 0xFC,
  0x39, 0x00, 0x00, 0x00, 0x00, 0x00, 0x00, 0x00, 0x00, 0xD4, 0x81, 0xC3, 0xA0, 0x00, 0x00, 0x00,
  0x00, 0x00, 0x00, 0x00, 0x35, 0xFF, 0x35, 0x6D, 0xF6, 0x10, 0x00, 0x00, 0x00, 0x00, 0x00, 0x00,
  0x95, 0xE1, 0x00, 0x1B, 0xFE, 0x6D, 0x00, 0x00, 0x00, 0x00, 0x00, 0x06, 0xED, 0x8F, 0x00, 0x00,
  0xC6, 0xD3, 0x00, 0x00, 0x00, 0x00, 0x00, 0x55, 0xFF, 0x3D, 0x00, 0x00, 0x72, 0xFF, 0x3A, 0x00,
  0x00, 0x00, 0x00, 0xB5, 0xFF, 0xFF, 0xFF, 0xFF, 0xFF, 0xFF, 0xA0, 0x00, 0x00, 0x00, 0x18, 0xFC,
  0x78, 0x00, 0x00, 0x00, 0x00, 0xA3, 0xF6, 0x10, 0x00, 0x00, 0x75, 0xFB, 0x18, 0x00, 0x00, 0x00,
  0x00, 0x38, 0xFF, 0x6D, 0x00, 0x00, 0xD4, 0xAE, 0x00, 0x00, 0x00, 0x00, 0x00, 0x00, 0xCD, 0xD4,
  0x00, 0x00, 0x00, 0x00, 0x00, 0x00, 0x00, 0x00, 0x00, 0x00, 0x00, 0x00, 0x00, 0x00, 0x00, 0x00,
  0x00, 0x00, 0xDC, 0xA4, 0x00, 0x00, 0x00, 0x00, 0x00, 0x00, 0x00, 0x19, 0xE7, 0xF9, 0x3A, 0x00,
  0x00, 0x00, 0x05, 0xC5, 0xB7, 0x77, 0xE8, 0x1D, 0x00, 0x00, 0x00, 0x00, 0x00, 0x00, 0x00, 0x00,
  0x00, 0x00, 0x3D, 0xBA, 0xE5, 0xFA, 0xE0, 0x78, 0x00, 0x12, 0xF3, 0x76, 0x0C, 0x0E, 0x80, 0xFF,
  0x2D, 0x00, 0x00, 0x00, 0x00, 0x00, 0x0F, 0xFF, 0x46, 0x00, 0x07, 0x59, 0x8B, 0xB0, 0xE2, 0xFF,
  0x48, 0x10, 0xD6, 0xDA, 0x8A, 0x5C, 0x30, 0xFF, 0x48, 0x5D, 0xFD, 0x11, 0x00, 0x00, 0x35, 0xFF,
  0x49, 0x4B, 0xFF, 0x51, 0x07, 0x36, 0xD5, 0xFF, 0x53, 0x00, 0x83, 0xE8, 0xF3, 0xC8, 0x5A, 0xCE,
  0x8A, 0x00, 0x00, 0x00, 0x00, 0x00, 0x00, 0x00, 0x00, 0x00, 0x00, 0x00, 0xA4, 0xDC, 0x00, 0x00,
  0x00, 0x00, 0x00, 0x00, 0x00, 0x00, 0x24, 0xFB, 0x5B, 0x00, 0x00, 0x00, 0x00, 0x00, 0x00, 0x00,
  0x0C, 0xB1, 0xBA, 0xA4, 0xB5, 0x02, 0x00, 0x00, 0x00, 0x00, 0x00, 0x00, 0x00, 0x57, 0xE8, 0xE2,
  0x44, 0x00, 0x00, 0x00, 0x00, 0x00, 0x00, 0x00, 0x00, 0x18, 0xFC, 0xD2, 0x00, 0x00, 0x00, 0x00,
  0x00, 0x00, 0x00, 0x00, 0x00, 0x75, 0xC9, 0xFC, 0x39, 0x00, 0x00, 0x00, 0x00, 0x00, 0x00, 0x00,
  0x00, 0xD4, 0x81, 0xC3, 0xA0, 0x00, 0x00, 0x00, 0x00, 0x00, 0x00, 0x00, 0x35, 0xFF, 0x35, 0x6D,
  0xF6, 0x10, 0x00, 0x00, 0x00, 0x00, 0x00, 0x00, 0x95, 0xE1, 0x00, 0x1B, 0xFE, 0x6D, 0x00, 0x00,
  0x00, 0x00, 0x00, 0x06, 0xED, 0x8F, 0x00, 0x00, 0xC6, 0xD3, 0x00, 0x00, 0x00, 0x00, 0x00, 0x55,
  0xFF, 0x3D, 0x00, 0x00, 0x72, 0xFF, 0x3A, 0x00, 0x00, 0x00, 0x00, 0xB5, 0xFF, 0xFF, 0xFF, 0xFF,
  0xFF, 0xFF, 0xA0, 0x00, 0x00, 0x00, 0x18, 0xFC, 0x78, 0x00, 0x00, 0x00, 0x00, 0xA3, 0xF6, 0x10,
  0x00, 0x00, 0x75, 0xFB, 0x18, 0x00, 0x00, 0x00, 0x00, 0x38, 0xFF, 0x6D, 0x00, 0x00, 0xD4, 0xAE,
  0x00, 0x00, 0x00, 0x00, 0x00, 0x00, 0xCD, 0xD4, 0x00, 0x00, 0x00, 0x00, 0x04, 0xDE, 0xB1, 0x02,
  0x00, 0x00, 0x00, 0x00, 0x61, 0xD0, 0x0B, 0x00, 0x00, 0x00, 0x00, 0x00, 0x00, 0x00, 0x00, 0x00,
  0x00, 0x00, 0x00, 0xBA, 0x5F, 0x0C, 0xB1, 0x55, 0x00, 0x00, 0x00, 0x31, 0xD5, 0xF4, 0xA3, 0x03,
  0x00, 0x00, 0x00, 0x00, 0x00, 0x00, 0x00, 0x00, 0x00, 0x00, 0x3D, 0xBA, 0xE5, 0xFA, 0xE0, 0x78,
  0x00, 0x12, 0xF3, 0x76, 0x0C, 0x0E, 0x80, 0xFF, 0x2D, 0x00, 0x00, 0x00, 0x00, 0x00, 0x0F, 0xFF,
  0x46, 0x00, 0x07, 0x59, 0x8B, 0xB0, 0xE2, 0xFF, 0x48, 0x10, 0xD6, 0xDA, 0x8A, 0x5C, 0x30, 0xFF,
  0x48, 0x5D, 0xFD, 0x11, 0x00, 0x00, 0x35, 0xFF, 0x49, 0x4B, 0xFF, 0x51, 0x07, 0x36, 0xD5, 0xFF,
  0x53, 0x00, 0x83, 0xE8, 0xF3, 0xC8, 0x5A, 0xCE, 0x8A, 0x00, 0x00, 0x00, 0x01, 0xAB, 0xCD, 0x00,
  0x00, 0x00, 0x00, 0x00, 0x00, 0x00, 0x00, 0x00, 0x0C, 0xBA, 0xE4, 0x70, 0xB5, 0x02, 0x00, 0x00,
  0x00, 0x00, 0x00, 0x00, 0x00, 0x57, 0xE8, 0xE2, 0x44, 0x00, 0x00, 0x00, 0x00, 0x00, 0x00, 0x00,
  0x00, 0x18, 0xFC, 0xD2, 0x00, 0x00, 0x00, 0x00, 0x00, 0x00, 0x00, 0x00, 0x00, 0x75, 0xC9, 0xFC,
  0x39, 0x00, 0x00, 0x00, 0x00, 0x00, 0x00, 0x00, 0x00, 0xD4, 0x81, 0xC3, 0xA0, 0x00, 0x00, 0x00,
  0x00, 0x00, 0x00, 0x00, 0x35, 0xFF, 0x35, 0x6D, 0xF6, 0x10, 0x00, 0x00, 0x00, 0x00, 0x00, 0x00,
  0x95, 0xE1, 0x00, 0x1B, 0xFE, 0x6D, 0x00, 0x00, 0x00, 0x00, 0x00, 0x06, 0xED, 0x8F, 0x00, 0x00,
  0xC6, 0xD3, 0x00, 0x00, 0x00, 0x00, 0x00, 0x55, 0xFF, 0x3D, 0x00, 0x00, 0x72, 0xFF, 0x3A, 0x00,
  0x00, 0x00, 0x00, 0xB5, 0xFF, 0xFF, 0xFF, 0xFF, 0xFF, 0xFF, 0xA0, 0x00, 0x00, 0x00, 0x18, 0xFC,
  0x78, 0x00, 0x00, 0x00, 0x00, 0xA3, 0xF6, 0x10, 0x00, 0x00, 0x75, 0xFB, 0x18, 0x00, 0x00, 0x00,
  0x00, 0x38, 0xFF, 0x6D, 0x00, 0x00, 0xD4, 0xAE, 0x00, 0x00, 0x00, 0x00, 0x00, 0x00, 0xCD, 0xD4,
  0x00, 0x00, 0x00, 0x38, 0xF7, 0x66, 0x00, 0x00, 0x00, 0x00, 0x00, 0x00, 0x59, 0xDE, 0x05, 0x00,
  0x00, 0x00, 0x00, 0x00, 0x00, 0x00, 0x00, 0x00, 0x00, 0x00, 0x00, 0xBA, 0x5F, 0x0C, 0xB1, 0x55,
  0x00, 0x00, 0x00, 0x31, 0xD5, 0xF4, 0xA3, 0x03, 0x00, 0x00, 0x00, 0x00, 0x00, 0x00, 0x00, 0x00,
  0x00, 0x00, 0x3D, 0xBA, 0xE5, 0xFA, 0xE0, 0x78, 0x00, 0x12, 0xF3, 0x76, 0x0C, 0x0E, 0x80, 0xFF,
  0x2D, 0x00, 0x00, 0x00, 0x00, 0x00, 0x0F, 0xFF, 0x46, 0x00, 0x07, 0x59, 0x8B, 0xB0, 0xE2, 0xFF,
  0x48, 0x10, 0xD6, 0xDA, 0x8A, 0x5C, 0x30, 0xFF, 0x48, 0x5D, 0xFD, 0x11, 0x00, 0x00, 0x35, 0xFF,
  0x49, 0x4B, 0xFF, 0x51, 0x07, 0x36, 0xD5, 0xFF, 0x53, 0x00, 0x83, 0xE8, 0xF3, 0xC8, 0x5A, 0xCE,
  0x8A, 0x00, 0x00, 0x00, 0x00, 0x00, 0x00, 0x00, 0x00, 0x00, 0x00, 0x00, 0x00, 0x00, 0x00, 0x00,
  0x00, 0x6F, 0xFC, 0xDC, 0x31, 0x00, 0x00, 0x00, 0x00, 0x00, 0x00, 0x00, 0x0C, 0xB1, 0x91, 0xFF,
  0xF6, 0x02, 0x00, 0x00, 0x00, 0x00, 0x00, 0x00, 0x00, 0x57, 0xE8, 0xE2, 0x44, 0x00, 0x00, 0x00,
  0x00, 0x00, 0x00, 0x00, 0x00, 0x18, 0xFC, 0xD2, 0x00, 0x00, 0x00, 0x00, 0x00, 0x00, 0x00, 0x00,
  0x00, 0x75, 0xC9, 0xFC, 0x39, 0x00, 0x00, 0x00, 0x00, 0x00, 0x00, 0x00, 0x00, 0xD4, 0x81, 0xC3,
  0xA0, 0x00, 0x00, 0x00, 0x00, 0x00, 0x00, 0x00, 0x35, 0xFF, 0x35, 0x6D, 0xF6, 0x10, 0x00, 0x00,
  0x00, 0x00, 0x00, 0x00, 0x95, 0xE1, 0x00, 0x1B, 0xFE, 0x6D, 0x00, 0x00, 0x00, 0x00, 0x00, 0x06,
  0xED, 0x8F, 0x00, 0x00, 0xC6, 0xD3, 0x00, 0x00, 0x00, 0x00, 0x00, 0x55, 0xFF, 0x3D, 0x00, 0x00,
  0x72, 0xFF, 0x3A, 0x00, 0x00, 0x00, 0x00, 0xB5, 0xFF, 0xFF, 0xFF, 0xFF, 0xFF, 0xFF, 0xA0, 0x00,
  0x00, 0x00, 0x18, 0xFC, 0x78, 0x00, 0x00, 0x00, 0x00, 0xA3, 0xF6, 0x10, 0x00, 0x00, 0x75, 0xFB,
  0x18, 0x00, 0x00, 0x00, 0x00, 0x38, 0xFF, 0x6D, 0x00, 0x00, 0xD4, 0xAE, 0x00, 0x00, 0x00, 0x00,
  0x00, 0x00, 0xCD, 0xD4, 0x00, 0x00, 0x00, 0x00, 0x00, 0x00, 0x00, 0x00, 0x00, 0x00, 0x00, 0x1B,
  0xFF, 0xFF, 0xA8, 0x00, 0x00, 0x00, 0x00, 0x00, 0x24, 0xB0, 0x00, 0x00, 0x00, 0x00, 0x00, 0x00,
  0x00, 0x00, 0x00, 0x00, 0x00, 0x00, 0x00, 0xBA, 0x5F, 0x0C, 0xB1, 0x55, 0x00, 0x00, 0x00, 0x31,
  0xD5, 0xF4, 0xA3, 0x03, 0x00, 0x00, 0x00, 0x00, 0x00, 0x00, 0x00, 0x00, 0x00, 0x00, 0x3D, 0xBA,
  0xE5, 0xFA, 0xE0, 0x78, 0x00, 0x12, 0xF3, 0x76, 0x0C, 0x0E, 0x80, 0xFF, 0x2D, 0x00, 0x00, 0x00,
  0x00, 0x00, 0x0F, 0xFF, 0x46, 0x00, 0x07, 0x59, 0x8B, 0xB0, 0xE2, 0xFF, 0x48, 0x10, 0xD6, 0xDA,
  0x8A, 0x5C, 0x30, 0xFF, 0x48, 0x5D, 0xFD, 0x11, 0x00, 0x00, 0x35, 0xFF, 0x49, 0x4B, 0xFF, 0x51,
  0x07, 0x36, 0xD5, 0xFF, 0x53, 0x00, 0x83, 0xE8, 0xF3, 0xC8, 0x5A, 0xCE, 0x8A, 0x00, 0x00, 0x00,
  0x0B, 0xCB, 0xD9, 0x45, 0x5D, 0x6E, 0x00, 0x00, 0x00, 0x00, 0x00, 0x00, 0x5F, 0xFF, 0x4F, 0xED,
  0xFF, 0x20, 0x00, 0x00, 0x00, 0x00, 0x00, 0x00, 0x00, 0x57, 0xE8, 0xE2, 0x44, 0x00, 0x00, 0x00,
  0x00, 0x00, 0x00, 0x00, 0x00, 0x18, 0xFC, 0xD2, 0x00, 0x00, 0x00, 0x00, 0x00, 0x00, 0x00, 0x00,
  0x00, 0x75, 0xC9, 0xFC, 0x39, 0x00, 0x00, 0x00, 0x00, 0x00, 0x00, 0x00, 0x00, 0xD4, 0x81, 0xC3,
  0xA0, 0x00, 0x00, 0x00, 0x00, 0x00, 0x00, 0x00, 0x35, 0xFF, 0x35, 0x6D, 0xF6, 0x10, 0x00, 0x00,
  0x00, 0x00, 0x00, 0x00, 0x95, 0xE1, 0x00, 0x1B, 0xFE, 0x6D, 0x00, 0x00, 0x00, 0x00, 0x00, 0x06,
  0xED, 0x8F, 0x00, 0x00, 0xC6, 0xD3, 0x00, 0x00, 0x00, 0x00, 0x00, 0x55, 0xFF, 0x3D, 0x00, 0x00,
  0x72, 0xFF, 0x3A, 0x00, 0x00, 0x00, 0x00, 0xB5, 0xFF, 0xFF, 0xFF, 0xFF, 0xFF, 0xFF, 0xA0, 0x00,
  0x00, 0x00, 0x18, 0xFC, 0x78, 0x00, 0x00, 0x00, 0x00, 0xA3, 0xF6, 0x10, 0x00, 0x00, 0x75, 0xFB,
  0x18, 0x00, 0x00, 0x00, 0x00, 0x38, 0xFF, 0x6D, 0x00, 0x00, 0xD4, 0xAE, 0x00, 0x00, 0x00, 0x00,
  0x00, 0x00, 0xCD, 0xD4, 0x00, 0x00, 0x00, 0x78, 0xEE, 0x81, 0x3F, 0xCE, 0x00, 0x00, 0x00, 0xF1,
  0x24, 0x93, 0xF0, 0x66, 0x00, 0x00, 0x00, 0x00, 0x00, 0x00, 0x00, 0x00, 0x00, 0x00, 0x00, 0xBA,
  0x5F, 0x0C, 0xB1, 0x55, 0x00, 0x00, 0x00, 0x31, 0xD5, 0xF4, 0xA3, 0x03, 0x00, 0x00, 0x00, 0x00,
  0x00, 0x00, 0x00, 0x00, 0x00, 0x00, 0x3D, 0xBA, 0xE5, 0xFA, 0xE0, 0x78, 0x00, 0x12, 0xF3, 0x76,
  0x0C, 0x0E, 0x80, 0xFF, 0x2D, 0x00, 0x00, 0x00, 0x00, 0x00, 0x0F, 0xFF, 0x46, 0x00, 0x07, 0x59,
  0x8B, 0xB0, 0xE2, 0xFF, 0x48, 0x10, 0xD6, 0xDA, 0x8A, 0x5C, 0x30, 0xFF, 0x48, 0x5D, 0xFD, 0x11,
  0x00, 0x00, 0x35, 0xFF, 0x49, 0x4B, 0xFF, 0x51, 0x07, 0x36, 0xD5, 0xFF, 0x53, 0x00, 0x83, 0xE8,
  0xF3, 0xC8, 0x5A, 0xCE, 0x8A, 0x00, 0x00, 0x00, 0x0C, 0xB1, 0x19, 0x24, 0xB5, 0x02, 0x00, 0x00,
  0x00, 0x00, 0x00, 0x00, 0x00, 0x57, 0xE8, 0xE2, 0x44, 0x00, 0x00, 0x00, 0x00, 0x00, 0x00, 0x00,
  0x00, 0x00, 0x00, 0x00, 0x00, 0x00, 0x00, 0x00, 0x00, 0x00, 0x00, 0x00, 0x00, 0x18, 0xFC, 0xD2,
  0x00, 0x00, 0x00, 0x00, 0x00, 0x00, 0x00, 0x00, 0x00, 0x75, 0xC9, 0xFC, 0x39, 0x00, 0x00, 0x00,
  0x00, 0x00, 0x00, 0x00, 0x00, 0xD4, 0x81, 0xC3, 0xA0, 0x00, 0x00, 0x00, 0x00, 0x00, 0x00, 0x00,
  0x35, 0xFF, 0x35, 0x6D, 0xF6, 0x10, 0x00, 0x00, 0x00, 0x00, 0x00, 0x00, 0x95, 0xE1, 0x00, 0x1B,
  0xFE, 0x6D, 0x00, 0x00, 0x00, 0x00, 0x00, 0x06, 0xED, 0x8F, 0x00, 0x00, 0xC6, 0xD3, 0x00, 0x00,
  0x00, 0x00, 0x00, 0x55, 0xFF, 0x3D, 0x00, 0x00, 0x72, 0xFF, 0x3A, 0x00, 0x00, 0x00, 0x00, 0xB5,
  0xFF, 0xFF, 0xFF, 0xFF, 0xFF, 0xFF, 0xA0, 0x00, 0x00, 0x00, 0x18, 0xFC, 0x78, 0x00, 0x00, 0x00,
  0x00, 0xA3, 0xF6, 0x10, 0x00, 0x00, 0x75, 0xFB, 0x18, 0x00, 0x00, 0x00, 0x00, 0x38, 0xFF, 0x6D,
  0x00, 0x00, 0xD4, 0xAE, 0x00, 0x00, 0x00, 0x00, 0x00, 0x00, 0xCD, 0xD4, 0x00, 0x00, 0x00, 0x00,
  0x00, 0x00, 0x00, 0x00, 0x00, 0x00, 0x00, 0x00, 0x00, 0x00, 0x00, 0x00, 0x00, 0x00, 0xDC, 0xA4,
  0x00, 0x00, 0x00, 0x00, 0x00, 0x00, 0x00, 0xBA, 0x5F, 0x0C, 0xB1, 0x55, 0x00, 0x00, 0x00, 0x31,
  0xD5, 0xF4, 0xA3, 0x03, 0x00, 0x00, 0x00, 0x00, 0x00, 0x00, 0x00, 0x00, 0x00, 0x00, 0x3D, 0xBA,
  0xE5, 0xFA, 0xE0, 0x78, 0x00, 0x12, 0xF3, 0x76, 0x0C, 0x0E, 0x80, 0xFF, 0x2D, 0x00, 0x00, 0x00,
  0x00, 0x00, 0x0F, 0xFF, 0x46, 0x00, 0x07, 0x59, 0x8B, 0xB0, 0xE2, 0xFF, 0x48, 0x10, 0xD6, 0xDA,
  0x8A, 0x5C, 0x30, 0xFF, 0x48, 0x5D, 0xFD, 0x11, 0x00, 0x00, 0x35, 0xFF, 0x49, 0x4B, 0xFF, 0x51,
  0x07, 0x36, 0xD5, 0xFF, 0x53, 0x00, 0x83, 0xE8, 0xF3, 0xC8, 0x5A, 0xCE, 0x8A, 0x00, 0x00, 0x00,
  0x00, 0x00, 0x00, 0x00, 0x00, 0x00, 0x00, 0x00, 0xA4, 0xDC, 0x00, 0x00, 0x00, 0x00, 0xD0, 0xFF,
  0xFF, 0xFF, 0xFF, 0xFF, 0xFF, 0xF4, 0x00, 0x00, 0xD0, 0x9C, 0x00, 0x00, 0x00, 0x00, 0x00, 0x00,
  0x00, 0x00, 0xD0, 0x9C, 0x00, 0x00, 0x00, 0x00, 0x00, 0x00, 0x00, 0x00, 0xD0, 0x9C, 0x00, 0x00,
  0x00, 0x00, 0x00, 0x00, 0x00, 0x00, 0xD0, 0x9C, 0x00, 0x00, 0x00, 0x00, 0x00, 0x00, 0x00, 0x00,
  0xD0, 0xFF, 0xFF, 0xFF, 0xFF, 0xFF, 0xFF, 0x8C, 0x00, 0x00, 0xD0, 0x9C, 0x00, 0x00, 0x00, 0x00,
  0x00, 0x00, 0x00, 0x00, 0xD0, 0x9C, 0x00, 0x00, 0x00, 0x00, 0x00, 0x00, 0x00, 0x00, 0xD0, 0x9C,
  0x00, 0x00, 0x00, 0x00, 0x00, 0x00, 0x00, 0x00, 0xD0, 0x9C, 0x00, 0x00, 0x00, 0x00, 0x00, 0x00,
  0x00, 0x00, 0xD0, 0xFF, 0xFF, 0xFF, 0xFF, 0xFF, 0xFF, 0xFF, 0x34, 0x00, 0x00, 0x00, 0x00, 0x00,
  0x00, 0x00, 0x00, 0x00, 0x00, 0x00, 0x00, 0x00, 0x00, 0x90, 0xF0, 0x00, 0x00, 0x00, 0x00, 0x00,
  0x0E, 0x99, 0xEB, 0xF0, 0xBB, 0x30, 0x00, 0x00, 0xB3, 0xBB, 0x24, 0x10, 0x78, 0xF2, 0x1D, 0x32,
  0xFF, 0x1D, 0x00, 0x00, 0x00, 0xCB, 0x85, 0x5F, 0xFF, 0xFF, 0xFF, 0xFF, 0xFF, 0xFF, 0xAE, 0x63,
  0xF9, 0x04, 0x00, 0x00, 0x00, 0x00, 0x00, 0x38, 0xFF, 0x40, 0x00, 0x00, 0x00, 0x00, 0x00, 0x00,
  0xBC, 0xD7, 0x32, 0x0E, 0x4B, 0xF0, 0x63, 0x00, 0x12, 0x9E, 0xEC, 0xF8, 0xD5, 0x68, 0x00, 0x00,
  0x00, 0x00, 0x00, 0x00, 0x00, 0x00, 0x00, 0x00, 0x00, 0x00, 0x84, 0xFC, 0x00, 0x00, 0x00, 0x00,
  0x00, 0x00, 0x00, 0x00, 0x00, 0x00, 0x00, 0x00, 0x00, 0x00, 0x00, 0x00, 0x39, 0xFF, 0xFF, 0x8C,
  0x00, 0x00, 0x00, 0x00, 0x00, 0x00, 0x00, 0x44, 0x90, 0x00, 0x00, 0x00, 0x00, 0x00, 0x00, 0x00,
  0x00, 0x00, 0x00, 0x00, 0x00, 0x00, 0x00, 0x00, 0xD0, 0xFF, 0xFF, 0xFF, 0xFF, 0xFF, 0xFF, 0xF4,
  0x00, 0x00, 0xD0, 0x9C, 0x00, 0x00, 0x00, 0x00, 0x00, 0x00, 0x00, 0x00, 0xD0, 0x9C, 0x00, 0x00,
  0x00, 0x00, 0x00, 0x00, 0x00, 0x00, 0xD0, 0x9C, 0x00, 0x00, 0x00, 0x00, 0x00, 0x00, 0x00, 0x00,
  0xD0, 0x9C, 0x00, 0x00, 0x00, 0x00, 0x00, 0x00, 0x00, 0x00, 0xD0, 0xFF, 0xFF, 0xFF, 0xFF, 0xFF,
  0xFF, 0x8C, 0x00, 0x00, 0xD0, 0x9C, 0x00, 0x00, 0x00, 0x00, 0x00, 0x00, 0x00, 0x00, 0xD0, 0x9C,
  0x00, 0x00, 0x00, 0x00, 0x00, 0x00, 0x00, 0x00, 0xD0, 0x9C, 0x00, 0x00, 0x00, 0x00, 0x00, 0x00,
  0x00, 0x00, 0xD0, 0x9C, 0x00, 0x00, 0x00, 0x00, 0x00, 0x00, 0x00, 0x00, 0xD0, 0xFF, 0xFF, 0xFF,
  0xFF, 0xFF, 0xFF, 0xFF, 0x34, 0x00, 0x00, 0x28, 0xFC, 0xE6, 0x64, 0x00, 0x00, 0x00, 0x00, 0x00,
  0x04, 0x78, 0xEA, 0x00, 0x00, 0x00, 0x00, 0x00, 0x30, 0xFB, 0x8E, 0x00, 0x00, 0x00, 0x00, 0x00,
  0x00, 0x00, 0x00, 0x00, 0x00, 0x00, 0x0E, 0x99, 0xEB, 0xF0, 0xBB, 0x30, 0x00, 0x00, 0xB3, 0xBB,
  0x24, 0x10, 0x78, 0xF2, 0x1D, 0x32, 0xFF, 0x1D, 0x00, 0x00, 0x00, 0xCB, 0x85, 0x5F, 0xFF, 0xFF,
  0xFF, 0xFF, 0xFF, 0xFF, 0xAE, 0x63, 0xF9, 0x04, 0x00, 0x00, 0x00, 0x00, 0x00, 0x38, 0xFF, 0x40,
  0x00, 0x00, 0x00, 0x00, 0x00, 0x00, 0xBC, 0xD7, 0x32, 0x0E, 0x4B, 0xF0, 0x63, 0x00, 0x12, 0x9E,
  0xEC, 0xF8, 0xD5, 0x68, 0x00, 0x00, 0x00, 0x00, 0x9B, 0xEA, 0x66, 0x5A, 0xAA, 0x00, 0x00, 0x00,
  0x00, 0x1A, 0xEA, 0x21, 0xA9, 0xED, 0x42, 0x00, 0x00, 0x00, 0x00, 0x00, 0x00, 0x00, 0x00, 0x00,
  0x00, 0x00, 0x00, 0x00, 0xD0, 0xFF, 0xFF, 0xFF, 0xFF, 0xFF, 0xFF, 0xF4, 0x00, 0x00, 0xD0, 0x9C,
  0x00, 0x00, 0x00, 0x00, 0x00, 0x00, 0x00, 0x00, 0xD0, 0x9C, 0x00, 0x00, 0x00, 0x00, 0x00, 0x00,
  0x00, 0x00, 0xD0, 0x9C, 0x00, 0x00, 0x00, 0x00, 0x00, 0x00, 0x00, 0x00, 0xD0, 0x9C, 0x00, 0x00,
  0x00, 0x00, 0x00, 0x00, 0x00, 0x00, 0xD0, 0xFF, 0xFF, 0xFF, 0xFF, 0xFF, 0xFF, 0x8C, 0x00, 0x00,
  0xD0, 0x9C, 0x00, 0x00, 0x00, 0x00, 0x00, 0x00, 0x00, 0x00, 0xD0, 0x9C, 0x00, 0x00, 0x00, 0x00,
  0x00, 0x00, 0x00, 0x00, 0xD0, 0x9C, 0x00, 0x00, 0x00, 0x00, 0x00, 0x00, 0x00, 0x00, 0xD0, 0x9C,
  0x00, 0x00, 0x00, 0x00, 0x00, 0x00, 0x00, 0x00, 0xD0, 0xFF, 0xFF, 0xFF, 0xFF, 0xFF, 0xFF, 0xFF,
  0x34, 0x00, 0x00, 0x9F, 0xE9, 0x63, 0x5D, 0xA6, 0x00, 0x00, 0x1D, 0xE7, 0x22, 0xAC, 0xEC, 0x3F,
  0x00, 0x00, 0x00, 0x00, 0x00, 0x00, 0x00, 0x00, 0x00, 0x00, 0x0E, 0x99, 0xEB, 0xF0, 0xBB, 0x30,
  0x00, 0x00, 0xB3, 0xBB, 0x24, 0x10, 0x78, 0xF2, 0x1D, 0x32, 0xFF, 0x1D, 0x00, 0x00, 0x00, 0xCB,
  0x85, 0x5F, 0xFF, 0xFF, 0xFF, 0xFF, 0xFF, 0xFF, 0xAE, 0x63, 0xF9, 0x04, 0x00, 0x00, 0x00, 0x00,
  0x00, 0x38, 0xFF, 0x40, 0x00, 0x00, 0x00, 0x00, 0x00, 0x00, 0xBC, 0xD7, 0x32, 0x0E, 0x4B, 0xF0,
  0x63, 0x00, 0x12, 0x9E, 0xEC, 0xF8, 0xD5, 0x68, 0x00, 0x00, 0x00, 0x00, 0x00, 0x06, 0xE1, 0x92,
  0x00, 0x00, 0x00, 0x00, 0x00, 0x00, 0x1E, 0xFF, 0xFF, 0x31, 0x00, 0x00, 0x00, 0x00, 0x00, 0x05,
  0xC8, 0x87, 0x6D, 0xDA, 0x0E, 0x00, 0x00, 0x00, 0xD0, 0xFF, 0xFF, 0xFF, 0xFF, 0xFF, 0xFF, 0xF4,
  0x00, 0x00, 0xD0, 0x9C, 0x00, 0x00, 0x00, 0x00, 0x00, 0x00, 0x00, 0x00, 0xD0, 0x9C, 0x00, 0x00,
  0x00, 0x00, 0x00, 0x00, 0x00, 0x00, 0xD0, 0x9C, 0x00, 0x00, 0x00, 0x00, 0x00, 0x00, 0x00, 0x00,
  0xD0, 0x9C, 0x00, 0x00, 0x00, 0x00, 0x00, 0x00, 0x00, 0x00, 0xD0, 0xFF, 0xFF, 0xFF, 0xFF, 0xFF,
  0xFF, 0x8C, 0x00, 0x00, 0xD0, 0x9C, 0x00, 0x00, 0x00, 0x00, 0x00, 0x00, 0x00, 0x00, 0xD0, 0x9C,
  0x00, 0x00, 0x00, 0x00, 0x00, 0x00, 0x00, 0x00, 0xD0, 0x9C, 0x00, 0x00, 0x00, 0x00, 0x00, 0x00,
  0x00, 0x00, 0xD0, 0x9C, 0x00, 0x00, 0x00, 0x00, 0x00, 0x00, 0x00, 0x00, 0xD0, 0xFF, 0xFF, 0xFF,
  0xFF, 0xFF, 0xFF, 0xFF, 0x34, 0x00, 0x00, 0x00, 0x02, 0xD8, 0xB8, 0x03, 0x00, 0x00, 0x00, 0x00,
  0x59, 0xD5, 0x0E, 0x00, 0x00, 0x00, 0x00, 0x00, 0x00, 0x00, 0x00, 0x00, 0x00, 0x00, 0x00, 0x17,
  0xE5, 0xFA, 0x3D, 0x00, 0x00, 0x00, 0x04, 0xC2, 0xBA, 0x74, 0xEA, 0x1F, 0x00, 0x00, 0x00, 0x00,
  0x00, 0x00, 0x00, 0x00, 0x00, 0x00, 0x0E, 0x99, 0xEB, 0xF0, 0xBB, 0x30, 0x00, 0x00, 0xB3, 0xBB,
  0x24, 0x10, 0x78, 0xF2, 0x1D, 0x32, 0xFF, 0x1D, 0x00, 0x00, 0x00, 0xCB, 0x85, 0x5F, 0xFF, 0xFF,
  0xFF, 0xFF, 0xFF, 0xFF, 0xAE, 0x63, 0xF9, 0x04, 0x00, 0x00, 0x00, 0x00, 0x00, 0x38, 0xFF, 0x40,
  0x00, 0x00, 0x00, 0x00, 0x00, 0x00, 0xBC, 0xD7, 0x32, 0x0E, 0x4B, 0xF0, 0x63, 0x00, 0x12, 0x9E,
  0xEC, 0xF8, 0xD5, 0x68, 0x00, 0x00, 0x00, 0x00, 0x75, 0xF3, 0x13, 0x00, 0x00, 0x00, 0x00, 0x00,
  0x00, 0x00, 0x1E, 0xFF, 0xFF, 0x2E, 0x00, 0x00, 0x00, 0x00, 0x00, 0x05, 0xC8, 0x87, 0x6D, 0xDA,
  0x0E, 0x00, 0x00, 0x00, 0xD0, 0xFF, 0xFF, 0xFF, 0xFF, 0xFF, 0xFF, 0xF4, 0x00, 0x00, 0xD0, 0x9C,
  0x00, 0x00, 0x00, 0x00, 0x00, 0x00, 0x00, 0x00, 0xD0, 0x9C, 0x00, 0x00, 0x00, 0x00, 0x00, 0x00,
  0x00, 0x00, 0xD0, 0x9C, 0x00, 0x00, 0x00, 0x00, 0x00, 0x00, 0x00, 0x00, 0xD0, 0x9C, 0x00, 0x00,
  0x00, 0x00, 0x00, 0x00, 0x00, 0x00, 0xD0, 0xFF, 0xFF, 0xFF, 0xFF, 0xFF, 0xFF, 0x8C, 0x00, 0x00,
  0xD0, 0x9C, 0x00, 0x00, 0x00, 0x00, 0x00, 0x00, 0x00, 0x00, 0xD0, 0x9C, 0x00, 0x00, 0x00, 0x00,
  0x00, 0x00, 0x00, 0x00, 0xD0, 0x9C, 0x00, 0x00, 0x00, 0x00, 0x00, 0x00, 0x00, 0x00, 0xD0, 0x9C,
  0x00, 0x00, 0x00, 0x00, 0x00, 0x00, 0x00, 0x00, 0xD0, 0xFF, 0xFF, 0xFF, 0xFF, 0xFF, 0xFF, 0xFF,
  0x34, 0x00, 0x00, 0x85, 0xF8, 0x1A, 0x00, 0x00, 0x00, 0x00, 0x00, 0x01, 0xAA, 0x90, 0x00, 0x00,
  0x00, 0x00, 0x00, 0x00, 0x00, 0x00, 0x00, 0x00, 0x00, 0x00, 0x00, 0x17, 0xE5, 0xFA, 0x3D, 0x00,
  0x00, 0x00, 0x04, 0xC2, 0xBA, 0x74, 0xEA, 0x1F, 0x00, 0x00, 0x00, 0x00, 0x00, 0x00, 0x00, 0x00,
  0x00, 0x00, 0x0E, 0x99, 0xEB, 0xF0, 0xBB, 0x30, 0x00, 0x00, 0xB3, 0xBB, 0x24, 0x10, 0x78, 0xF2,
  0x1D, 0x32, 0xFF, 0x1D, 0x00, 0x00, 0x00, 0xCB, 0x85, 0x5F, 0xFF, 0xFF, 0xFF, 0xFF, 0xFF, 0xFF,
  0xAE, 0x63, 0xF9, 0x04, 0x00, 0x00, 0x00, 0x00, 0x00, 0x38, 0xFF, 0x40, 0x00, 0x00, 0x00, 0x00,
  0x00, 0x00, 0xBC, 0xD7, 0x32, 0x0E, 0x4B, 0xF0, 0x63, 0x00, 0x12, 0x9E, 0xEC, 0xF8, 0xD5, 0x68,
  0x00, 0x00, 0x00, 0x00, 0x00, 0x00, 0x00, 0x00, 0x00, 0x00, 0x00, 0x00, 0x00, 0x00, 0x47, 0xFD,
  0xE5, 0x4E, 0x00, 0x00, 0x00, 0x00, 0x00, 0x00, 0x1E, 0xFF, 0xFF, 0x8F, 0x00, 0x00, 0x00, 0x00,
  0x00, 0x05, 0xC8, 0x87, 0x6D, 0xDA, 0x0E, 0x00, 0x00, 0x00, 0xD0, 0xFF, 0xFF, 0xFF, 0xFF, 0xFF,
  0xFF, 0xF4, 0x00, 0x00, 0xD0, 0x9C, 0x00, 0x00, 0x00, 0x00, 0x00, 0x00, 0x00, 0x00, 0xD0, 0x9C,
  0x00, 0x00, 0x00, 0x00, 0x00, 0x00, 0x00, 0x00, 0xD0, 0x9C, 0x00, 0x00, 0x00, 0x00, 0x00, 0x00,
  0x00, 0x00, 0xD0, 0x9C, 0x00, 0x00, 0x00, 0x00, 0x00, 0x00, 0x00, 0x00, 0xD0, 0xFF, 0xFF, 0xFF,
  0xFF, 0xFF, 0xFF, 0x8C, 0x00, 0x00, 0xD0, 0x9C, 0x00, 0x00, 0x00, 0x00, 0x00, 0x00, 0x00, 0x00,
  0xD0, 0x9C, 0x00, 0x00, 0x00, 0x00, 0x00, 0x00, 0x00, 0x00, 0xD0, 0x9C, 0x00, 0x00, 0x00, 0x00,
  0x00, 0x00, 0x00, 0x00, 0xD0, 0x9C, 0x00, 0x00, 0x00, 0x00, 0x00, 0x00, 0x00, 0x00, 0xD0, 0xFF,
  0xFF, 0xFF, 0xFF, 0xFF, 0xFF, 0xFF, 0x34, 0x00, 0x00, 0x00, 0x00, 0x00, 0x00, 0x00, 0x00, 0x00,
  0x00, 0x3C, 0xFF, 0xFF, 0x88, 0x00, 0x00, 0x00, 0x00, 0x00, 0x48, 0x8C, 0x00, 0x00, 0x00, 0x00,
  0x00, 0x00, 0x00, 0x00, 0x00, 0x00, 0x00, 0x00, 0x00, 0x17, 0xE5, 0xFA, 0x3D, 0x00, 0x00, 0x00,
  0x04, 0xC2, 0xBA, 0x74, 0xEA, 0x1F, 0x00, 0x00, 0x00, 0x00, 0x00, 0x00, 0x00, 0x00, 0x00, 0x00,
  0x0E, 0x99, 0xEB, 0xF0, 0xBB, 0x30, 0x00, 0x00, 0xB3, 0xBB, 0x24, 0x10, 0x78, 0xF2, 0x1D, 0x32,
  0xFF, 0x1D, 0x00, 0x00, 0x00, 0xCB, 0x85, 0x5F, 0xFF, 0xFF, 0xFF, 0xFF, 0xFF, 0xFF, 0xAE, 0x63,
  0xF9, 0x04, 0x00, 0x00, 0x00, 0x00, 0x00, 0x38, 0xFF, 0x40, 0x00, 0x00, 0x00, 0x00, 0x00, 0x00,
  0xBC, 0xD7, 0x32, 0x0E, 0x4B, 0xF0, 0x63, 0x00, 0x12, 0x9E, 0xEC, 0xF8, 0xD5, 0x68, 0x00, 0x00,
  0x00, 0x0B, 0xCB, 0xD9, 0x45, 0x5D, 0x6E, 0x00, 0x00, 0x00, 0x00, 0x53, 0x92, 0xFF, 0xFF, 0xFF,
  0x1E, 0x00, 0x00, 0x00, 0x00, 0x05, 0xC8, 0x87, 0x6D, 0xDA, 0x0E, 0x00, 0x00, 0x00, 0xD0, 0xFF,
  0xFF, 0xFF, 0xFF, 0xFF, 0xFF, 0xF4, 0x00, 0x00, 0xD0, 0x9C, 0x00, 0x00, 0x00, 0x00, 0x00, 0x00,
  0x00, 0x00, 0xD0, 0x9C, 0x00, 0x00, 0x00, 0x00, 0x00, 0x00, 0x00, 0x00, 0xD0, 0x9C, 0x00, 0x00,
  0x00, 0x00, 0x00, 0x00, 0x00, 0x00, 0xD0, 0x9C, 0x00, 0x00, 0x00, 0x00, 0x00, 0x00, 0x00, 0x00,
  0xD0, 0xFF, 0xFF, 0xFF, 0xFF, 0xFF, 0xFF, 0x8C, 0x00, 0x00, 0xD0, 0x9C, 0x00, 0x00, 0x00, 0x00,
  0x00, 0x00, 0x00, 0x00, 0xD0, 0x9C, 0x00, 0x00, 0x00, 0x00, 0x00, 0x00, 0x00, 0x00, 0xD0, 0x9C,
  0x00, 0x00, 0x00, 0x00, 0x00, 0x00, 0x00, 0x00, 0xD0, 0x9C, 0x00, 0x00, 0x00, 0x00, 0x00, 0x00,
  0x00, 0x00, 0xD0, 0xFF, 0xFF, 0xFF, 0xFF, 0xFF, 0xFF, 0xFF, 0x34, 0x00, 0x03, 0xBA, 0xE0, 0x4F,
  0x84, 0x82, 0x00, 0x00, 0x3F, 0xC7, 0x29, 0xBF, 0xE6, 0x2A, 0x00, 0x00, 0x00, 0x00, 0x00, 0x00,
  0x00, 0x00, 0x00, 0x00, 0x00, 0x17, 0xE5, 0xFA, 0x3D, 0x00, 0x00, 0x00, 0x04, 0xC2, 0xBA, 0x74,
  0xEA, 0x1F, 0x00, 0x00, 0x00, 0x00, 0x00, 0x00, 0x00, 0x00, 0x00, 0x00, 0x0E, 0x99, 0xEB, 0xF0,
  0xBB, 0x30, 0x00, 0x00, 0xB3, 0xBB, 0x24, 0x10, 0x78, 0xF2, 0x1D, 0x32, 0xFF, 0x1D, 0x00, 0x00,
  0x00, 0xCB, 0x85, 0x5F, 0xFF, 0xFF, 0xFF, 0xFF, 0xFF, 0xFF, 0xAE, 0x63, 0xF9, 0x04, 0x00, 0x00,
  0x00, 0x00, 0x00, 0x38, 0xFF, 0x40, 0x00, 0x00, 0x00, 0x00, 0x00, 0x00, 0xBC, 0xD7, 0x32, 0x0E,
  0x4B, 0xF0, 0x63, 0x00, 0x12, 0x9E, 0xEC, 0xF8, 0xD5, 0x68, 0x00, 0x00, 0x00, 0x00, 0x1E, 0xEC,
  0xF4, 0x2E, 0x00, 0x00, 0x00, 0x00, 0x00, 0x05, 0xC8, 0x87, 0x6D, 0xDA, 0x0E, 0x00, 0x00, 0x00,
  0x00, 0x00, 0x00, 0x00, 0x00, 0x00, 0x00, 0x00, 0x00, 0x00, 0xD0, 0xFF, 0xFF, 0xFF, 0xFF, 0xFF,
  0xFF, 0xF4, 0x00, 0x00, 0xD0, 0x9C, 0x00, 0x00, 0x00, 0x00, 0x00, 0x00, 0x00, 0x00, 0xD0, 0x9C,
  0x00, 0x00, 0x00, 0x00, 0x00, 0x00, 0x00, 0x00, 0xD0, 0x9C, 0x00, 0x00, 0x00, 0x00, 0x00, 0x00,
  0x00, 0x00, 0xD0, 0x9C, 0x00, 0x00, 0x00, 0x00, 0x00, 0x00, 0x00, 0x00, 0xD0, 0xFF, 0xFF, 0xFF,
  0xFF, 0xFF, 0xFF, 0x8C, 0x00, 0x00, 0xD0, 0x9C, 0x00, 0x00, 0x00, 0x00, 0x00, 0x00, 0x00, 0x00,
  0xD0, 0x9C, 0x00, 0x00, 0x00, 0x00, 0x00, 0x00, 0x00, 0x00, 0xD0, 0x9C, 0x00, 0x00, 0x00, 0x00,
  0x00, 0x00, 0x00, 0x00, 0xD0, 0x9C, 0x00, 0x00, 0x00, 0x00, 0x00, 0x00, 0x00, 0x00, 0xD0, 0xFF,
  0xFF, 0xFF, 0xFF, 0xFF, 0xFF, 0xFF, 0x34, 0x00, 0x00, 0x00, 0x00, 0x00, 0x00, 0x00, 0x00, 0x00,
  0x00, 0x00, 0x00, 0x00, 0x00, 0x90, 0xF0, 0x00, 0x00, 0x00, 0x00, 0x00, 0x00, 0x17, 0xE5, 0xFA,
  0x3D, 0x00, 0x00, 0x00, 0x04, 0xC2, 0xBA, 0x74, 0xEA, 0x1F, 0x00, 0x00, 0x00, 0x00, 0x00, 0x00,
  0x00, 0x00, 0x00, 0x00, 0x0E, 0x99, 0xEB, 0xF0, 0xBB, 0x30, 0x00, 0x00, 0xB3, 0xBB, 0x24, 0x10,
  0x78, 0xF2, 0x1D, 0x32, 0xFF, 0x1D, 0x00, 0x00, 0x00, 0xCB, 0x85, 0x5F, 0xFF, 0xFF, 0xFF, 0xFF,
  0xFF, 0xFF, 0xAE, 0x63, 0xF9, 0x04, 0x00, 0x00, 0x00, 0x00, 0x00, 0x38, 0xFF, 0x40, 0x00, 0x00,
  0x00, 0x00, 0x00, 0x00, 0xBC, 0xD7, 0x32, 0x0E, 0x4B, 0xF0, 0x63, 0x00, 0x12, 0x9E, 0xEC, 0xF8,
  0xD5, 0x68, 0x00, 0x00, 0x00, 0x00, 0x00, 0x00, 0x00, 0x00, 0x00, 0x00, 0x00, 0x00, 0x84, 0xFC,
  0x00, 0x00, 0x00, 0x00, 0x00, 0x00, 0x00, 0x39, 0xFF, 0xFF, 0x8C, 0x00, 0x44, 0x90, 0x00, 0x00,
  0x00, 0x00, 0x00, 0x00, 0x98, 0xD0, 0x00, 0x00, 0x98, 0xD0, 0x00, 0x00, 0x98, 0xD0, 0x00, 0x00,
  0x98, 0xD0, 0x00, 0x00, 0x98, 0xD0, 0x00, 0x00, 0x98, 0xD0, 0x00, 0x00, 0x98, 0xD0, 0x00, 0x00,
  0x98, 0xD0, 0x00, 0x00, 0x98, 0xD0, 0x00, 0x00, 0x98, 0xD0, 0x00, 0x00, 0x98, 0xD0, 0x00, 0xB5,
  0xF7, 0xB4, 0x0E, 0x02, 0x1B, 0xEF, 0x5A, 0x00, 0xC0, 0xD9, 0x1F, 0x00, 0x00, 0x00, 0x00, 0x00,
  0xFF, 0x50, 0x00, 0x00, 0xFF, 0x50, 0x00, 0x00, 0xFF, 0x50, 0x00, 0x00, 0xFF, 0x50, 0x00, 0x00,
  0xFF, 0x50, 0x00, 0x00, 0xFF, 0x50, 0x00, 0x00, 0xFF, 0x50, 0x00, 0x00, 0xFF, 0x50, 0x00, 0x00,
  0x98, 0xD0, 0x00, 0x00, 0x98, 0xD0, 0x00, 0x00, 0x98, 0xD0, 0x00, 0x00, 0x98, 0xD0, 0x00, 0x00,
  0x98, 0xD0, 0x00, 0x00, 0x98, 0xD0, 0x00, 0x00, 0x98, 0xD0, 0x00, 0x00, 0x98, 0xD0, 0x00, 0x00,
  0x98, 0xD0, 0x00, 0x00, 0x98, 0xD0, 0x00, 0x00, 0x98, 0xD0, 0x00, 0x00, 0x00, 0x00, 0x00, 0x00,
  0xA4, 0xDC, 0x00, 0x00, 0xFF, 0x50, 0x00, 0x00, 0x00, 0x00, 0x00, 0x00, 0x00, 0xFF, 0x50, 0x00,
  0xFF, 0x50, 0x00, 0xFF, 0x50, 0x00, 0xFF, 0x50, 0x00, 0xFF, 0x50, 0x00, 0xFF, 0x50, 0x00, 0xFF,
  0x50, 0x00, 0xFF, 0x50, 0x00, 0x00, 0x00, 0x18, 0xFF, 0x68, 0x00, 0x00, 0x07, 0x75, 0xD1, 0xF7,
  0xEB, 0xB8, 0x47, 0x00, 0x00, 0x00, 0x00, 0x08, 0xC2, 0xD5, 0x49, 0x0A, 0x17, 0x71, 0xF7, 0x7D,
  0x00, 0x00, 0x00, 0x8A, 0xE4, 0x12, 0x00, 0x00, 0x00, 0x00, 0x52, 0xFE, 0x3E, 0x00, 0x04, 0xF2,
  0x7C, 0x00, 0x00, 0x00, 0x00, 0x00, 0x00, 0xD0, 0xAA, 0x00, 0x2F, 0xFF, 0x45, 0x00, 0x00, 0x00,
  0x00, 0x00, 0x00, 0x90, 0xE4, 0x00, 0x42, 0xFF, 0x33, 0x00, 0x00, 0x00, 0x00, 0x00, 0x00, 0x7D,
  0xF9, 0x00, 0x30, 0xFF, 0x40, 0x00, 0x00, 0x00, 0x00, 0x00, 0x00, 0x8D, 0xE4, 0x00, 0x06, 0xEE,
  0x7B, 0x00, 0x00, 0x00, 0x00, 0x00, 0x00, 0xC9, 0xAC, 0x00, 0x00, 0x85, 0xE7, 0x16, 0x00, 0x00,
  0x00, 0x00, 0x4B, 0xFF, 0x42, 0x00, 0x00, 0x07, 0xBC, 0xD8, 0x48, 0x09, 0x13, 0x6A, 0xF4, 0x82,
  0x00, 0x00, 0x00, 0x00, 0x04, 0x6D, 0xCE, 0xF4, 0xEC, 0xB8, 0x48, 0x00, 0x00, 0x00, 0x00, 0x00,
  0x00, 0x00, 0x00, 0x00, 0x00, 0x00, 0x00, 0x00, 0x00, 0x00, 0x00, 0x00, 0x00, 0x00, 0x00, 0xF8,
  0x88, 0x00, 0x00, 0x00, 0x00, 0x00, 0x00, 0x15, 0x9A, 0xE5, 0xF7, 0xBF, 0x35, 0x00, 0x03, 0xCF,
  0xC3, 0x26, 0x14, 0x8E, 0xF4, 0x26, 0x4A, 0xFF, 0x22, 0x00, 0x00, 0x01, 0xD5, 0x93, 0x76, 0xEB,
  0x00, 0x00, 0x00, 0x00, 0x9F, 0xC0, 0x6E, 0xEB, 0x00, 0x00, 0x00, 0x00, 0xA1, 0xBA, 0x43, 0xFF,
  0x22, 0x00, 0x00, 0x01, 0xD6, 0x90, 0x01, 0xC6, 0xC3, 0x26, 0x13, 0x8D, 0xF5, 0x27, 0x00, 0x17,
  0xA4, 0xEF, 0xF4, 0xBB, 0x32, 0x00, 0x00, 0x00, 0x00, 0x00, 0x00, 0x00, 0x00, 0x00, 0x00, 0x00,
  0x00, 0xA8, 0xD8, 0x00, 0x00, 0x00, 0x00, 0x00, 0x00, 0x00, 0x00, 0x00, 0x00, 0x00, 0x00, 0x00,
  0x00, 0x00, 0x00, 0x00, 0x00, 0x00, 0x7B, 0xFF, 0xFF, 0x54, 0x00, 0x00, 0x00, 0x00, 0x00, 0x00,
  0x00, 0x00, 0x00, 0x88, 0x4C, 0x00, 0x00, 0x00, 0x00, 0x00, 0x00, 0x00, 0x00, 0x00, 0x00, 0x00,
  0x00, 0x00, 0x00, 0x00, 0x00, 0x00, 0x00, 0x00, 0x07, 0x75, 0xD1, 0xF7, 0xEB, 0xB8, 0x47, 0x00,
  0x00, 0x00, 0x00, 0x08, 0xC2, 0xD5, 0x49, 0x0A, 0x17, 0x71, 0xF7, 0x7D, 0x00, 0x00, 0x00, 0x8A,
  0xE4, 0x12, 0x00, 0x00, 0x00, 0x00, 0x52, 0xFE, 0x3E, 0x00, 0x04, 0xF2, 0x7C, 0x00, 0x00, 0x00,
  0x00, 0x00, 0x00, 0xD0, 0xAA, 0x00, 0x2F, 0xFF, 0x45, 0x00, 0x00, 0x00, 0x00, 0x00, 0x00, 0x90,
  0xE4, 0x00, 0x42, 0xFF, 0x33, 0x00, 0x00, 0x00, 0x00, 0x00, 0x00, 0x7D, 0xF9, 0x00, 0x30, 0xFF,
  0x40, 0x00, 0x00, 0x00, 0x00, 0x00, 0x00, 0x8D, 0xE4, 0x00, 0x06, 0xEE, 0x7B, 0x00, 0x00, 0x00,
  0x00, 0x00, 0x00, 0xC9, 0xAC, 0x00, 0x00, 0x85, 0xE7, 0x16, 0x00, 0x00, 0x00, 0x00, 0x4B, 0xFF,
  0x42, 0x00, 0x00, 0x07, 0xBC, 0xD8, 0x48, 0x09, 0x13, 0x6A, 0xF4, 0x82, 0x00, 0x00, 0x00, 0x00,
  0x04, 0x6D, 0xCE, 0xF4, 0xEC, 0xB8, 0x48, 0x00, 0x00, 0x00, 0x00, 0x00, 0x28, 0xFC, 0xE6, 0x64,
  0x00, 0x00, 0x00, 0x00, 0x00, 0x04, 0x78, 0xEA, 0x00, 0x00, 0x00, 0x00, 0x00, 0x30, 0xFB, 0x8E,
  0x00, 0x00, 0x00, 0x00, 0x00, 0x00, 0x00, 0x00, 0x00, 0x00, 0x00, 0x15, 0x9A, 0xE5, 0xF7, 0xBF,
  0x35, 0x00, 0x03, 0xCF, 0xC3, 0x26, 0x14, 0x8E, 0xF4, 0x26, 0x4A, 0xFF, 0x22, 0x00, 0x00, 0x01,
  0xD5, 0x93, 0x76, 0xEB, 0x00, 0x00, 0x00, 0x00, 0x9F, 0xC0, 0x6E, 0xEB, 0x00, 0x00, 0x00, 0x00,
  0xA1, 0xBA, 0x43, 0xFF, 0x22, 0x00, 0x00, 0x01, 0xD6, 0x90, 0x01, 0xC6, 0xC3, 0x26, 0x13, 0x8D,
  0xF5, 0x27, 0x00, 0x17, 0xA4, 0xEF, 0xF4, 0xBB, 0x32, 0x00, 0x00, 0x00, 0x00, 0x00, 0x00, 0x1B,
  0xF8, 0x66, 0x00, 0x00, 0x00, 0x00, 0x00, 0x00, 0x00, 0x00, 0x3B, 0xFF, 0xFF, 0x15, 0x00, 0x00,
  0x00, 0x00, 0x00, 0x00, 0x00, 0x15, 0xE3, 0x5D, 0x99, 0xBA, 0x02, 0x00, 0x00, 0x00, 0x00, 0x00,
  0x07, 0x75, 0xD1, 0xF7, 0xEB, 0xB8, 0x47, 0x00, 0x00, 0x00, 0x00, 0x08, 0xC2, 0xD5, 0x49, 0x0A,
  0x17, 0x71, 0xF7, 0x7D, 0x00, 0x00, 0x00, 0x8A, 0xE4, 0x12, 0x00, 0x00, 0x00, 0x00, 0x52, 0xFE,
  0x3E, 0x00, 0x04, 0xF2, 0x7C, 0x00, 0x00, 0x00, 0x00, 0x00, 0x00, 0xD0, 0xAA, 0x00, 0x2F, 0xFF,
  0x45, 0x00, 0x00, 0x00, 0x00, 0x00, 0x00, 0x90, 0xE4, 0x00, 0x42, 0xFF, 0x33, 0x00, 0x00, 0x00,
  0x00, 0x00, 0x00, 0x7D, 0xF9, 0x00, 0x30, 0xFF, 0x40, 0x00, 0x00, 0x00, 0x00, 0x00, 0x00, 0x8D,
  0xE4, 0x00, 0x06, 0xEE, 0x7B, 0x00, 0x00, 0x00, 0x00, 0x00, 0x00, 0xC9, 0xAC, 0x00, 0x00, 0x85,
  0xE7, 0x16, 0x00, 0x00, 0x00, 0x00, 0x4B, 0xFF, 0x42, 0x00, 0x00, 0x07, 0xBC, 0xD8, 0x48, 0x09,
  0x13, 0x6A, 0xF4, 0x82, 0x00, 0x00, 0x00, 0x00, 0x04, 0x6D, 0xCE, 0xF4, 0xEC, 0xB8, 0x48, 0x00,
  0x00, 0x00, 0x00, 0x00, 0x00, 0x02, 0xD8, 0xB8, 0x03, 0x00, 0x00, 0x00, 0x00, 0x59, 0xD5, 0x0E,
  0x00, 0x00, 0x00, 0x00, 0x00, 0x00, 0x00, 0x00, 0x00, 0x00, 0x00, 0x00, 0x17, 0xE5, 0xFA, 0x3D,
  0x00, 0x00, 0x00, 0x04, 0xC2, 0xBA, 0x74, 0xEA, 0x1F, 0x00, 0x00, 0x00, 0x00, 0x00, 0x00, 0x00,
  0x00, 0x00, 0x00, 0x15, 0x9A, 0xE5, 0xF7, 0xBF, 0x35, 0x00, 0x03, 0xCF, 0xC3, 0x26, 0x14, 0x8E,
  0xF4, 0x26, 0x4A, 0xFF, 0x22, 0x00, 0x00, 0x01, 0xD5, 0x93, 0x76, 0xEB, 0x00, 0x00, 0x00, 0x00,
  0x9F, 0xC0, 0x6E, 0xEB, 0x00, 0x00, 0x00, 0x00, 0xA1, 0xBA, 0x43, 0xFF, 0x22, 0x00, 0x00, 0x01,
  0xD6, 0x90, 0x01, 0xC6, 0xC3, 0x26, 0x13, 0x8D, 0xF5, 0x27, 0x00, 0x17, 0xA4, 0xEF, 0xF4, 0xBB,
  0x32, 0x00, 0x00, 0x00, 0x00, 0x00, 0xA0, 0xD7, 0x02, 0x00, 0x00, 0x00, 0x00, 0x00, 0x00, 0x00,
  0x00, 0x00, 0x41, 0xFF, 0xFF, 0x15, 0x00, 0x00, 0x00, 0x00, 0x00, 0x00, 0x00, 0x15, 0xE3, 0x5D,
  0x99, 0xBA, 0x02, 0x00, 0x00, 0x00, 0x00, 0x00, 0x07, 0x75, 0xD1, 0xF7, 0xEB, 0xB8, 0x47, 0x00,
  0x00, 0x00, 0x00, 0x08, 0xC2, 0xD5, 0x49, 0x0A, 0x17, 0x71, 0xF7, 0x7D, 0x00, 0x00, 0x00, 0x8A,
  0xE4, 0x12, 0x00, 0x00, 0x00, 0x00, 0x52, 0xFE, 0x3E, 0x00, 0x04, 0xF2, 0x7C, 0x00, 0x00, 0x00,
  0x00, 0x00, 0x00, 0xD0, 0xAA, 0x00, 0x2F, 0xFF, 0x45, 0x00, 0x00, 0x00, 0x00, 0x00, 0x00, 0x90,
  0xE4, 0x00, 0x42, 0xFF, 0x33, 0x00, 0x00, 0x00, 0x00, 0x00, 0x00, 0x7D, 0xF9, 0x00, 0x30, 0xFF,
  0x40, 0x00, 0x00, 0x00, 0x00, 0x00, 0x00, 0x8D, 0xE4, 0x00, 0x06, 0xEE, 0x7B, 0x00, 0x00, 0x00,
  0x00, 0x00, 0x00, 0xC9, 0xAC, 0x00, 0x00, 0x85, 0xE7, 0x16, 0x00, 0x00, 0x00, 0x00, 0x4B, 0xFF,
  0x42, 0x00, 0x00, 0x07, 0xBC, 0xD8, 0x48, 0x09, 0x13, 0x6A, 0xF4, 0x82, 0x00, 0x00, 0x00, 0x00,
  0x04, 0x6D, 0xCE, 0xF4, 0xEC, 0xB8, 0x48, 0x00, 0x00, 0x00, 0x00, 0x00, 0x85, 0xF8, 0x1A, 0x00,
  0x00, 0x00, 0x00, 0x00, 0x01, 0xAA, 0x90, 0x00, 0x00, 0x00, 0x00, 0x00, 0x00, 0x00, 0x00, 0x00,
  0x00, 0x00, 0x00, 0x00, 0x17, 0xE5, 0xFA, 0x3D, 0x00, 0x00, 0x00, 0x04, 0xC2, 0xBA, 0x74, 0xEA,
  0x1F, 0x00, 0x00, 0x00, 0x00, 0x00, 0x00, 0x00, 0x00, 0x00, 0x00, 0x15, 0x9A, 0xE5, 0xF7, 0xBF,
  0x35, 0x00, 0x03, 0xCF, 0xC3, 0x26, 0x14, 0x8E, 0xF4, 0x26, 0x4A, 0xFF, 0x22, 0x00, 0x00, 0x01,
  0xD5, 0x93, 0x76, 0xEB, 0x00, 0x00, 0x00, 0x00, 0x9F, 0xC0, 0x6E, 0xEB, 0x00, 0x00, 0x00, 0x00,
  0xA1, 0xBA, 0x43, 0xFF, 0x22, 0x00, 0x00, 0x01, 0xD6, 0x90, 0x01, 0xC6, 0xC3, 0x26, 0x13, 0x8D,
  0xF5, 0x27, 0x00, 0x17, 0xA4, 0xEF, 0xF4, 0xBB, 0x32, 0x00, 0x00, 0x00, 0x00, 0x00, 0x00, 0x00,
  0x00, 0x00, 0x00, 0x00, 0x00, 0x00, 0x00, 0x00, 0x00, 0x00, 0x67, 0xFC, 0xDE, 0x36, 0x00, 0x00,
  0x00, 0x00, 0x00, 0x00, 0x00, 0x00, 0x3B, 0xFF, 0xFF, 0x5C, 0x00, 0x00, 0x00, 0x00, 0x00, 0x00,
  0x00, 0x15, 0xE3, 0x5D, 0x99, 0xBA, 0x02, 0x00, 0x00, 0x00, 0x00, 0x00, 0x07, 0x75, 0xD1, 0xF7,
  0xEB, 0xB8, 0x47, 0x00, 0x00, 0x00, 0x00, 0x08, 0xC2, 0xD5, 0x49, 0x0A, 0x17, 0x71, 0xF7, 0x7D,
  0x00, 0x00, 0x00, 0x8A, 0xE4, 0x12, 0x00, 0x00, 0x00, 0x00, 0x52, 0xFE, 0x3E, 0x00, 0x04, 0xF2,
  0x7C, 0x00, 0x00, 0x00, 0x00, 0x00, 0x00, 0xD0, 0xAA, 0x00, 0x2F, 0xFF, 0x45, 0x00, 0x00, 0x00,
  0x00, 0x00, 0x00, 0x90, 0xE4, 0x00, 0x42, 0xFF, 0x33, 0x00, 0x00, 0x00, 0x00, 0x00, 0x00, 0x7D,
  0xF9, 0x00, 0x30, 0xFF, 0x40, 0x00, 0x00, 0x00, 0x00, 0x00, 0x00, 0x8D, 0xE4, 0x00, 0x06, 0xEE,
  0x7B, 0x00, 0x00, 0x00, 0x00, 0x00, 0x00, 0xC9, 0xAC, 0x00, 0x00, 0x85, 0xE7, 0x16, 0x00, 0x00,
  0x00, 0x00, 0x4B, 0xFF, 0x42, 0x00, 0x00, 0x07, 0xBC, 0xD8, 0x48, 0x09, 0x13, 0x6A, 0xF4, 0x82,
  0x00, 0x00, 0x00, 0x00, 0x04, 0x6D, 0xCE, 0xF4, 0xEC, 0xB8, 0x48, 0x00, 0x00, 0x00, 0x00, 0x00,
  0x00, 0x00, 0x00, 0x00, 0x00, 0x00, 0x00, 0x00, 0x3C, 0xFF, 0xFF, 0x88, 0x00, 0x00, 0x00, 0x00,
  0x00, 0x48, 0x8C, 0x00, 0x00, 0x00, 0x00, 0x00, 0x00, 0x00, 0x00, 0x00, 0x00, 0x00, 0x00, 0x00,
  0x17, 0xE5, 0xFA, 0x3D, 0x00, 0x00, 0x00, 0x04, 0xC2, 0xBA, 0x74, 0xEA, 0x1F, 0x00, 0x00, 0x00,
  0x00, 0x00, 0x00, 0x00, 0x00, 0x00, 0x00, 0x15, 0x9A, 0xE5, 0xF7, 0xBF, 0x35, 0x00, 0x03, 0xCF,
  0xC3, 0x26, 0x14, 0x8E, 0xF4, 0x26, 0x4A, 0xFF, 0x22, 0x00, 0x00, 0x01, 0xD5, 0x93, 0x76, 0xEB,
  0x00, 0x00, 0x00, 0x00, 0x9F, 0xC0, 0x6E, 0xEB, 0x00, 0x00, 0x00, 0x00, 0xA1, 0xBA, 0x43, 0xFF,
  0x22, 0x00, 0x00, 0x01, 0xD6, 0x90, 0x01, 0xC6, 0xC3, 0x26, 0x13, 0x8D, 0xF5, 0x27, 0x00, 0x17,
  0xA4, 0xEF, 0xF4, 0xBB, 0x32, 0x00, 0x00, 0x00, 0x00, 0x1C, 0xDB, 0xCA, 0x35, 0x7C, 0x4E, 0x00,
  0x00, 0x00, 0x00, 0x00, 0x00, 0x73, 0x90, 0xFF, 0xFF, 0xE7, 0x0C, 0x00, 0x00, 0x00, 0x00, 0x00,
  0x00, 0x15, 0xE3, 0x5D, 0x99, 0xBA, 0x02, 0x00, 0x00, 0x00, 0x00, 0x00, 0x07, 0x75, 0xD1, 0xF7,
  0xEB, 0xB8, 0x47, 0x00, 0x00, 0x00, 0x00, 0x08, 0xC2, 0xD5, 0x49, 0x0A, 0x17, 0x71, 0xF7, 0x7D,
  0x00, 0x00, 0x00, 0x8A, 0xE4, 0x12, 0x00, 0x00, 0x00, 0x00, 0x52, 0xFE, 0x3E, 0x00, 0x04, 0xF2,
  0x7C, 0x00, 0x00, 0x00, 0x00, 0x00, 0x00, 0xD0, 0xAA, 0x00, 0x2F, 0xFF, 0x45, 0x00, 0x00, 0x00,
  0x00, 0x00, 0x00, 0x90, 0xE4, 0x00, 0x42, 0xFF, 0x33, 0x00, 0x00, 0x00, 0x00, 0x00, 0x00, 0x7D,
  0xF9, 0x00, 0x30, 0xFF, 0x40, 0x00, 0x00, 0x00, 0x00, 0x00, 0x00, 0x8D, 0xE4, 0x00, 0x06, 0xEE,
  0x7B, 0x00, 0x00, 0x00, 0x00, 0x00, 0x00, 0xC9, 0xAC, 0x00, 0x00, 0x85, 0xE7, 0x16, 0x00, 0x00,
  0x00, 0x00, 0x4B, 0xFF, 0x42, 0x00, 0x00, 0x07, 0xBC, 0xD8, 0x48, 0x09, 0x13, 0x6A, 0xF4, 0x82,
  0x00, 0x00, 0x00, 0x00, 0x04, 0x6D, 0xCE, 0xF4, 0xEC, 0xB8, 0x48, 0x00, 0x00, 0x00, 0x00, 0x03,
  0xBA, 0xE0, 0x4F, 0x84, 0x82, 0x00, 0x00, 0x3F, 0xC7, 0x29, 0xBF, 0xE6, 0x2A, 0x00, 0x00, 0x00,
  0x00, 0x00, 0x00, 0x00, 0x00, 0x00, 0x00, 0x00, 0x17, 0xE5, 0xFA, 0x3D, 0x00, 0x00, 0x00, 0x04,
  0xC2, 0xBA, 0x74, 0xEA, 0x1F, 0x00, 0x00, 0x00, 0x00, 0x00, 0x00, 0x00, 0x00, 0x00, 0x00, 0x15,
  0x9A, 0xE5, 0xF7, 0xBF, 0x35, 0x00, 0x03, 0xCF, 0xC3, 0x26, 0x14, 0x8E, 0xF4, 0x26, 0x4A, 0xFF,
  0x22, 0x00, 0x00, 0x01, 0xD5, 0x93, 0x76, 0xEB, 0x00, 0x00, 0x00, 0x00, 0x9F, 0xC0, 0x6E, 0xEB,
  0x00, 0x00, 0x00, 0x00, 0xA1, 0xBA, 0x43, 0xFF, 0x22, 0x00, 0x00, 0x01, 0xD6, 0x90, 0x01, 0xC6,
  0xC3, 0x26, 0x13, 0x8D, 0xF5, 0x27, 0x00, 0x17, 0xA4, 0xEF, 0xF4, 0xBB, 0x32, 0x00, 0x00, 0x00,
  0x00, 0x00, 0x3B, 0xF9, 0xE4, 0x15, 0x00, 0x00, 0x00, 0x00, 0x00, 0x00, 0x00, 0x15, 0xE3, 0x5D,
  0x99, 0xBA, 0x02, 0x00, 0x00, 0x00, 0x00, 0x00, 0x00, 0x00, 0x00, 0x00, 0x00, 0x00, 0x00, 0x00,
  0x00, 0x00, 0x00, 0x00, 0x07, 0x75, 0xD1, 0xF7, 0xEB, 0xB8, 0x47, 0x00, 0x00, 0x00, 0x00, 0x08,
  0xC2, 0xD5, 0x49, 0x0A, 0x17, 0x71, 0xF7, 0x7D, 0x00, 0x00, 0x00, 0x8A, 0xE4, 0x12, 0x00, 0x00,
  0x00, 0x00, 0x52, 0xFE, 0x3E, 0x00, 0x04, 0xF2, 0x7C, 0x00, 0x00, 0x00, 0x00, 0x00, 0x00, 0xD0,
  0xAA, 0x00, 0x2F, 0xFF, 0x45, 0x00, 0x00, 0x00, 0x00, 0x00, 0x00, 0x90, 0xE4, 0x00, 0x42, 0xFF,
  0x33, 0x00, 0x00, 0x00, 0x00, 0x00, 0x00, 0x7D, 0xF9, 0x00, 0x30, 0xFF, 0x40, 0x00, 0x00, 0x00,
  0x00, 0x00, 0x00, 0x8D, 0xE4, 0x00, 0x06, 0xEE, 0x7B, 0x00, 0x00, 0x00, 0x00, 0x00, 0x00, 0xC9,
  0xAC, 0x00, 0x00, 0x85, 0xE7, 0x16, 0x00, 0x00, 0x00, 0x00, 0x4B, 0xFF, 0x42, 0x00, 0x00, 0x07,
  0xBC, 0xD8, 0x48, 0x09, 0x13, 0x6A, 0xF4, 0x82, 0x00, 0x00, 0x00, 0x00, 0x04, 0x6D, 0xCE, 0xF4,
  0xEC, 0xB8, 0x48, 0x00, 0x00, 0x00, 0x00, 0x00, 0x00, 0x00, 0x00, 0x00, 0x00, 0x00, 0x00, 0x00,
  0x00, 0x00, 0x00, 0x00, 0x00, 0x00, 0x00, 0xF8, 0x88, 0x00, 0x00, 0x00, 0x00, 0x00, 0x00, 0x00,
  0x17, 0xE5, 0xFA, 0x3D, 0x00, 0x00, 0x00, 0x04, 0xC2, 0xBA, 0x74, 0xEA, 0x1F, 0x00, 0x00, 0x00,
  0x00, 0x00, 0x00, 0x00, 0x00, 0x00, 0x00, 0x15, 0x9A, 0xE5, 0xF7, 0xBF, 0x35, 0x00, 0x03, 0xCF,
  0xC3, 0x26, 0x14, 0x8E, 0xF4, 0x26, 0x4A, 0xFF, 0x22, 0x00, 0x00, 0x01, 0xD5, 0x93, 0x76, 0xEB,
  0x00, 0x00, 0x00, 0x00, 0x9F, 0xC0, 0x6E, 0xEB, 0x00, 0x00, 0x00, 0x00, 0xA1, 0xBA, 0x43, 0xFF,
  0x22, 0x00, 0x00, 0x01, 0xD6, 0x90, 0x01, 0xC6, 0xC3, 0x26, 0x13, 0x8D, 0xF5, 0x27, 0x00, 0x17,
  0xA4, 0xEF, 0xF4, 0xBB, 0x32, 0x00, 0x00, 0x00, 0x00, 0x00, 0x00, 0x00, 0x00, 0x00, 0x00, 0x00,
  0x00, 0xA8, 0xD8, 0x00, 0x00, 0x00, 0x00, 0x00, 0x00, 0x00, 0x00, 0x53, 0xFC, 0x44, 0x00, 0x00,
  0x00, 0x00, 0x00, 0x00, 0x00, 0x00, 0x00, 0x00, 0xCD, 0x72, 0x00, 0x00, 0x00, 0x00, 0x00, 0x00,
  0x00, 0x00, 0x00, 0x00, 0x00, 0x00, 0x00, 0x00, 0x00, 0x00, 0x00, 0x00, 0x00, 0x00, 0x00, 0x07,
  0x76, 0xD2, 0xF7, 0xE8, 0xB6, 0x41, 0x00, 0x00, 0xE8, 0x84, 0x00, 0x08, 0xC3, 0xD3, 0x44, 0x09,
  0x17, 0x6F, 0xF5, 0x77, 0x00, 0x42, 0x7E, 0x00, 0x88, 0xE9, 0x14, 0x00, 0x00, 0x00, 0x00, 0x4B,
  0xFF, 0x3A, 0x9F, 0x4A, 0x04, 0xF1, 0x82, 0x00, 0x00, 0x00, 0x00, 0x00, 0x00, 0xCA, 0xED, 0x7E,
  0x00, 0x2F, 0xFF, 0x47, 0x00, 0x00, 0x00, 0x00, 0x00, 0x00, 0x8E, 0xDB, 0x00, 0x00, 0x42, 0xFF,
  0x34, 0x00, 0x00, 0x00, 0x00, 0x00, 0x00, 0x7D, 0xF7, 0x00, 0x00, 0x30, 0xFF, 0x41, 0x00, 0x00,
  0x00, 0x00, 0x00, 0x00, 0x8E, 0xE6, 0x00, 0x00, 0x06, 0xEE, 0x7D, 0x00, 0x00, 0x00, 0x00, 0x00,
  0x00, 0xCA, 0xB0, 0x00, 0x00, 0x00, 0x87, 0xE9, 0x16, 0x00, 0x00, 0x00, 0x00, 0x49, 0xFF, 0x45,
  0x00, 0x00, 0x00, 0x07, 0xBD, 0xD7, 0x47, 0x09, 0x12, 0x67, 0xF3, 0x86, 0x00, 0x00, 0x00, 0x00,
  0x00, 0x04, 0x6D, 0xCE, 0xF4, 0xED, 0xB9, 0x4C, 0x00, 0x00, 0x00, 0x00, 0x00, 0x00, 0x00, 0x03,
  0xDB, 0xB2, 0x01, 0x00, 0x00, 0x00, 0x00, 0x00, 0x00, 0x5A, 0xD8, 0x0E, 0x00, 0x00, 0x00, 0x00,
  0x00, 0x00, 0x00, 0x00, 0x00, 0x00, 0x00, 0x00, 0x00, 0x00, 0x00, 0x15, 0x9A, 0xE5, 0xF7, 0xBE,
  0x32, 0x08, 0xFF, 0x60, 0x03, 0xCF, 0xC5, 0x26, 0x13, 0x8D, 0xF1, 0x1E, 0x63, 0x5A, 0x4A, 0xFF,
  0x25, 0x00, 0x00, 0x02, 0xD7, 0x8A, 0xB8, 0x2C, 0x76, 0xEC, 0x00, 0x00, 0x00, 0x00, 0x9F, 0xF8,
  0x6E, 0x00, 0x6E, 0xEB, 0x00, 0x00, 0x00, 0x00, 0xA2, 0xBF, 0x00, 0x00, 0x42, 0xFF, 0x25, 0x00,
  0x00, 0x02, 0xD8, 0x99, 0x00, 0x00, 0x01, 0xC5, 0xC5, 0x25, 0x13, 0x8C, 0xF9, 0x30, 0x00, 0x00,
  0x00, 0x17, 0xA6, 0xF0, 0xF5, 0xC0, 0x3D, 0x00, 0x00, 0x00, 0x00, 0x00, 0x00, 0x00, 0xA0, 0xEB,
  0x0B, 0x00, 0x00, 0x00, 0x00, 0x00, 0x00, 0x00, 0x00, 0x00, 0x00, 0x06, 0xC1, 0x74, 0x00, 0x00,
  0x00, 0x00, 0x00, 0x00, 0x00, 0x00, 0x00, 0x00, 0x00, 0x00, 0x00, 0x00, 0x00, 0x00, 0x00, 0x00,
  0x00, 0x00, 0x00, 0x07, 0x76, 0xD2, 0xF7, 0xE8, 0xB6, 0x41, 0x00, 0x00, 0xE8, 0x84, 0x00, 0x08,
  0xC3, 0xD3, 0x44, 0x09, 0x17, 0x6F, 0xF5, 0x77, 0x00, 0x42, 0x7E, 0x00, 0x88, 0xE9, 0x14, 0x00,
  0x00, 0x00, 0x00, 0x4B, 0xFF, 0x3A, 0x9F, 0x4A, 0x04, 0xF1, 0x82, 0x00, 0x00, 0x00, 0x00, 0x00,
  0x00, 0xCA, 0xED, 0x7E, 0x00, 0x2F, 0xFF, 0x47, 0x00, 0x00, 0x00, 0x00, 0x00, 0x00, 0x8E, 0xDB,
  0x00, 0x00, 0x42, 0xFF, 0x34, 0x00, 0x00, 0x00, 0x00, 0x00, 0x00, 0x7D, 0xF7, 0x00, 0x00, 0x30,
  0xFF, 0x41, 0x00, 0x00, 0x00, 0x00, 0x00, 0x00, 0x8E, 0xE6, 0x00, 0x00, 0x06, 0xEE, 0x7D, 0x00,
  0x00, 0x00, 0x00, 0x00, 0x00, 0xCA, 0xB0, 0x00, 0x00, 0x00, 0x87, 0xE9, 0x16, 0x00, 0x00, 0x00,
  0x00, 0x49, 0xFF, 0x45, 0x00, 0x00, 0x00, 0x07, 0xBD, 0xD7, 0x47, 0x09, 0x12, 0x67, 0xF3, 0x86,
  0x00, 0x00, 0x00, 0x00, 0x00, 0x04, 0x6D, 0xCE, 0xF4, 0xED, 0xB9, 0x4C, 0x00, 0x00, 0x00, 0x00,
  0x00, 0x00, 0x4F, 0xFD, 0x4A, 0x00, 0x00, 0x00, 0x00, 0x00, 0x00, 0x00, 0x00, 0x74, 0xC8, 0x00,
  0x00, 0x00, 0x00, 0x00, 0x00, 0x00, 0x00, 0x00, 0x00, 0x00, 0x00, 0x00, 0x00, 0x00, 0x00, 0x15,
  0x9A, 0xE5, 0xF7, 0xBE, 0x32, 0x08, 0xFF, 0x60, 0x03, 0xCF, 0xC5, 0x26, 0x13, 0x8D, 0xF1, 0x1E,
  0x63, 0x5A, 0x4A, 0xFF, 0x25, 0x00, 0x00, 0x02, 0xD7, 0x8A, 0xB8, 0x2C, 0x76, 0xEC, 0x00, 0x00,
  0x00, 0x00, 0x9F, 0xF8, 0x6E, 0x00, 0x6E, 0xEB, 0x00, 0x00, 0x00, 0x00, 0xA2, 0xBF, 0x00, 0x00,
  0x42, 0xFF, 0x25, 0x00, 0x00, 0x02, 0xD8, 0x99, 0x00, 0x00, 0x01, 0xC5, 0xC5, 0x25, 0x13, 0x8C,
  0xF9, 0x30, 0x00, 0x00, 0x00, 0x17, 0xA6, 0xF0, 0xF5, 0xC0, 0x3D, 0x00, 0x00, 0x00, 0x00, 0x00,
  0x00, 0x00, 0x00, 0x00, 0x00, 0x00, 0x00, 0x00, 0x00, 0x00, 0x00, 0x00, 0x00, 0x00, 0x00, 0x7B,
  0xFF, 0xFF, 0x54, 0x00, 0x00, 0x00, 0x00, 0x00, 0x00, 0x00, 0x00, 0x00, 0x00, 0x88, 0x4C, 0x00,
  0x00, 0x00, 0x00, 0x00, 0x00, 0x00, 0x00, 0x00, 0x00, 0x00, 0x00, 0x00, 0x00, 0x00, 0x00, 0x00,
  0x00, 0x00, 0x00, 0x00, 0x07, 0x76, 0xD2, 0xF7, 0xE8, 0xB6, 0x41, 0x00, 0x00, 0xE8, 0x84, 0x00,
  0x08, 0xC3, 0xD3, 0x44, 0x09, 0x17, 0x6F, 0xF5, 0x77, 0x00, 0x42, 0x7E, 0x00, 0x88, 0xE9, 0x14,
  0x00, 0x00, 0x00, 0x00, 0x4B, 0xFF, 0x3A, 0x9F, 0x4A, 0x04, 0xF1, 0x82, 0x00, 0x00, 0x00, 0x00,
  0x00, 0x00, 0xCA, 0xED, 0x7E, 0x00, 0x2F, 0xFF, 0x47, 0x00, 0x00, 0x00, 0x00, 0x00, 0x00, 0x8E,
  0xDB, 0x00, 0x00, 0x42, 0xFF, 0x34, 0x00, 0x00, 0x00, 0x00, 0x00, 0x00, 0x7D, 0xF7, 0x00, 0x00,
  0x30, 0xFF, 0x41, 0x00, 0x00, 0x00, 0x00, 0x00, 0x00, 0x8E, 0xE6, 0x00, 0x00, 0x06, 0xEE, 0x7D,
  0x00, 0x00, 0x00, 0x00, 0x00, 0x00, 0xCA, 0xB0, 0x00, 0x00, 0x00, 0x87, 0xE9, 0x16, 0x00, 0x00,
  0x00, 0x00, 0x49, 0xFF, 0x45, 0x00, 0x00, 0x00, 0x07, 0xBD, 0xD7, 0x47, 0x09, 0x12, 0x67, 0xF3,
  0x86, 0x00, 0x00, 0x00, 0x00, 0x00, 0x04, 0x6D, 0xCE, 0xF4, 0xED, 0xB9, 0x4C, 0x00, 0x00, 0x00,
  0x00, 0x00, 0x00, 0x28, 0xFC, 0xE6, 0x64, 0x00, 0x00, 0x00, 0x00, 0x00, 0x00, 0x00, 0x04, 0x78,
  0xEA, 0x00, 0x00, 0x00, 0x00, 0x00, 0x00, 0x00, 0x30, 0xFB, 0x8E, 0x00, 0x00, 0x00, 0x00, 0x00,
  0x00, 0x00, 0x00, 0x00, 0x00, 0x00, 0x00, 0x00, 0x00, 0x00, 0x15, 0x9A, 0xE5, 0xF7, 0xBE, 0x32,
  0x08, 0xFF, 0x60, 0x03, 0xCF, 0xC5, 0x26, 0x13, 0x8D, 0xF1, 0x1E, 0x63, 0x5A, 0x4A, 0xFF, 0x25,
  0x00, 0x00, 0x02, 0xD7, 0x8A, 0xB8, 0x2C, 0x76, 0xEC, 0x00, 0x00, 0x00, 0x00, 0x9F, 0xF8, 0x6E,
  0x00, 0x6E, 0xEB, 0x00, 0x00, 0x00, 0x00, 0xA2, 0xBF, 0x00, 0x00, 0x42, 0xFF, 0x25, 0x00, 0x00,
  0x02, 0xD8, 0x99, 0x00, 0x00, 0x01, 0xC5, 0xC5, 0x25, 0x13, 0x8C, 0xF9, 0x30, 0x00, 0x00, 0x00,
  0x17, 0xA6, 0xF0, 0xF5, 0xC0, 0x3D, 0x00, 0x00, 0x00, 0x00, 0x00, 0x00, 0x24, 0xDF, 0xC2, 0x2A,
  0xC1, 0x3E, 0x00, 0x00, 0x00, 0x00, 0x00, 0x00, 0x00, 0x85, 0x8A, 0x4A, 0xDE, 0xC1, 0x04, 0x00,
  0x00, 0x00, 0x00, 0x00, 0x00, 0x00, 0x00, 0x00, 0x00, 0x00, 0x00, 0x00, 0x00, 0x00, 0x00, 0x00,
  0x00, 0x00, 0x07, 0x76, 0xD2, 0xF7, 0xE8, 0xB6, 0x41, 0x00, 0x00, 0xE8, 0x84, 0x00, 0x08, 0xC3,
  0xD3, 0x44, 0x09, 0x17, 0x6F, 0xF5, 0x77, 0x00, 0x42, 0x7E, 0x00, 0x88, 0xE9, 0x14, 0x00, 0x00,
  0x00, 0x00, 0x4B, 0xFF, 0x3A, 0x9F, 0x4A, 0x04, 0xF1, 0x82, 0x00, 0x00, 0x00, 0x00, 0x00, 0x00,
  0xCA, 0xED, 0x7E, 0x00, 0x2F, 0xFF, 0x47, 0x00, 0x00, 0x00, 0x00, 0x00, 0x00, 0x8E, 0xDB, 0x00,
  0x00, 0x42, 0xFF, 0x34, 0x00, 0x00, 0x00, 0x00, 0x00, 0x00, 0x7D, 0xF7, 0x00, 0x00, 0x30, 0xFF,
  0x41, 0x00, 0x00, 0x00, 0x00, 0x00, 0x00, 0x8E, 0xE6, 0x00, 0x00, 0x06, 0xEE, 0x7D, 0x00, 0x00,
  0x00, 0x00, 0x00, 0x00, 0xCA, 0xB0, 0x00, 0x00, 0x00, 0x87, 0xE9, 0x16, 0x00, 0x00, 0x00, 0x00,
  0x49, 0xFF, 0x45, 0x00, 0x00, 0x00, 0x07, 0xBD, 0xD7, 0x47, 0x09, 0x12, 0x67, 0xF3, 0x86, 0x00,
  0x00, 0x00, 0x00, 0x00, 0x04, 0x6D, 0xCE, 0xF4, 0xED, 0xB9, 0x4C, 0x00, 0x00, 0x00, 0x00, 0x00,
  0x03, 0xBA, 0xE1, 0x4F, 0x7C, 0x86, 0x00, 0x00, 0x00, 0x00, 0x3D, 0xCD, 0x28, 0xBD, 0xE4, 0x28,
  0x00, 0x00, 0x00, 0x00, 0x00, 0x00, 0x00, 0x00, 0x00, 0x00, 0x00, 0x00, 0x00, 0x00, 0x15, 0x9A,
  0xE5, 0xF7, 0xBE, 0x32, 0x08, 0xFF, 0x60, 0x03, 0xCF, 0xC5, 0x26, 0x13, 0x8D, 0xF1, 0x1E, 0x63,
  0x5A, 0x4A, 0xFF, 0x25, 0x00, 0x00, 0x02, 0xD7, 0x8A, 0xB8, 0x2C, 0x76, 0xEC, 0x00, 0x00, 0x00,
  0x00, 0x9F, 0xF8, 0x6E, 0x00, 0x6E, 0xEB, 0x00, 0x00, 0x00, 0x00, 0xA2, 0xBF, 0x00, 0x00, 0x42,
  0xFF, 0x25, 0x00, 0x00, 0x02, 0xD8, 0x99, 0x00, 0x00, 0x01, 0xC5, 0xC5, 0x25, 0x13, 0x8C, 0xF9,
  0x30, 0x00, 0x00, 0x00, 0x17, 0xA6, 0xF0, 0xF5, 0xC0, 0x3D, 0x00, 0x00, 0x00, 0x00, 0x00, 0x07,
  0x76, 0xD2, 0xF7, 0xE8, 0xB6, 0x41, 0x00, 0x00, 0xE8, 0x84, 0x00, 0x08, 0xC3, 0xD3, 0x44, 0x09,
  0x17, 0x6F, 0xF5, 0x77, 0x00, 0x42, 0x7E, 0x00, 0x88, 0xE9, 0x14, 0x00, 0x00, 0x00, 0x00, 0x4B,
  0xFF, 0x3A, 0x9F, 0x4A, 0x04, 0xF1, 0x82, 0x00, 0x00, 0x00, 0x00, 0x00, 0x00, 0xCA, 0xED, 0x7E,
  0x00, 0x2F, 0xFF, 0x47, 0x00, 0x00, 0x00, 0x00, 0x00, 0x00, 0x8E, 0xDB, 0x00, 0x00, 0x42, 0xFF,
  0x34, 0x00, 0x00, 0x00, 0x00, 0x00, 0x00, 0x7D, 0xF7, 0x00, 0x00, 0x30, 0xFF, 0x41, 0x00, 0x00,
  0x00, 0x00, 0x00, 0x00, 0x8E, 0xE6, 0x00, 0x00, 0x06, 0xEE, 0x7D, 0x00, 0x00, 0x00, 0x00, 0x00,
  0x00, 0xCA, 0xB0, 0x00, 0x00, 0x00, 0x87, 0xE9, 0x16, 0x00, 0x00, 0x00, 0x00, 0x49, 0xFF, 0x45,
  0x00, 0x00, 0x00, 0x07, 0xBD, 0xD7, 0x47, 0x09, 0x12, 0x67, 0xF3, 0x86, 0x00, 0x00, 0x00, 0x00,
  0x00, 0x04, 0x6D, 0xCE, 0xF4, 0xED, 0xB9, 0x4C, 0x00, 0x00, 0x00, 0x00, 0x00, 0x00, 0x00, 0x00,
  0x00, 0x00, 0x00, 0x00, 0x00, 0x00, 0x00, 0x00, 0x00, 0x00, 0x00, 0x00, 0x00, 0x00, 0xF8, 0x88,
  0x00, 0x00, 0x00, 0x00, 0x00, 0x00, 0x00, 0x15, 0x9A, 0xE5, 0xF7, 0xBE, 0x32, 0x08, 0xFF, 0x60,
  0x03, 0xCF, 0xC5, 0x26, 0x13, 0x8D, 0xF1, 0x1E, 0x63, 0x5A, 0x4A, 0xFF, 0x25, 0x00, 0x00, 0x02,
  0xD7, 0x8A, 0xB8, 0x2C, 0x76, 0xEC, 0x00, 0x00, 0x00, 0x00, 0x9F, 0xF8, 0x6E, 0x00, 0x6E, 0xEB,
  0x00, 0x00, 0x00, 0x00, 0xA2, 0xBF, 0x00, 0x00, 0x42, 0xFF, 0x25, 0x00, 0x00, 0x02, 0xD8, 0x99,
  0x00, 0x00, 0x01, 0xC5, 0xC5, 0x25, 0x13, 0x8C, 0xF9, 0x30, 0x00, 0x00, 0x00, 0x17, 0xA6, 0xF0,
  0xF5, 0xC0, 0x3D, 0x00, 0x00, 0x00, 0x00, 0x00, 0x00, 0x00, 0x00, 0x00, 0x00, 0x00, 0x00, 0x00,
  0x00, 0x00, 0x00, 0xA8, 0xD8, 0x00, 0x00, 0x00, 0x00, 0x00, 0x00, 0xD4, 0x98, 0x00, 0x00, 0x00,
  0x00, 0x00, 0xCC, 0xA0, 0x00, 0x00, 0xD4, 0x98, 0x00, 0x00, 0x00, 0x00, 0x00, 0xCC, 0xA0, 0x00,
  0x00, 0xD4, 0x98, 0x00, 0x00, 0x00, 0x00, 0x00, 0xCC, 0xA0, 0x00, 0x00, 0xD4, 0x98, 0x00, 0x00,
  0x00, 0x00, 0x00, 0xCC, 0xA0, 0x00, 0x00, 0xD4, 0x98, 0x00, 0x00, 0x00, 0x00, 0x00, 0xCC, 0xA0,
  0x00, 0x00, 0xD4, 0x98, 0x00, 0x00, 0x00, 0x00, 0x00, 0xCC, 0xA0, 0x00, 0x00, 0xCF, 0x9A, 0x00,
  0x00, 0x00, 0x00, 0x00, 0xCE, 0x9B, 0x00, 0x00, 0xBE, 0xA7, 0x00, 0x00, 0x00, 0x00, 0x00, 0xDD,
  0x89, 0x00, 0x00, 0x8B, 0xDB, 0x02, 0x00, 0x00, 0x00, 0x17, 0xFD, 0x54, 0x00, 0x00, 0x20, 0xF2,
  0x9A, 0x1E, 0x09, 0x31, 0xBF, 0xD2, 0x05, 0x00, 0x00, 0x00, 0x2C, 0xAE, 0xE9, 0xF9, 0xE2, 0x95,
  0x12, 0x00, 0x00, 0x00, 0x00, 0x00, 0x00, 0x00, 0x00, 0x00, 0x00, 0x00, 0x00, 0x00, 0x00, 0x00,
  0x00, 0x00, 0x68, 0xFF, 0x18, 0x00, 0x00, 0x00, 0x00, 0x0C, 0xFF, 0x48, 0x00, 0x00, 0x0C, 0xFF,
  0x44, 0x0C, 0xFF, 0x48, 0x00, 0x00, 0x0C, 0xFF, 0x44, 0x0C, 0xFF, 0x48, 0x00, 0x00, 0x0C, 0xFF,
  0x44, 0x0C, 0xFF, 0x48, 0x00, 0x00, 0x0C, 0xFF, 0x44, 0x0B, 0xFF, 0x48, 0x00, 0x00, 0x10, 0xFF,
  0x44, 0x06, 0xFF, 0x53, 0x00, 0x00, 0x30, 0xFF, 0x44, 0x00, 0xCC, 0xB8, 0x13, 0x21, 0xBF, 0xFC,
  0x44, 0x00, 0x31, 0xC6, 0xF9, 0xDD, 0x5D, 0xE8, 0x44, 0x00, 0x00, 0x00, 0x00, 0x00, 0x00, 0x00,
  0x00, 0x00, 0x00, 0x00, 0xE0, 0xA0, 0x00, 0x00, 0x00, 0x00, 0x00, 0x00, 0x00, 0x00, 0x00, 0x00,
  0x00, 0x00, 0x00, 0x00, 0x00, 0x00, 0x00, 0x13, 0xFF, 0xFF, 0xAE, 0x01, 0x00, 0x00, 0x00, 0x00,
  0x00, 0x00, 0x00, 0x1C, 0xB8, 0x00, 0x00, 0x00, 0x00, 0x00, 0x00, 0x00, 0x00, 0x00, 0x00, 0x00,
  0x00, 0x00, 0x00, 0x00, 0x00, 0x00, 0xD4, 0x98, 0x00, 0x00, 0x00, 0x00, 0x00, 0xCC, 0xA0, 0x00,
  0x00, 0xD4, 0x98, 0x00, 0x00, 0x00, 0x00, 0x00, 0xCC, 0xA0, 0x00, 0x00, 0xD4, 0x98, 0x00, 0x00,
  0x00, 0x00, 0x00, 0xCC, 0xA0, 0x00, 0x00, 0xD4, 0x98, 0x00, 0x00, 0x00, 0x00, 0x00, 0xCC, 0xA0,
  0x00, 0x00, 0xD4, 0x98, 0x00, 0x00, 0x00, 0x00, 0x00, 0xCC, 0xA0, 0x00, 0x00, 0xD4, 0x98, 0x00,
  0x00, 0x00, 0x00, 0x00, 0xCC, 0xA0, 0x00, 0x00, 0xCF, 0x9A, 0x00, 0x00, 0x00, 0x00, 0x00, 0xCE,
  0x9B, 0x00, 0x00, 0xBE, 0xA7, 0x00, 0x00, 0x00, 0x00, 0x00, 0xDD, 0x89, 0x00, 0x00, 0x8B, 0xDB,
  0x02, 0x00, 0x00, 0x00, 0x17, 0xFD, 0x54, 0x00, 0x00, 0x20, 0xF2, 0x9A, 0x1E, 0x09, 0x31, 0xBF,
  0xD2, 0x05, 0x00, 0x00, 0x00, 0x2C, 0xAE, 0xE9, 0xF9, 0xE2, 0x95, 0x12, 0x00, 0x00, 0x00, 0x00,
  0x43, 0xFD, 0xDF, 0x50, 0x00, 0x00, 0x00, 0x00, 0x01, 0x05, 0x93, 0xCE, 0x00, 0x00, 0x00, 0x00,
  0x00, 0x4C, 0xF7, 0x75, 0x00, 0x00, 0x00, 0x00, 0x00, 0x00, 0x00, 0x00, 0x00, 0x00, 0x0C, 0xFF,
  0x48, 0x00, 0x00, 0x0C, 0xFF, 0x44, 0x0C, 0xFF, 0x48, 0x00, 0x00, 0x0C, 0xFF, 0x44, 0x0C, 0xFF,
  0x48, 0x00, 0x00, 0x0C, 0xFF, 0x44, 0x0C, 0xFF, 0x48, 0x00, 0x00, 0x0C, 0xFF, 0x44, 0x0B, 0xFF,
  0x48, 0x00, 0x00, 0x10, 0xFF, 0x44, 0x06, 0xFF, 0x53, 0x00, 0x00, 0x30, 0xFF, 0x44, 0x00, 0xCC,
  0xB8, 0x13, 0x21, 0xBF, 0xFC, 0x44, 0x00, 0x31, 0xC6, 0xF9, 0xDD, 0x5D, 0xE8, 0x44, 0x00, 0x00,
  0x00, 0x00, 0x00, 0xC6, 0xC6, 0x06, 0x00, 0x00, 0x00, 0x00, 0x00, 0x00, 0x00, 0x00, 0x00, 0x42,
  0xE5, 0x19, 0x00, 0x00, 0x00, 0x00, 0x00, 0x00, 0x00, 0x00, 0x00, 0x00, 0x00, 0x00, 0x00, 0x00,
  0x00, 0x00, 0x00, 0x00, 0x00, 0x00, 0xD4, 0x98, 0x00, 0x00, 0x00, 0x00, 0x00, 0xCC, 0xA0, 0x38,
  0xFF, 0x34, 0x00, 0xD4, 0x98, 0x00, 0x00, 0x00, 0x00, 0x00, 0xCC, 0xA0, 0x00, 0x8D, 0x2D, 0x00,
  0xD4, 0x98, 0x00, 0x00, 0x00, 0x00, 0x00, 0xCC, 0xA0, 0x0F, 0xC9, 0x0A, 0x00, 0xD4, 0x98, 0x00,
  0x00, 0x00, 0x00, 0x00, 0xCC, 0xDF, 0xBA, 0x40, 0x00, 0x00, 0xD4, 0x98, 0x00, 0x00, 0x00, 0x00,
  0x00, 0xCC, 0xA0, 0x00, 0x00, 0x00, 0x00, 0xD4, 0x98, 0x00, 0x00, 0x00, 0x00, 0x00, 0xCC, 0xA0,
  0x00, 0x00, 0x00, 0x00, 0xCF, 0x9A, 0x00, 0x00, 0x00, 0x00, 0x00, 0xCE, 0x99, 0x00, 0x00, 0x00,
  0x00, 0xBD, 0xA8, 0x00, 0x00, 0x00, 0x00, 0x00, 0xDE, 0x87, 0x00, 0x00, 0x00, 0x00, 0x8A, 0xDD,
  0x02, 0x00, 0x00, 0x00, 0x18, 0xFD, 0x52, 0x00, 0x00, 0x00, 0x00, 0x20, 0xF3, 0x9A, 0x1E, 0x09,
  0x30, 0xBF, 0xCB, 0x03, 0x00, 0x00, 0x00, 0x00, 0x00, 0x2C, 0xAE, 0xEA, 0xF9, 0xE0, 0x8F, 0x0E,
  0x00, 0x00, 0x00, 0x00, 0x00, 0x00, 0x00, 0x0B, 0xEB, 0x9C, 0x00, 0x00, 0x00, 0x00, 0x00, 0x00,
  0x00, 0x72, 0xC8, 0x07, 0x00, 0x00, 0x00, 0x00, 0x00, 0x00, 0x00, 0x00, 0x00, 0x00, 0x00, 0x00,
  0x00, 0x00, 0x0C, 0xFF, 0x48, 0x00, 0x00, 0x0C, 0xFF, 0x44, 0xD4, 0x98, 0x0C, 0xFF, 0x48, 0x00,
  0x00, 0x0C, 0xFF, 0x44, 0x2D, 0x91, 0x0C, 0xFF, 0x48, 0x00, 0x00, 0x0C, 0xFF, 0x44, 0x82, 0x5F,
  0x0C, 0xFF, 0x48, 0x00, 0x00, 0x0C, 0xFF, 0xC3, 0x80, 0x00, 0x0B, 0xFF, 0x48, 0x00, 0x00, 0x10,
  0xFF, 0x44, 0x00, 0x00, 0x06, 0xFF, 0x53, 0x00, 0x00, 0x30, 0xFF, 0x44, 0x00, 0x00, 0x00, 0xCC,
  0xB5, 0x11, 0x1F, 0xBC, 0xFC, 0x44, 0x00, 0x00, 0x00, 0x32, 0xC3, 0xF4, 0xDD, 0x5D, 0xE8, 0x44,
  0x00, 0x00, 0x00, 0x00, 0x00, 0x26, 0xEE, 0x82, 0x00, 0x00, 0x00, 0x00, 0x00, 0x00, 0x00, 0x00,
  0x00, 0x00, 0x00, 0x42, 0xEB, 0x10, 0x00, 0x00, 0x00, 0x00, 0x00, 0x00, 0x00, 0x00, 0x00, 0x00,
  0x00, 0x00, 0x00, 0x00, 0x00, 0x00, 0x00, 0x00, 0x00, 0x00, 0xD4, 0x98, 0x00, 0x00, 0x00, 0x00,
  0x00, 0xCC, 0xA0, 0x38, 0xFF, 0x34, 0x00, 0xD4, 0x98, 0x00, 0x00, 0x00, 0x00, 0x00, 0xCC, 0xA0,
  0x00, 0x8D, 0x2D, 0x00, 0xD4, 0x98, 0x00, 0x00, 0x00, 0x00, 0x00, 0xCC, 0xA0, 0x0F, 0xC9, 0x0A,
  0x00, 0xD4, 0x98, 0x00, 0x00, 0x00, 0x00, 0x00, 0xCC, 0xDF, 0xBA, 0x40, 0x00, 0x00, 0xD4, 0x98,
  0x00, 0x00, 0x00, 0x00, 0x00, 0xCC, 0xA0, 0x00, 0x00, 0x00, 0x00, 0xD4, 0x98, 0x00, 0x00, 0x00,
  0x00, 0x00, 0xCC, 0xA0, 0x00, 0x00, 0x00, 0x00, 0xCF, 0x9A, 0x00, 0x00, 0x00, 0x00, 0x00, 0xCE,
  0x99, 0x00, 0x00, 0x00, 0x00, 0xBD, 0xA8, 0x00, 0x00, 0x00, 0x00, 0x00, 0xDE, 0x87, 0x00, 0x00,
  0x00, 0x00, 0x8A, 0xDD, 0x02, 0x00, 0x00, 0x00, 0x18, 0xFD, 0x52, 0x00, 0x00, 0x00, 0x00, 0x20,
  0xF3, 0x9A, 0x1E, 0x09, 0x30, 0xBF, 0xCB, 0x03, 0x00, 0x00, 0x00, 0x00, 0x00, 0x2C, 0xAE, 0xEA,
  0xF9, 0xE0, 0x8F, 0x0E, 0x00, 0x00, 0x00, 0x00, 0x00, 0x00, 0x4F, 0xFD, 0x4A, 0x00, 0x00, 0x00,
  0x00, 0x00, 0x00, 0x00, 0x00, 0x74, 0xC8, 0x00, 0x00, 0x00, 0x00, 0x00, 0x00, 0x00, 0x00, 0x00,
  0x00, 0x00, 0x00, 0x00, 0x00, 0x00, 0x0C, 0xFF, 0x48, 0x00, 0x00, 0x0C, 0xFF, 0x44, 0xD4, 0x98,
  0x0C, 0xFF, 0x48, 0x00, 0x00, 0x0C, 0xFF, 0x44, 0x2D, 0x91, 0x0C, 0xFF, 0x48, 0x00, 0x00, 0x0C,
  0xFF, 0x44, 0x82, 0x5F, 0x0C, 0xFF, 0x48, 0x00, 0x00, 0x0C, 0xFF, 0xC3, 0x80, 0x00, 0x0B, 0xFF,
  0x48, 0x00, 0x00, 0x10, 0xFF, 0x44, 0x00, 0x00, 0x06, 0xFF, 0x53, 0x00, 0x00, 0x30, 0xFF, 0x44,
  0x00, 0x00, 0x00, 0xCC, 0xB5, 0x11, 0x1F, 0xBC, 0xFC, 0x44, 0x00, 0x00, 0x00, 0x32, 0xC3, 0xF4,
  0xDD, 0x5D, 0xE8, 0x44, 0x00, 0x00, 0x00, 0x00, 0x00, 0x00, 0x00, 0x00, 0x00, 0x00, 0x00, 0x00,
  0x00, 0x00, 0x00, 0x00, 0x00, 0x00, 0x13, 0xFF, 0xFF, 0xAE, 0x01, 0x00, 0x00, 0x00, 0x00, 0x00,
  0x00, 0x00, 0x00, 0x00, 0x1C, 0xB8, 0x00, 0x00, 0x00, 0x00, 0x00, 0x00, 0x00, 0x00, 0x00, 0x00,
  0x00, 0x00, 0x00, 0x00, 0x00, 0x00, 0x00, 0x00, 0x00, 0x00, 0x00, 0xD4, 0x98, 0x00, 0x00, 0x00,
  0x00, 0x00, 0xCC, 0xA0, 0x38, 0xFF, 0x34, 0x00, 0xD4, 0x98, 0x00, 0x00, 0x00, 0x00, 0x00, 0xCC,
  0xA0, 0x00, 0x8D, 0x2D, 0x00, 0xD4, 0x98, 0x00, 0x00, 0x00, 0x00, 0x00, 0xCC, 0xA0, 0x0F, 0xC9,
  0x0A, 0x00, 0xD4, 0x98, 0x00, 0x00, 0x00, 0x00, 0x00, 0xCC, 0xDF, 0xBA, 0x40, 0x00, 0x00, 0xD4,
  0x98, 0x00, 0x00, 0x00, 0x00, 0x00, 0xCC, 0xA0, 0x00, 0x00, 0x00, 0x00, 0xD4, 0x98, 0x00, 0x00,
  0x00, 0x00, 0x00, 0xCC, 0xA0, 0x00, 0x00, 0x00, 0x00, 0xCF, 0x9A, 0x00, 0x00, 0x00, 0x00, 0x00,
  0xCE, 0x99, 0x00, 0x00, 0x00, 0x00, 0xBD, 0xA8, 0x00, 0x00, 0x00, 0x00, 0x00, 0xDE, 0x87, 0x00,
  0x00, 0x00, 0x00, 0x8A, 0xDD, 0x02, 0x00, 0x00, 0x00, 0x18, 0xFD, 0x52, 0x00, 0x00, 0x00, 0x00,
  0x20, 0xF3, 0x9A, 0x1E, 0x09, 0x30, 0xBF, 0xCB, 0x03, 0x00, 0x00, 0x00, 0x00, 0x00, 0x2C, 0xAE,
  0xEA, 0xF9, 0xE0, 0x8F, 0x0E, 0x00, 0x00, 0x00, 0x00, 0x00, 0x00, 0x43, 0xFD, 0xDF, 0x50, 0x00,
  0x00, 0x00, 0x00, 0x00, 0x00, 0x01, 0x05, 0x93, 0xCE, 0x00, 0x00, 0x00, 0x00, 0x00, 0x00, 0x00,
  0x4C, 0xF7, 0x75, 0x00, 0x00, 0x00, 0x00, 0x00, 0x00, 0x00, 0x00, 0x00, 0x00, 0x00, 0x00, 0x00,
  0x00, 0x0C, 0xFF, 0x48, 0x00, 0x00, 0x0C, 0xFF, 0x44, 0xD4, 0x98, 0x0C, 0xFF, 0x48, 0x00, 0x00,
  0x0C, 0xFF, 0x44, 0x2D, 0x91, 0x0C, 0xFF, 0x48, 0x00, 0x00, 0x0C, 0xFF, 0x44, 0x82, 0x5F, 0x0C,
  0xFF, 0x48, 0x00, 0x00, 0x0C, 0xFF, 0xC3, 0x80, 0x00, 0x0B, 0xFF, 0x48, 0x00, 0x00, 0x10, 0xFF,
  0x44, 0x00, 0x00, 0x06, 0xFF, 0x53, 0x00, 0x00, 0x30, 0xFF, 0x44, 0x00, 0x00, 0x00, 0xCC, 0xB5,
  0x11, 0x1F, 0xBC, 0xFC, 0x44, 0x00, 0x00, 0x00, 0x32, 0xC3, 0xF4, 0xDD, 0x5D, 0xE8, 0x44, 0x00,
  0x00, 0x00, 0x00, 0x00, 0x69, 0xEF, 0x8C, 0x29, 0xE2, 0x00, 0x00, 0x00, 0x00, 0x00, 0x00, 0x00,
  0x00, 0xE1, 0x35, 0x86, 0xEF, 0x70, 0x00, 0x00, 0x00, 0x00, 0x00, 0x00, 0x00, 0x00, 0x00, 0x00,
  0x00, 0x00, 0x00, 0x00, 0x00, 0x00, 0x00, 0x00, 0x00, 0xD4, 0x98, 0x00, 0x00, 0x00, 0x00, 0x00,
  0xCC, 0xA0, 0x38, 0xFF, 0x34, 0x00, 0xD4, 0x98, 0x00, 0x00, 0x00, 0x00, 0x00, 0xCC, 0xA0, 0x00,
  0x8D, 0x2D, 0x00, 0xD4, 0x98, 0x00, 0x00, 0x00, 0x00, 0x00, 0xCC, 0xA0, 0x0F, 0xC9, 0x0A, 0x00,
  0xD4, 0x98, 0x00, 0x00, 0x00, 0x00, 0x00, 0xCC, 0xDF, 0xBA, 0x40, 0x00, 0x00, 0xD4, 0x98, 0x00,
  0x00, 0x00, 0x00, 0x00, 0xCC, 0xA0, 0x00, 0x00, 0x00, 0x00, 0xD4, 0x98, 0x00, 0x00, 0x00, 0x00,
  0x00, 0xCC, 0xA0, 0x00, 0x00, 0x00, 0x00, 0xCF, 0x9A, 0x00, 0x00, 0x00, 0x00, 0x00, 0xCE, 0x99,
  0x00, 0x00, 0x00, 0x00, 0xBD, 0xA8, 0x00, 0x00, 0x00, 0x00, 0x00, 0xDE, 0x87, 0x00, 0x00, 0x00,
  0x00, 0x8A, 0xDD, 0x02, 0x00, 0x00, 0x00, 0x18, 0xFD, 0x52, 0x00, 0x00, 0x00, 0x00, 0x20, 0xF3,
  0x9A, 0x1E, 0x09, 0x30, 0xBF, 0xCB, 0x03, 0x00, 0x00, 0x00, 0x00, 0x00, 0x2C, 0xAE, 0xEA, 0xF9,
  0xE0, 0x8F, 0x0E, 0x00, 0x00, 0x00, 0x00, 0x00, 0x01, 0xB0, 0xE5, 0x56, 0x70, 0x92, 0x00, 0x00,
  0x00, 0x00, 0x31, 0xD7, 0x25, 0xB7, 0xE8, 0x30, 0x00, 0x00, 0x00, 0x00, 0x00, 0x00, 0x00, 0x00,
  0x00, 0x00, 0x00, 0x00, 0x00, 0x0C, 0xFF, 0x48, 0x00, 0x00, 0x0C, 0xFF, 0x44, 0xD4, 0x98, 0x0C,
  0xFF, 0x48, 0x00, 0x00, 0x0C, 0xFF, 0x44, 0x2D, 0x91, 0x0C, 0xFF, 0x48, 0x00, 0x00, 0x0C, 0xFF,
  0x44, 0x82, 0x5F, 0x0C, 0xFF, 0x48, 0x00, 0x00, 0x0C, 0xFF, 0xC3, 0x80, 0x00, 0x0B, 0xFF, 0x48,
  0x00, 0x00, 0x10, 0xFF, 0x44, 0x00, 0x00, 0x06, 0xFF, 0x53, 0x00, 0x00, 0x30, 0xFF, 0x44, 0x00,
  0x00, 0x00, 0xCC, 0xB5, 0x11, 0x1F, 0xBC, 0xFC, 0x44, 0x00, 0x00, 0x00, 0x32, 0xC3, 0xF4, 0xDD,
  0x5D, 0xE8, 0x44, 0x00, 0x00, 0x00, 0xD4, 0x98, 0x00, 0x00, 0x00, 0x00, 0x00, 0xCC, 0xA0, 0x38,
  0xFF, 0x34, 0x00, 0xD4, 0x98, 0x00, 0x00, 0x00, 0x00, 0x00, 0xCC, 0xA0, 0x00, 0x8D, 0x2D, 0x00,
  0xD4, 0x98, 0x00, 0x00, 0x00, 0x00, 0x00, 0xCC, 0xA0, 0x0F, 0xC9, 0x0A, 0x00, 0xD4, 0x98, 0x00,
  0x00, 0x00, 0x00, 0x00, 0xCC, 0xDF, 0xBA, 0x40, 0x00, 0x00, 0xD4, 0x98, 0x00, 0x00, 0x00, 0x00,
  0x00, 0xCC, 0xA0, 0x00, 0x00, 0x00, 0x00, 0xD4, 0x98, 0x00, 0x00, 0x00, 0x00, 0x00, 0xCC, 0xA0,
  0x00, 0x00, 0x00, 0x00, 0xCF, 0x9A, 0x00, 0x00, 0x00, 0x00, 0x00, 0xCE, 0x99, 0x00, 0x00, 0x00,
  0x00, 0xBD, 0xA8, 0x00, 0x00, 0x00, 0x00, 0x00, 0xDE, 0x87, 0x00, 0x00, 0x00, 0x00, 0x8A, 0xDD,
  0x02, 0x00, 0x00, 0x00, 0x18, 0xFD, 0x52, 0x00, 0x00, 0x00, 0x00, 0x20, 0xF3, 0x9A, 0x1E, 0x09,
  0x30, 0xBF, 0xCB, 0x03, 0x00, 0x00, 0x00, 0x00, 0x00, 0x2C, 0xAE, 0xEA, 0xF9, 0xE0, 0x8F, 0x0E,
  0x00, 0x00, 0x00, 0x00, 0x00, 0x00, 0x00, 0x00, 0x00, 0x00, 0x00, 0x00, 0x00, 0x00, 0x00, 0x00,
  0x00, 0x00, 0x00, 0x00, 0x00, 0x68, 0xFF, 0x18, 0x00, 0x00, 0x00, 0x00, 0x00, 0x00, 0x0C, 0xFF,
  0x48, 0x00, 0x00, 0x0C, 0xFF, 0x44, 0xD4, 0x98, 0x0C, 0xFF, 0x48, 0x00, 0x00, 0x0C, 0xFF, 0x44,
  0x2D, 0x91, 0x0C, 0xFF, 0x48, 0x00, 0x00, 0x0C, 0xFF, 0x44, 0x82, 0x5F, 0x0C, 0xFF, 0x48, 0x00,
  0x00, 0x0C, 0xFF, 0xC3, 0x80, 0x00, 0x0B, 0xFF, 0x48, 0x00, 0x00, 0x10, 0xFF, 0x44, 0x00, 0x00,
  0x06, 0xFF, 0x53, 0x00, 0x00, 0x30, 0xFF, 0x44, 0x00, 0x00, 0x00, 0xCC, 0xB5, 0x11, 0x1F, 0xBC,
  0xFC, 0x44, 0x00, 0x00, 0x00, 0x32, 0xC3, 0xF4, 0xDD, 0x5D, 0xE8, 0x44, 0x00, 0x00, 0x00, 0x00,
  0x00, 0x00, 0x00, 0x00, 0x00, 0x00, 0x00, 0x00, 0x00, 0x00, 0x00, 0xE0, 0xA0, 0x00, 0x00, 0x00,
  0x00, 0x00, 0x00, 0x00, 0x00, 0x7D, 0xFA, 0x1F, 0x00, 0x00, 0x00, 0x00, 0x00, 0x00, 0x00, 0x00,
  0xA3, 0x98, 0x00, 0x00, 0x00, 0x00, 0x00, 0x00, 0x00, 0x00, 0x00, 0x00, 0x00, 0x00, 0x00, 0x00,
  0xA1, 0xF4, 0x1E, 0x00, 0x00, 0x00, 0x00, 0x1F, 0xF4, 0x8D, 0x11, 0xE7, 0xB1, 0x00, 0x00, 0x00,
  0x00, 0xB2, 0xD7, 0x08, 0x00, 0x52, 0xFF, 0x4F, 0x00, 0x00, 0x52, 0xFC, 0x37, 0x00, 0x00, 0x00,
  0xAB, 0xE2, 0x0E, 0x10, 0xE4, 0x86, 0x00, 0x00, 0x00, 0x00, 0x17, 0xED, 0xA5, 0xAB, 0xD3, 0x06,
  0x00, 0x00, 0x00, 0x00, 0x00, 0x5D, 0xFF, 0xFB, 0x32, 0x00, 0x00, 0x00, 0x00, 0x00, 0x00, 0x00,
  0xD9, 0xA6, 0x00, 0x00, 0x00, 0x00, 0x00, 0x00, 0x00, 0x00, 0xD0, 0x9C, 0x00, 0x00, 0x00, 0x00,
  0x00, 0x00, 0x00, 0x00, 0xD0, 0x9C, 0x00, 0x00, 0x00, 0x00, 0x00, 0x00, 0x00, 0x00, 0xD0, 0x9C,
  0x00, 0x00, 0x00, 0x00, 0x00, 0x00, 0x00, 0x00, 0xD0, 0x9C, 0x00, 0x00, 0x00, 0x00, 0x00, 0x00,
  0x94, 0xF1, 0x11, 0x00, 0x00, 0x00, 0x00, 0x00, 0x03, 0xB8, 0x80, 0x00, 0x00, 0x00, 0x00, 0x00,
  0x00, 0x00, 0x00, 0x00, 0x00, 0x00, 0x96, 0xD6, 0x00, 0x00, 0x00, 0x21, 0xFF, 0x30, 0x38, 0xFF,
  0x35, 0x00, 0x00, 0x7B, 0xD3, 0x00, 0x00, 0xDA, 0x93, 0x00, 0x00, 0xD4, 0x76, 0x00, 0x00, 0x7D,
  0xEB, 0x05, 0x2E, 0xFD, 0x1B, 0x00, 0x00, 0x20, 0xFE, 0x4D, 0x87, 0xBB, 0x00, 0x00, 0x00, 0x00,
  0xC2, 0xA1, 0xE2, 0x5E, 0x00, 0x00, 0x00, 0x00, 0x64, 0xFC, 0xF4, 0x0C, 0x00, 0x00, 0x00, 0x00,
  0x0F, 0xF7, 0xA3, 0x00, 0x00, 0x00, 0x00, 0x00, 0x06, 0xEF, 0x42, 0x00, 0x00, 0x00, 0x04, 0x0A,
  0x78, 0xD0, 0x00, 0x00, 0x00, 0x00, 0x1D, 0xF4, 0xD9, 0x2D, 0x00, 0x00, 0x00, 0x00, 0xA1, 0xF4,
  0x1E, 0x00, 0x00, 0x00, 0x00, 0x1F, 0xF4, 0x8D, 0x11, 0xE7, 0xB1, 0x00, 0x00, 0x00, 0x00, 0xB2,
  0xD7, 0x08, 0x00, 0x52, 0xFF, 0x4F, 0x00, 0x00, 0x52, 0xFC, 0x37, 0x00, 0x00, 0x00, 0xAB, 0xE2,
  0x0E, 0x10, 0xE4, 0x86, 0x00, 0x00, 0x00, 0x00, 0x17, 0xED, 0xA5, 0xAB, 0xD3, 0x06, 0x00, 0x00,
  0x00, 0x00, 0x00, 0x5D, 0xFF, 0xFB, 0x32, 0x00, 0x00, 0x00, 0x00, 0x00, 0x00, 0x00, 0xD9, 0xA6,
  0x00, 0x00, 0x00, 0x00, 0x00, 0x00, 0x00, 0x00, 0xD0, 0x9C, 0x00, 0x00, 0x00, 0x00, 0x00, 0x00,
  0x00, 0x00, 0xD0, 0x9C, 0x00, 0x00, 0x00, 0x00, 0x00, 0x00, 0x00, 0x00, 0xD0, 0x9C, 0x00, 0x00,
  0x00, 0x00, 0x00, 0x00, 0x00, 0x00, 0xD0, 0x9C, 0x00, 0x00, 0x00, 0x00, 0x00, 0x00, 0x00, 0x00,
  0x00, 0x00, 0x00, 0x00, 0x00, 0x00, 0x00, 0x00, 0x00, 0x00, 0xDC, 0xA4, 0x00, 0x00, 0x00, 0x00,
  0x96, 0xD6, 0x00, 0x00, 0x00, 0x21, 0xFF, 0x30, 0x38, 0xFF, 0x35, 0x00, 0x00, 0x7B, 0xD3, 0x00,
  0x00, 0xDA, 0x93, 0x00, 0x00, 0xD4, 0x76, 0x00, 0x00, 0x7D, 0xEB, 0x05, 0x2E, 0xFD, 0x1B, 0x00,
  0x00, 0x20, 0xFE, 0x4D, 0x87, 0xBB, 0x00, 0x00, 0x00, 0x00, 0xC2, 0xA1, 0xE2, 0x5E, 0x00, 0x00,
  0x00, 0x00, 0x64, 0xFC, 0xF4, 0x0C, 0x00, 0x00, 0x00, 0x00, 0x0F, 0xF7, 0xA3, 0x00, 0x00, 0x00,
  0x00, 0x00, 0x06, 0xEF, 0x42, 0x00, 0x00, 0x00, 0x04, 0x0A, 0x78, 0xD0, 0x00, 0xF8, 0x88, 0x00,
  0x1D, 0xF4, 0xD9, 0x2D, 0x00, 0x00, 0x00, 0x00, 0x00, 0x00, 0x00, 0x00, 0x00, 0x00, 0x00, 0x00,
  0x00, 0x00, 0x00, 0x00, 0x00, 0x6F, 0xFF, 0xFF, 0x5D, 0x00, 0x00, 0x00, 0x00, 0x00, 0x00, 0x00,
  0x7C, 0x58, 0x00, 0x00, 0x00, 0x00, 0x00, 0x00, 0x00, 0x00, 0x00, 0x00, 0x00, 0x00, 0x00, 0x00,
  0xA1, 0xF4, 0x1E, 0x00, 0x00, 0x00, 0x00, 0x1F, 0xF4, 0x8D, 0x11, 0xE7, 0xB1, 0x00, 0x00, 0x00,
  0x00, 0xB2, 0xD7, 0x08, 0x00, 0x52, 0xFF, 0x4F, 0x00, 0x00, 0x52, 0xFC, 0x37, 0x00, 0x00, 0x00,
  0xAB, 0xE2, 0x0E, 0x10, 0xE4, 0x86, 0x00, 0x00, 0x00, 0x00, 0x17, 0xED, 0xA5, 0xAB, 0xD3, 0x06,
  0x00, 0x00, 0x00, 0x00, 0x00, 0x5D, 0xFF, 0xFB, 0x32, 0x00, 0x00, 0x00, 0x00, 0x00, 0x00, 0x00,
  0xD9, 0xA6, 0x00, 0x00, 0x00, 0x00, 0x00, 0x00, 0x00, 0x00, 0xD0, 0x9C, 0x00, 0x00, 0x00, 0x00,
  0x00, 0x00, 0x00, 0x00, 0xD0, 0x9C, 0x00, 0x00, 0x00, 0x00, 0x00, 0x00, 0x00, 0x00, 0xD0, 0x9C,
  0x00, 0x00, 0x00, 0x00, 0x00, 0x00, 0x00, 0x00, 0xD0, 0x9C, 0x00, 0x00, 0x00, 0x00, 0x00, 0x00,
  0x86, 0xFA, 0xCA, 0x24, 0x00, 0x00, 0x00, 0x00, 0x02, 0x0D, 0xCD, 0x8A, 0x00, 0x00, 0x00, 0x00,
  0x00, 0x90, 0xEA, 0x3F, 0x00, 0x00, 0x00, 0x00, 0x00, 0x00, 0x00, 0x00, 0x00, 0x00, 0x96, 0xD6,
  0x00, 0x00, 0x00, 0x21, 0xFF, 0x30, 0x38, 0xFF, 0x35, 0x00, 0x00, 0x7B, 0xD3, 0x00, 0x00, 0xDA,
  0x93, 0x00, 0x00, 0xD4, 0x76, 0x00, 0x00, 0x7D, 0xEB, 0x05, 0x2E, 0xFD, 0x1B, 0x00, 0x00, 0x20,
  0xFE, 0x4D, 0x87, 0xBB, 0x00, 0x00, 0x00, 0x00, 0xC2, 0xA1, 0xE2, 0x5E, 0x00, 0x00, 0x00, 0x00,
  0x64, 0xFC, 0xF4, 0x0C, 0x00, 0x00, 0x00, 0x00, 0x0F, 0xF7, 0xA3, 0x00, 0x00, 0x00, 0x00, 0x00,
  0x06, 0xEF, 0x42, 0x00, 0x00, 0x00, 0x04, 0x0A, 0x78, 0xD0, 0x00, 0x00, 0x00, 0x00, 0x1D, 0xF4,
  0xD9, 0x2D, 0x00, 0x00, 0x00, 0x00, 0x00, 0x00, 0x03, 0xBA, 0xE1, 0x4F, 0x7C, 0x86, 0x00, 0x00,
  0x00, 0x00, 0x3D, 0xCD, 0x28, 0xBD, 0xE4, 0x28, 0x00, 0x00, 0x00, 0x00, 0x00, 0x00, 0x00, 0x00,
  0x00, 0x00, 0x00, 0x00, 0xA1, 0xF4, 0x1E, 0x00, 0x00, 0x00, 0x00, 0x1F, 0xF4, 0x8D, 0x11, 0xE7,
  0xB1, 0x00, 0x00, 0x00, 0x00, 0xB2, 0xD7, 0x08, 0x00, 0x52, 0xFF, 0x4F, 0x00, 0x00, 0x52, 0xFC,
  0x37, 0x00, 0x00, 0x00, 0xAB, 0xE2, 0x0E, 0x10, 0xE4, 0x86, 0x00, 0x00, 0x00, 0x00, 0x17, 0xED,
  0xA5, 0xAB, 0xD3, 0x06, 0x00, 0x00, 0x00, 0x00, 0x00, 0x5D, 0xFF, 0xFB, 0x32, 0x00, 0x00, 0x00,
  0x00, 0x00, 0x00, 0x00, 0xD9, 0xA6, 0x00, 0x00, 0x00, 0x00, 0x00, 0x00, 0x00, 0x00, 0xD0, 0x9C,
  0x00, 0x00, 0x00, 0x00, 0x00, 0x00, 0x00, 0x00, 0xD0, 0x9C, 0x00, 0x00, 0x00, 0x00, 0x00, 0x00,
  0x00, 0x00, 0xD0, 0x9C, 0x00, 0x00, 0x00, 0x00, 0x00, 0x00, 0x00, 0x00, 0xD0, 0x9C, 0x00, 0x00,
  0x00, 0x00, 0x00, 0x1F, 0xDC, 0xC6, 0x2D, 0xBA, 0x46, 0x00, 0x00, 0x7D, 0x91, 0x45, 0xDB, 0xC7,
  0x07, 0x00, 0x00, 0x00, 0x00, 0x00, 0x00, 0x00, 0x00, 0x00, 0x96, 0xD6, 0x00, 0x00, 0x00, 0x21,
  0xFF, 0x30, 0x38, 0xFF, 0x35, 0x00, 0x00, 0x7B, 0xD3, 0x00, 0x00, 0xDA, 0x93, 0x00, 0x00, 0xD4,
  0x76, 0x00, 0x00, 0x7D, 0xEB, 0x05, 0x2E, 0xFD, 0x1B, 0x00, 0x00, 0x20, 0xFE, 0x4D, 0x87, 0xBB,
  0x00, 0x00, 0x00, 0x00, 0xC2, 0xA1, 0xE2, 0x5E, 0x00, 0x00, 0x00, 0x00, 0x64, 0xFC, 0xF4, 0x0C,
  0x00, 0x00, 0x00, 0x00, 0x0F, 0xF7, 0xA3, 0x00, 0x00, 0x00, 0x00, 0x00, 0x06, 0xEF, 0x42, 0x00,
  0x00, 0x00, 0x04, 0x0A, 0x78, 0xD0, 0x00, 0x00, 0x00, 0x00, 0x1D, 0xF4, 0xD9, 0x2D, 0x00, 0x00,
  0x00, 0x00,
};
