// Generated by tools/ttf2vlw.py -- do not edit.
#pragma once
#include <pgmspace.h>

// 25999 bytes
const uint8_t fontTermSmall[] PROGMEM = {
  0x00, 0x00, 0x00, 0x5F, 0x00, 0x00, 0x00, 0x0B, 0x00, 0x00, 0x00, 0x1E, 0x00, 0x00, 0x00, 0x00,
  0x00, 0x00, 0x00, 0x13, 0x00, 0x00, 0x00, 0x05, 0x00, 0x00, 0x00, 0x20, 0x00, 0x00, 0x00, 0x00,
  0x00, 0x00, 0x00, 0x00, 0x00, 0x00, 0x00, 0x07, 0x00, 0x00, 0x00, 0x00, 0x00, 0x00, 0x00, 0x00,
  0x00, 0x00, 0x00, 0x00, 0x00, 0x00, 0x00, 0x21, 0x00, 0x00, 0x00, 0x13, 0x00, 0x00, 0x00, 0x07,
  0x00, 0x00, 0x00, 0x07, 0x00, 0x00, 0x00, 0x13, 0x00, 0x00, 0x00, 0x00, 0x00, 0x00, 0x00, 0x00,
  0x00, 0x00, 0x00, 0x22, 0x00, 0x00, 0x00, 0x13, 0x00, 0x00, 0x00, 0x09, 0x00, 0x00, 0x00, 0x09,
  0x00, 0x00, 0x00, 0x13, 0x00, 0x00, 0x00, 0x00, 0x00, 0x00, 0x00, 0x00, 0x00, 0x00, 0x00, 0x23,
  0x00, 0x00, 0x00, 0x13, 0x00, 0x00, 0x00, 0x0F, 0x00, 0x00, 0x00, 0x0E, 0x00, 0x00, 0x00, 0x13,
  0x00, 0x00, 0x00, 0x00, 0x00, 0x00, 0x00, 0x00, 0x00, 0x00, 0x00, 0x24, 0x00, 0x00, 0x00, 0x16,
  0x00, 0x00, 0x00, 0x0E, 0x00, 0x00, 0x00, 0x0E, 0x00, 0x00, 0x00, 0x14, 0x00, 0x00, 0x00, 0x00,
  0x00, 0x00, 0x00, 0x00, 0x00, 0x00, 0x00, 0x25, 0x00, 0x00, 0x00, 0x13, 0x00, 0x00, 0x00, 0x17,
  0x00, 0x00, 0x00, 0x17, 0x00, 0x00, 0x00, 0x13, 0x00, 0x00, 0x00, 0x00, 0x00, 0x00, 0x00, 0x00,
  0x00, 0x00, 0x00, 0x26, 0x00, 0x00, 0x00, 0x13, 0x00, 0x00, 0x00, 0x11, 0x00, 0x00, 0x00, 0x11,
  0x00, 0x00, 0x00, 0x13, 0x00, 0x00, 0x00, 0x00, 0x00, 0x00, 0x00, 0x00, 0x00, 0x00, 0x00, 0x27,
  0x00, 0x00, 0x00, 0x13, 0x00, 0x00, 0x00, 0x05, 0x00, 0x00, 0x00, 0x05, 0x00, 0x00, 0x00, 0x13,
  0x00, 0x00, 0x00, 0x00, 0x00, 0x00, 0x00, 0x00, 0x00, 0x00, 0x00, 0x28, 0x00, 0x00, 0x00, 0x18,
  0x00, 0x00, 0x00, 0x09, 0x00, 0x00, 0x00, 0x09, 0x00, 0x00, 0x00, 0x13, 0x00, 0x00, 0x00, 0x00,
  0x00, 0x00, 0x00, 0x00, 0x00, 0x00, 0x00, 0x29, 0x00, 0x00, 0x00, 0x18, 0x00, 0x00, 0x00, 0x09,
  0x00, 0x00, 0x00, 0x09, 0x00, 0x00, 0x00, 0x13, 0x00, 0x00, 0x00, 0x00, 0x00, 0x00, 0x00, 0x00,
  0x00, 0x00, 0x00, 0x2A, 0x00, 0x00, 0x00, 0x13, 0x00, 0x00, 0x00, 0x0A, 0x00, 0x00, 0x00, 0x0A,
  0x00, 0x00, 0x00, 0x13, 0x00, 0x00, 0x00, 0x00, 0x00, 0x00, 0x00, 0x00, 0x00, 0x00, 0x00, 0x2B,
  0x00, 0x00, 0x00, 0x0F, 0x00, 0x00, 0x00, 0x0F, 0x00, 0x00, 0x00, 0x0F, 0x00, 0x00, 0x00, 0x0F,
  0x00, 0x00, 0x00, 0x00, 0x00, 0x00, 0x00, 0x00, 0x00, 0x00, 0x00, 0x2C, 0x00, 0x00, 0x00, 0x06,
  0x00, 0x00, 0x00, 0x07, 0x00, 0x00, 0x00, 0x07, 0x00, 0x00, 0x00, 0x02, 0x00, 0x00, 0x00, 0x00,
  0x00, 0x00, 0x00, 0x00, 0x00, 0x00, 0x00, 0x2D, 0x00, 0x00, 0x00, 0x08, 0x00, 0x00, 0x00, 0x09,
  0x00, 0x00, 0x00, 0x09, 0x00, 0x00, 0x00, 0x08, 0x00, 0x00, 0x00, 0x00, 0x00, 0x00, 0x00, 0x00,
  0x00, 0x00, 0x00, 0x2E, 0x00, 0x00, 0x00, 0x02, 0x00, 0x00, 0x00, 0x07, 0x00, 0x00, 0x00, 0x07,
  0x00, 0x00, 0x00, 0x02, 0x00, 0x00, 0x00, 0x00, 0x00, 0x00, 0x00, 0x00, 0x00, 0x00, 0x00, 0x2F,
  0x00, 0x00, 0x00, 0x13, 0x00, 0x00, 0x00, 0x08, 0x00, 0x00, 0x00, 0x07, 0x00, 0x00, 0x00, 0x13,
  0x00, 0x00, 0x00, 0x00, 0x00, 0x00, 0x00, 0x00, 0x00, 0x00, 0x00, 0x30, 0x00, 0x00, 0x00, 0x13,
  0x00, 0x00, 0x00, 0x0E, 0x00, 0x00, 0x00, 0x0E, 0x00, 0x00, 0x00, 0x13, 0x00, 0x00, 0x00, 0x00,
  0x00, 0x00, 0x00, 0x00, 0x00, 0x00, 0x00, 0x31, 0x00, 0x00, 0x00, 0x13, 0x00, 0x00, 0x00, 0x0E,
  0x00, 0x00, 0x00, 0x0E, 0x00, 0x00, 0x00, 0x13, 0x00, 0x00, 0x00, 0x00, 0x00, 0x00, 0x00, 0x00,
  0x00, 0x00, 0x00, 0x32, 0x00, 0x00, 0x00, 0x13, 0x00, 0x00, 0x00, 0x0E, 0x00, 0x00, 0x00, 0x0E,
  0x00, 0x00, 0x00, 0x13, 0x00, 0x00, 0x00, 0x00, 0x00, 0x00, 0x00, 0x00, 0x00, 0x00, 0x00, 0x33,
  0x00, 0x00, 0x00, 0x13, 0x00, 0x00, 0x00, 0x0E, 0x00, 0x00, 0x00, 0x0E, 0x00, 0x00, 0x00, 0x13,
  0x00, 0x00, 0x00, 0x00, 0x00, 0x00, 0x00, 0x00, 0x00, 0x00, 0x00, 0x34, 0x00, 0x00, 0x00, 0x13,
  0x00, 0x00, 0x00, 0x0E, 0x00, 0x00, 0x00, 0x0E, 0x00, 0x00, 0x00, 0x13, 0x00, 0x00, 0x00, 0x00,
  0x00, 0x00, 0x00, 0x00, 0x00, 0x00, 0x00, 0x35, 0x00, 0x00, 0x00, 0x13, 0x00, 0x00, 0x00, 0x0E,
  0x00, 0x00, 0x00, 0x0E, 0x00, 0x00, 0x00, 0x13, 0x00, 0x00, 0x00, 0x00, 0x00, 0x00, 0x00, 0x00,
  0x00, 0x00, 0x00, 0x36, 0x00, 0x00, 0x00, 0x13, 0x00, 0x00, 0x00, 0x0E, 0x00, 0x00, 0x00, 0x0E,
  0x00, 0x00, 0x00, 0x13, 0x00, 0x00, 0x00, 0x00, 0x00, 0x00, 0x00, 0x00, 0x00, 0x00, 0x00, 0x37,
  0x00, 0x00, 0x00, 0x13, 0x00, 0x00, 0x00, 0x0E, 0x00, 0x00, 0x00, 0x0E, 0x00, 0x00, 0x00, 0x13,
  0x00, 0x00, 0x00, 0x00, 0x00, 0x00, 0x00, 0x00, 0x00, 0x00, 0x00, 0x38, 0x00, 0x00, 0x00, 0x13,
  0x00, 0x00, 0x00, 0x0E, 0x00, 0x00, 0x00, 0x0E, 0x00, 0x00, 0x00, 0x13, 0x00, 0x00, 0x00, 0x00,
  0x00, 0x00, 0x00, 0x00, 0x00, 0x00, 0x00, 0x39, 0x00, 0x00, 0x00, 0x13, 0x00, 0x00, 0x00, 0x0E,
  0x00, 0x00, 0x00, 0x0E, 0x00, 0x00, 0x00, 0x13, 0x00, 0x00, 0x00, 0x00, 0x00, 0x00, 0x00, 0x00,
  0x00, 0x00, 0x00, 0x3A, 0x00, 0x00, 0x00, 0x0E, 0x00, 0x00, 0x00, 0x07, 0x00, 0x00, 0x00, 0x07,
  0x00, 0x00, 0x00, 0x0E, 0x00, 0x00, 0x00, 0x00, 0x00, 0x00, 0x00, 0x00, 0x00, 0x00, 0x00, 0x3B,
  0x00, 0x00, 0x00, 0x12, 0x00, 0x00, 0x00, 0x07, 0x00, 0x00, 0x00, 0x07, 0x00, 0x00, 0x00, 0x0E,
  0x00, 0x00, 0x00, 0x00, 0x00, 0x00, 0x00, 0x00, 0x00, 0x00, 0x00, 0x3C, 0x00, 0x00, 0x00, 0x10,
  0x00, 0x00, 0x00, 0x0F, 0x00, 0x00, 0x00, 0x0F, 0x00, 0x00, 0x00, 0x10, 0x00, 0x00, 0x00, 0x00,
  0x00, 0x00, 0x00, 0x00, 0x00, 0x00, 0x00, 0x3D, 0x00, 0x00, 0x00, 0x0D, 0x00, 0x00, 0x00, 0x0F,
  0x00, 0x00, 0x00, 0x0F, 0x00, 0x00, 0x00, 0x0D, 0x00, 0x00, 0x00, 0x00, 0x00, 0x00, 0x00, 0x00,
  0x00, 0x00, 0x00, 0x3E, 0x00, 0x00, 0x00, 0x10, 0x00, 0x00, 0x00, 0x0F, 0x00, 0x00, 0x00, 0x0F,
  0x00, 0x00, 0x00, 0x10, 0x00, 0x00, 0x00, 0x00, 0x00, 0x00, 0x00, 0x00, 0x00, 0x00, 0x00, 0x3F,
  0x00, 0x00, 0x00, 0x13, 0x00, 0x00, 0x00, 0x0E, 0x00, 0x00, 0x00, 0x0E, 0x00, 0x00, 0x00, 0x13,
  0x00, 0x00, 0x00, 0x00, 0x00, 0x00, 0x00, 0x00, 0x00, 0x00, 0x00, 0x40, 0x00, 0x00, 0x00, 0x18,
  0x00, 0x00, 0x00, 0x1A, 0x00, 0x00, 0x00, 0x1A, 0x00, 0x00, 0x00, 0x13, 0x00, 0x00, 0x00, 0x00,
  0x00, 0x00, 0x00, 0x00, 0x00, 0x00, 0x00, 0x41, 0x00, 0x00, 0x00, 0x13, 0x00, 0x00, 0x00, 0x13,
  0x00, 0x00, 0x00, 0x11, 0x00, 0x00, 0x00, 0x13, 0xFF, 0xFF, 0xFF, 0xFF, 0x00, 0x00, 0x00, 0x00,
  0x00, 0x00, 0x00, 0x42, 0x00, 0x00, 0x00, 0x13, 0x00, 0x00, 0x00, 0x11, 0x00, 0x00, 0x00, 0x11,
  0x00, 0x00, 0x00, 0x13, 0x00, 0x00, 0x00, 0x00, 0x00, 0x00, 0x00, 0x00, 0x00, 0x00, 0x00, 0x43,
  0x00, 0x00, 0x00, 0x13, 0x00, 0x00, 0x00, 0x13, 0x00, 0x00, 0x00, 0x13, 0x00, 0x00, 0x00, 0x13,
  0x00, 0x00, 0x00, 0x00, 0x00, 0x00, 0x00, 0x00, 0x00, 0x00, 0x00, 0x44, 0x00, 0x00, 0x00, 0x13,
  0x00, 0x00, 0x00, 0x13, 0x00, 0x00, 0x00, 0x13, 0x00, 0x00, 0x00, 0x13, 0x00, 0x00, 0x00, 0x00,
  0x00, 0x00, 0x00, 0x00, 0x00, 0x00, 0x00, 0x45, 0x00, 0x00, 0x00, 0x13, 0x00, 0x00, 0x00, 0x11,
  0x00, 0x00, 0x00, 0x11, 0x00, 0x00, 0x00, 0x13, 0x00, 0x00, 0x00, 0x00, 0x00, 0x00, 0x00, 0x00,
  0x00, 0x00, 0x00, 0x46, 0x00, 0x00, 0x00, 0x13, 0x00, 0x00, 0x00, 0x10, 0x00, 0x00, 0x00, 0x10,
  0x00, 0x00, 0x00, 0x13, 0x00, 0x00, 0x00, 0x00, 0x00, 0x00, 0x00, 0x00, 0x00, 0x00, 0x00, 0x47,
  0x00, 0x00, 0x00, 0x13, 0x00, 0x00, 0x00, 0x14, 0x00, 0x00, 0x00, 0x14, 0x00, 0x00, 0x00, 0x13,
  0x00, 0x00, 0x00, 0x00, 0x00, 0x00, 0x00, 0x00, 0x00, 0x00, 0x00, 0x48, 0x00, 0x00, 0x00, 0x13,
  0x00, 0x00, 0x00, 0x13, 0x00, 0x00, 0x00, 0x13, 0x00, 0x00, 0x00, 0x13, 0x00, 0x00, 0x00, 0x00,
  0x00, 0x00, 0x00, 0x00, 0x00, 0x00, 0x00, 0x49, 0x00, 0x00, 0x00, 0x13, 0x00, 0x00, 0x00, 0x07,
  0x00, 0x00, 0x00, 0x07, 0x00, 0x00, 0x00, 0x13, 0x00, 0x00, 0x00, 0x00, 0x00, 0x00, 0x00, 0x00,
  0x00, 0x00, 0x00, 0x4A, 0x00, 0x00, 0x00, 0x13, 0x00, 0x00, 0x00, 0x0D, 0x00, 0x00, 0x00, 0x0D,
  0x00, 0x00, 0x00, 0x13, 0x00, 0x00, 0x00, 0x00, 0x00, 0x00, 0x00, 0x00, 0x00, 0x00, 0x00, 0x4B,
  0x00, 0x00, 0x00, 0x13, 0x00, 0x00, 0x00, 0x12, 0x00, 0x00, 0x00, 0x11, 0x00, 0x00, 0x00, 0x13,
  0x00, 0x00, 0x00, 0x00, 0x00, 0x00, 0x00, 0x00, 0x00, 0x00, 0x00, 0x4C, 0x00, 0x00, 0x00, 0x13,
  0x00, 0x00, 0x00, 0x0E, 0x00, 0x00, 0x00, 0x0E, 0x00, 0x00, 0x00, 0x13, 0x00, 0x00, 0x00, 0x00,
  0x00, 0x00, 0x00, 0x00, 0x00, 0x00, 0x00, 0x4D, 0x00, 0x00, 0x00, 0x13, 0x00, 0x00, 0x00, 0x16,
  0x00, 0x00, 0x00, 0x16, 0x00, 0x00, 0x00, 0x13, 0x00, 0x00, 0x00, 0x00, 0x00, 0x00, 0x00, 0x00,
  0x00, 0x00, 0x00, 0x4E, 0x00, 0x00, 0x00, 0x13, 0x00, 0x00, 0x00, 0x13, 0x00, 0x00, 0x00, 0x13,
  0x00, 0x00, 0x00, 0x13, 0x00, 0x00, 0x00, 0x00, 0x00, 0x00, 0x00, 0x00, 0x00, 0x00, 0x00, 0x4F,
  0x00, 0x00, 0x00, 0x13, 0x00, 0x00, 0x00, 0x14, 0x00, 0x00, 0x00, 0x14, 0x00, 0x00, 0x00, 0x13,
  0x00, 0x00, 0x00, 0x00, 0x00, 0x00, 0x00, 0x00, 0x00, 0x00, 0x00, 0x50, 0x00, 0x00, 0x00, 0x13,
  0x00, 0x00, 0x00, 0x11, 0x00, 0x00, 0x00, 0x11, 0x00, 0x00, 0x00, 0x13, 0x00, 0x00, 0x00, 0x00,
  0x00, 0x00, 0x00, 0x00, 0x00, 0x00, 0x00, 0x51, 0x00, 0x00, 0x00, 0x15, 0x00, 0x00, 0x00, 0x14,
  0x00, 0x00, 0x00, 0x14, 0x00, 0x00, 0x00, 0x13, 0x00, 0x00, 0x00, 0x00, 0x00, 0x00, 0x00, 0x00,
  0x00, 0x00, 0x00, 0x52, 0x00, 0x00, 0x00, 0x13, 0x00, 0x00, 0x00, 0x13, 0x00, 0x00, 0x00, 0x13,
  0x00, 0x00, 0x00, 0x13, 0x00, 0x00, 0x00, 0x00, 0x00, 0x00, 0x00, 0x00, 0x00, 0x00, 0x00, 0x53,
  0x00, 0x00, 0x00, 0x13, 0x00, 0x00, 0x00, 0x11, 0x00, 0x00, 0x00, 0x11, 0x00, 0x00, 0x00, 0x13,
  0x00, 0x00, 0x00, 0x00, 0x00, 0x00, 0x00, 0x00, 0x00, 0x00, 0x00, 0x54, 0x00, 0x00, 0x00, 0x13,
  0x00, 0x00, 0x00, 0x10, 0x00, 0x00, 0x00, 0x10, 0x00, 0x00, 0x00, 0x13, 0x00, 0x00, 0x00, 0x00,
  0x00, 0x00, 0x00, 0x00, 0x00, 0x00, 0x00, 0x55, 0x00, 0x00, 0x00, 0x13, 0x00, 0x00, 0x00, 0x13,
  0x00, 0x00, 0x00, 0x13, 0x00, 0x00, 0x00, 0x13, 0x00, 0x00, 0x00, 0x00, 0x00, 0x00, 0x00, 0x00,
  0x00, 0x00, 0x00, 0x56, 0x00, 0x00, 0x00, 0x13, 0x00, 0x00, 0x00, 0x12, 0x00, 0x00, 0x00, 0x11,
  0x00, 0x00, 0x00, 0x13, 0x00, 0x00, 0x00, 0x00, 0x00, 0x00, 0x00, 0x00, 0x00, 0x00, 0x00, 0x57,
  0x00, 0x00, 0x00, 0x13, 0x00, 0x00, 0x00, 0x19, 0x00, 0x00, 0x00, 0x19, 0x00, 0x00, 0x00, 0x13,
  0x00, 0x00, 0x00, 0x00, 0x00, 0x00, 0x00, 0x00, 0x00, 0x00, 0x00, 0x58, 0x00, 0x00, 0x00, 0x13,
  0x00, 0x00, 0x00, 0x12, 0x00, 0x00, 0x00, 0x11, 0x00, 0x00, 0x00, 0x13, 0x00, 0x00, 0x00, 0x00,
  0x00, 0x00, 0x00, 0x00, 0x00, 0x00, 0x00, 0x59, 0x00, 0x00, 0x00, 0x13, 0x00, 0x00, 0x00, 0x12,
  0x00, 0x00, 0x00, 0x11, 0x00, 0x00, 0x00, 0x13, 0x00, 0x00, 0x00, 0x00, 0x00, 0x00, 0x00, 0x00,
  0x00, 0x00, 0x00, 0x5A, 0x00, 0x00, 0x00, 0x13, 0x00, 0x00, 0x00, 0x10, 0x00, 0x00, 0x00, 0x10,
  0x00, 0x00, 0x00, 0x13, 0x00, 0x00, 0x00, 0x00, 0x00, 0x00, 0x00, 0x00, 0x00, 0x00, 0x00, 0x5B,
  0x00, 0x00, 0x00, 0x18, 0x00, 0x00, 0x00, 0x07, 0x00, 0x00, 0x00, 0x07, 0x00, 0x00, 0x00, 0x13,
  0x00, 0x00, 0x00, 0x00, 0x00, 0x00, 0x00, 0x00, 0x00, 0x00, 0x00, 0x5C, 0x00, 0x00, 0x00, 0x13,
  0x00, 0x00, 0x00, 0x08, 0x00, 0x00, 0x00, 0x07, 0x00, 0x00, 0x00, 0x13, 0x00, 0x00, 0x00, 0x00,
  0x00, 0x00, 0x00, 0x00, 0x00, 0x00, 0x00, 0x5D, 0x00, 0x00, 0x00, 0x18, 0x00, 0x00, 0x00, 0x07,
  0x00, 0x00, 0x00, 0x07, 0x00, 0x00, 0x00, 0x13, 0x00, 0x00, 0x00, 0x00, 0x00, 0x00, 0x00, 0x00,
  0x00, 0x00, 0x00, 0x5E, 0x00, 0x00, 0x00, 0x13, 0x00, 0x00, 0x00, 0x0C, 0x00, 0x00, 0x00, 0x0C,
  0x00, 0x00, 0x00, 0x13, 0x00, 0x00, 0x00, 0x00, 0x00, 0x00, 0x00, 0x00, 0x00, 0x00, 0x00, 0x5F,
  0x00, 0x00, 0x00, 0x05, 0x00, 0x00, 0x00, 0x10, 0x00, 0x00, 0x00, 0x0E, 0x00, 0x00, 0x00, 0x00,
  0xFF, 0xFF, 0xFF, 0xFF, 0x00, 0x00, 0x00, 0x00, 0x00, 0x00, 0x00, 0x60, 0x00, 0x00, 0x00, 0x13,
  0x00, 0x00, 0x00, 0x09, 0x00, 0x00, 0x00, 0x09, 0x00, 0x00, 0x00, 0x13, 0x00, 0x00, 0x00, 0x00,
  0x00, 0x00, 0x00, 0x00, 0x00, 0x00, 0x00, 0x61, 0x00, 0x00, 0x00, 0x0E, 0x00, 0x00, 0x00, 0x0E,
  0x00, 0x00, 0x00, 0x0E, 0x00, 0x00, 0x00, 0x0E, 0x00, 0x00, 0x00, 0x00, 0x00, 0x00, 0x00, 0x00,
  0x00, 0x00, 0x00, 0x62, 0x00, 0x00, 0x00, 0x13, 0x00, 0x00, 0x00, 0x0E, 0x00, 0x00, 0x00, 0x0E,
  0x00, 0x00, 0x00, 0x13, 0x00, 0x00, 0x00, 0x00, 0x00, 0x00, 0x00, 0x00, 0x00, 0x00, 0x00, 0x63,
  0x00, 0x00, 0x00, 0x0E, 0x00, 0x00, 0x00, 0x0D, 0x00, 0x00, 0x00, 0x0D, 0x00, 0x00, 0x00, 0x0E,
  0x00, 0x00, 0x00, 0x00, 0x00, 0x00, 0x00, 0x00, 0x00, 0x00, 0x00, 0x64, 0x00, 0x00, 0x00, 0x13,
  0x00, 0x00, 0x00, 0x0E, 0x00, 0x00, 0x00, 0x0E, 0x00, 0x00, 0x00, 0x13, 0x00, 0x00, 0x00, 0x00,
  0x00, 0x00, 0x00, 0x00, 0x00, 0x00, 0x00, 0x65, 0x00, 0x00, 0x00, 0x0E, 0x00, 0x00, 0x00, 0x0E,
  0x00, 0x00, 0x00, 0x0E, 0x00, 0x00, 0x00, 0x0E, 0x00, 0x00, 0x00, 0x00, 0x00, 0x00, 0x00, 0x00,
  0x00, 0x00, 0x00, 0x66, 0x00, 0x00, 0x00, 0x13, 0x00, 0x00, 0x00, 0x09, 0x00, 0x00, 0x00, 0x07,
  0x00, 0x00, 0x00, 0x13, 0x00, 0x00, 0x00, 0x00, 0x00, 0x00, 0x00, 0x00, 0x00, 0x00, 0x00, 0x67,
  0x00, 0x00, 0x00, 0x13, 0x00, 0x00, 0x00, 0x0E, 0x00, 0x00, 0x00, 0x0E, 0x00, 0x00, 0x00, 0x0E,
  0x00, 0x00, 0x00, 0x00, 0x00, 0x00, 0x00, 0x00, 0x00, 0x00, 0x00, 0x68, 0x00, 0x00, 0x00, 0x13,
  0x00, 0x00, 0x00, 0x0E, 0x00, 0x00, 0x00, 0x0E, 0x00, 0x00, 0x00, 0x13, 0x00, 0x00, 0x00, 0x00,
  0x00, 0x00, 0x00, 0x00, 0x00, 0x00, 0x00, 0x69, 0x00, 0x00, 0x00, 0x13, 0x00, 0x00, 0x00, 0x06,
  0x00, 0x00, 0x00, 0x06, 0x00, 0x00, 0x00, 0x13, 0x00, 0x00, 0x00, 0x00, 0x00, 0x00, 0x00, 0x00,
  0x00, 0x00, 0x00, 0x6A, 0x00, 0x00, 0x00, 0x18, 0x00, 0x00, 0x00, 0x08, 0x00, 0x00, 0x00, 0x06,
  0x00, 0x00, 0x00, 0x13, 0xFF, 0xFF, 0xFF, 0xFE, 0x00, 0x00, 0x00, 0x00, 0x00, 0x00, 0x00, 0x6B,
  0x00, 0x00, 0x00, 0x13, 0x00, 0x00, 0x00, 0x0D, 0x00, 0x00, 0x00, 0x0D, 0x00, 0x00, 0x00, 0x13,
  0x00, 0x00, 0x00, 0x00, 0x00, 0x00, 0x00, 0x00, 0x00, 0x00, 0x00, 0x6C, 0x00, 0x00, 0x00, 0x13,
  0x00, 0x00, 0x00, 0x06, 0x00, 0x00, 0x00, 0x06, 0x00, 0x00, 0x00, 0x13, 0x00, 0x00, 0x00, 0x00,
  0x00, 0x00, 0x00, 0x00, 0x00, 0x00, 0x00, 0x6D, 0x00, 0x00, 0x00, 0x0E, 0x00, 0x00, 0x00, 0x16,
  0x00, 0x00, 0x00, 0x16, 0x00, 0x00, 0x00, 0x0E, 0x00, 0x00, 0x00, 0x00, 0x00, 0x00, 0x00, 0x00,
  0x00, 0x00, 0x00, 0x6E, 0x00, 0x00, 0x00, 0x0E, 0x00, 0x00, 0x00, 0x0E, 0x00, 0x00, 0x00, 0x0E,
  0x00, 0x00, 0x00, 0x0E, 0x00, 0x00, 0x00, 0x00, 0x00, 0x00, 0x00, 0x00, 0x00, 0x00, 0x00, 0x6F,
  0x00, 0x00, 0x00, 0x0E, 0x00, 0x00, 0x00, 0x0E, 0x00, 0x00, 0x00, 0x0E, 0x00, 0x00, 0x00, 0x0E,
  0x00, 0x00, 0x00, 0x00, 0x00, 0x00, 0x00, 0x00, 0x00, 0x00, 0x00, 0x70, 0x00, 0x00, 0x00, 0x13,
  0x00, 0x00, 0x00, 0x0E, 0x00, 0x00, 0x00, 0x0E, 0x00, 0x00, 0x00, 0x0E, 0x00, 0x00, 0x00, 0x00,
  0x00, 0x00, 0x00, 0x00, 0x00, 0x00, 0x00, 0x71, 0x00, 0x00, 0x00, 0x13, 0x00, 0x00, 0x00, 0x0E,
  0x00, 0x00, 0x00, 0x0E, 0x00, 0x00, 0x00, 0x0E, 0x00, 0x00, 0x00, 0x00, 0x00, 0x00, 0x00, 0x00,
  0x00, 0x00, 0x00, 0x72, 0x00, 0x00, 0x00, 0x0E, 0x00, 0x00, 0x00, 0x0A, 0x00, 0x00, 0x00, 0x09,
  0x00, 0x00, 0x00, 0x0E, 0x00, 0x00, 0x00, 0x00, 0x00, 0x00, 0x00, 0x00, 0x00, 0x00, 0x00, 0x73,
  0x00, 0x00, 0x00, 0x0E, 0x00, 0x00, 0x00, 0x0D, 0x00, 0x00, 0x00, 0x0D, 0x00, 0x00, 0x00, 0x0E,
  0x00, 0x00, 0x00, 0x00, 0x00, 0x00, 0x00, 0x00, 0x00, 0x00, 0x00, 0x74, 0x00, 0x00, 0x00, 0x13,
  0x00, 0x00, 0x00, 0x08, 0x00, 0x00, 0x00, 0x07, 0x00, 0x00, 0x00, 0x13, 0x00, 0x00, 0x00, 0x00,
  0x00, 0x00, 0x00, 0x00, 0x00, 0x00, 0x00, 0x75, 0x00, 0x00, 0x00, 0x0E, 0x00, 0x00, 0x00, 0x0E,
  0x00, 0x00, 0x00, 0x0E, 0x00, 0x00, 0x00, 0x0E, 0x00, 0x00, 0x00, 0x00, 0x00, 0x00, 0x00, 0x00,
  0x00, 0x00, 0x00, 0x76, 0x00, 0x00, 0x00, 0x0E, 0x00, 0x00, 0x00, 0x0D, 0x00, 0x00, 0x00, 0x0D,
  0x00, 0x00, 0x00, 0x0E, 0x00, 0x00, 0x00, 0x00, 0x00, 0x00, 0x00, 0x00, 0x00, 0x00, 0x00, 0x77,
  0x00, 0x00, 0x00, 0x0E, 0x00, 0x00, 0x00, 0x13, 0x00, 0x00, 0x00, 0x13, 0x00, 0x00, 0x00, 0x0E,
  0x00, 0x00, 0x00, 0x00, 0x00, 0x00, 0x00, 0x00, 0x00, 0x00, 0x00, 0x78, 0x00, 0x00, 0x00, 0x0E,
  0x00, 0x00, 0x00, 0x0D, 0x00, 0x00, 0x00, 0x0D, 0x00, 0x00, 0x00, 0x0E, 0x00, 0x00, 0x00, 0x00,
  0x00, 0x00, 0x00, 0x00, 0x00, 0x00, 0x00, 0x79, 0x00, 0x00, 0x00, 0x13, 0x00, 0x00, 0x00, 0x0D,
  0x00, 0x00, 0x00, 0x0D, 0x00, 0x00, 0x00, 0x0E, 0x00, 0x00, 0x00, 0x00, 0x00, 0x00, 0x00, 0x00,
  0x00, 0x00, 0x00, 0x7A, 0x00, 0x00, 0x00, 0x0E, 0x00, 0x00, 0x00, 0x0D, 0x00, 0x00, 0x00, 0x0D,
  0x00, 0x00, 0x00, 0x0E, 0x00, 0x00, 0x00, 0x00, 0x00, 0x00, 0x00, 0x00, 0x00, 0x00, 0x00, 0x7B,
  0x00, 0x00, 0x00, 0x18, 0x00, 0x00, 0x00, 0x09, 0x00, 0x00, 0x00, 0x09, 0x00, 0x00, 0x00, 0x13,
  0x00, 0x00, 0x00, 0x00, 0x00, 0x00, 0x00, 0x00, 0x00, 0x00, 0x00, 0x7C, 0x00, 0x00, 0x00, 0x18,
  0x00, 0x00, 0x00, 0x07, 0x00, 0x00, 0x00, 0x07, 0x00, 0x00, 0x00, 0x13, 0x00, 0x00, 0x00, 0x00,
  0x00, 0x00, 0x00, 0x00, 0x00, 0x00, 0x00, 0x7D, 0x00, 0x00, 0x00, 0x18, 0x00, 0x00, 0x00, 0x09,
  0x00, 0x00, 0x00, 0x09, 0x00, 0x00, 0x00, 0x13, 0x00, 0x00, 0x00, 0x00, 0x00, 0x00, 0x00, 0x00,
  0x00, 0x00, 0x00, 0x7E, 0x00, 0x00, 0x00, 0x0B, 0x00, 0x00, 0x00, 0x0F, 0x00, 0x00, 0x00, 0x0F,
  0x00, 0x00, 0x00, 0x0B, 0x00, 0x00, 0x00, 0x00, 0x00, 0x00, 0x00, 0x00, 0x00, 0x00, 0xC4, 0xFF,
  0xFF, 0x10, 0x00, 0x00, 0x00, 0xC4, 0xFF, 0xFF, 0x10, 0x00, 0x00, 0x00, 0xC4, 0xFF, 0xFF, 0x10,
  0x00, 0x00, 0x00, 0xC4, 0xFF, 0xFF, 0x10, 0x00, 0x00, 0x00, 0xC1, 0xFF, 0xFF, 0x0D, 0x00, 0x00,
  0x00, 0xB2, 0xFF, 0xFD, 0x01, 0x00, 0x00, 0x00, 0xA1, 0xFF, 0xEE, 0x00, 0x00, 0x00, 0x00, 0x90,
  0xFF, 0xDF, 0x00, 0x00, 0x00, 0x00, 0x7F, 0xFF, 0xCF, 0x00, 0x00, 0x00, 0x00, 0x6E, 0xFF, 0xBF,
  0x00, 0x00, 0x00, 0x00, 0x5D, 0xFF, 0xAF, 0x00, 0x00, 0x00, 0x00, 0x4C, 0xFF, 0x9F, 0x00, 0x00,
  0x00, 0x00, 0x3B, 0xFF, 0x8F, 0x00, 0x00, 0x00, 0x00, 0x2A, 0xFF, 0x7F, 0x00, 0x00, 0x00, 0x00,
  0x19, 0xFF, 0x6F, 0x00, 0x00, 0x00, 0x00, 0x00, 0x00, 0x00, 0x00, 0x00, 0x00, 0x00, 0x00, 0x00,
  0x00, 0x00, 0x00, 0x00, 0x00, 0xA8, 0xFF, 0xF8, 0x00, 0x00, 0x00, 0x00, 0xA8, 0xFF, 0xF8, 0x00,
  0x00, 0x00, 0xD0, 0xFF, 0xCC, 0x00, 0x98, 0xFF, 0xFF, 0x04, 0x00, 0xD0, 0xFF, 0xCC, 0x00, 0x98,
  0xFF, 0xFF, 0x04, 0x00, 0xD0, 0xFF, 0xCC, 0x00, 0x98, 0xFF, 0xFF, 0x04, 0x00, 0xC3, 0xFF, 0xC0,
  0x00, 0x8B, 0xFF, 0xF6, 0x01, 0x00, 0x99, 0xFF, 0x99, 0x00, 0x62, 0xFF, 0xCF, 0x00, 0x00, 0x6E,
  0xFF, 0x72, 0x00, 0x38, 0xFF, 0xA5, 0x00, 0x00, 0x42, 0xFF, 0x4B, 0x00, 0x0E, 0xFF, 0x7C, 0x00,
  0x00, 0x00, 0x00, 0x00, 0x00, 0x00, 0x00, 0x00, 0x00, 0x00, 0x00, 0x00, 0x00, 0x00, 0x00, 0x00,
  0x00, 0x00, 0x00, 0x00, 0x00, 0x00, 0x00, 0x00, 0x00, 0x00, 0x00, 0x00, 0x00, 0x00, 0x00, 0x00,
  0x00, 0x00, 0x00, 0x00, 0x00, 0x00, 0x00, 0x00, 0x00, 0x00, 0x00, 0x00, 0x00, 0x00, 0x00, 0x00,
  0x00, 0x00, 0x00, 0x00, 0x00, 0x00, 0x00, 0x00, 0x00, 0x00, 0x00, 0x00, 0x00, 0x00, 0x00, 0x00,
  0x00, 0x00, 0x00, 0x00, 0x00, 0x00, 0x00, 0x00, 0x00, 0x00, 0x00, 0x00, 0x00, 0x00, 0x00, 0x00,
  0x00, 0x00, 0x00, 0x00, 0x00, 0x00, 0x00, 0x00, 0x00, 0x00, 0x00, 0x00, 0x00, 0x00, 0x00, 0x00,
  0x00, 0x00, 0x00, 0x00, 0x00, 0x00, 0x00, 0x00, 0x00, 0x00, 0x00, 0x00, 0x00, 0x00, 0x00, 0x00,
  0x00, 0xE3, 0xFB, 0x09, 0x00, 0x00, 0x04, 0xF6, 0xEC, 0x00, 0x00, 0x00, 0x00, 0x00, 0x00, 0x17,
  0xFF, 0xD0, 0x00, 0x00, 0x00, 0x2F, 0xFF, 0xB8, 0x00, 0x00, 0x00, 0x00, 0x00, 0x00, 0x4C, 0xFF,
  0x9B, 0x00, 0x00, 0x00, 0x64, 0xFF, 0x83, 0x00, 0x00, 0x00, 0x00, 0x00, 0x00, 0x81, 0xFF, 0x66,
  0x00, 0x00, 0x00, 0x99, 0xFF, 0x4E, 0x00, 0x00, 0x00, 0x00, 0x00, 0x00, 0xB6, 0xFF, 0x32, 0x00,
  0x00, 0x00, 0xCE, 0xFF, 0x1A, 0x00, 0x00, 0xBC, 0xFF, 0xFF, 0xFF, 0xFF, 0xFF, 0xFF, 0xFF, 0xFF,
  0xFF, 0xFF, 0xFF, 0xFF, 0xFF, 0x20, 0xBC, 0xFF, 0xFF, 0xFF, 0xFF, 0xFF, 0xFF, 0xFF, 0xFF, 0xFF,
  0xFF, 0xFF, 0xFF, 0xFF, 0x20, 0x00, 0x00, 0x00, 0x53, 0xFF, 0x95, 0x00, 0x00, 0x00, 0x6B, 0xFF,
  0x7C, 0x00, 0x00, 0x00, 0x00, 0x00, 0x00, 0x87, 0xFF, 0x60, 0x00, 0x00, 0x00, 0x9F, 0xFF, 0x47,
  0x00, 0x00, 0x00, 0x00, 0x00, 0x00, 0xBC, 0xFF, 0x2B, 0x00, 0x00, 0x00, 0xD4, 0xFF, 0x12, 0x00,
  0x00, 0x00, 0x00, 0x00, 0x01, 0xEF, 0xF4, 0x02, 0x00, 0x00, 0x0B, 0xFD, 0xDC, 0x00, 0x00, 0x00,
  0x00, 0x00, 0x00, 0x26, 0xFF, 0xC2, 0x00, 0x00, 0x00, 0x3E, 0xFF, 0xA6, 0x00, 0x00, 0x00, 0x00,
  0xBC, 0xFF, 0xFF, 0xFF, 0xFF, 0xFF, 0xFF, 0xFF, 0xFF, 0xFF, 0xFF, 0xFF, 0xFF, 0xFF, 0x20, 0xBC,
  0xFF, 0xFF, 0xFF, 0xFF, 0xFF, 0xFF, 0xFF, 0xFF, 0xFF, 0xFF, 0xFF, 0xFF, 0xFF, 0x20, 0x00, 0x00,
  0xC3, 0xFF, 0x25, 0x00, 0x00, 0x00, 0xDB, 0xFD, 0x0B, 0x00, 0x00, 0x00, 0x00, 0x00, 0x02, 0xF4,
  0xEF, 0x01, 0x00, 0x00, 0x10, 0xFE, 0xD4, 0x00, 0x00, 0x00, 0x00, 0x00, 0x00, 0x2C, 0xFF, 0xBB,
  0x00, 0x00, 0x00, 0x44, 0xFF, 0x9F, 0x00, 0x00, 0x00, 0x00, 0x00, 0x00, 0x61, 0xFF, 0x86, 0x00,
  0x00, 0x00, 0x79, 0xFF, 0x6A, 0x00, 0x00, 0x00, 0x00, 0x00, 0x00, 0x96, 0xFF, 0x52, 0x00, 0x00,
  0x00, 0xAE, 0xFF, 0x36, 0x00, 0x00, 0x00, 0x00, 0x00, 0x00, 0x00, 0x00, 0x00, 0x00, 0x00, 0x88,
  0xD4, 0x00, 0x00, 0x00, 0x00, 0x00, 0x00, 0x00, 0x00, 0x00, 0x24, 0x94, 0xD8, 0xFB, 0xFF, 0xD6,
  0x92, 0x16, 0x00, 0x00, 0x00, 0x00, 0x00, 0x47, 0xF6, 0xFF, 0xFF, 0xFF, 0xFF, 0xFF, 0xFF, 0xEE,
  0x38, 0x00, 0x00, 0x00, 0x15, 0xEF, 0xFF, 0xDF, 0x4F, 0x90, 0xD5, 0x3F, 0xD7, 0xFF, 0xE5, 0x0D,
  0x00, 0x00, 0x72, 0xFF, 0xF4, 0x1F, 0x00, 0x88, 0xD4, 0x00, 0x20, 0xF7, 0xFF, 0x69, 0x00, 0x00,
  0xA0, 0xFF, 0xB3, 0x00, 0x00, 0x88, 0xD4, 0x00, 0x00, 0xB6, 0xFF, 0xAE, 0x00, 0x00, 0x9D, 0xFF,
  0xAF, 0x00, 0x00, 0x88, 0xD4, 0x00, 0x00, 0x00, 0x00, 0x00, 0x00, 0x00, 0x6A, 0xFF, 0xF1, 0x17,
  0x00, 0x88, 0xD4, 0x00, 0x00, 0x00, 0x00, 0x00, 0x00, 0x00, 0x0F, 0xE3, 0xFF, 0xDE, 0x58, 0x94,
  0xD4, 0x00, 0x00, 0x00, 0x00, 0x00, 0x00, 0x00, 0x00, 0x2C, 0xD8, 0xFF, 0xFF, 0xFF, 0xF4, 0x9D,
  0x5D, 0x0C, 0x00, 0x00, 0x00, 0x00, 0x00, 0x00, 0x05, 0x60, 0xC2, 0xFC, 0xFF, 0xFF, 0xFF, 0xEA,
  0x53, 0x00, 0x00, 0x00, 0x00, 0x00, 0x00, 0x00, 0x00, 0x88, 0xE3, 0x81, 0xDE, 0xFF, 0xFD, 0x49,
  0x00, 0x00, 0x00, 0x00, 0x00, 0x00, 0x00, 0x88, 0xD4, 0x00, 0x07, 0xBE, 0xFF, 0xD6, 0x00, 0x00,
  0x00, 0x00, 0x00, 0x00, 0x00, 0x88, 0xD4, 0x00, 0x00, 0x43, 0xFF, 0xFF, 0x20, 0x05, 0xFA, 0xFF,
  0x55, 0x00, 0x00, 0x88, 0xD4, 0x00, 0x00, 0x26, 0xFF, 0xFF, 0x36, 0x00, 0xD4, 0xFF, 0x98, 0x00,
  0x00, 0x88, 0xD4, 0x00, 0x00, 0x4C, 0xFF, 0xFF, 0x20, 0x00, 0x7C, 0xFF, 0xF7, 0x21, 0x00, 0x88,
  0xD4, 0x00, 0x02, 0xC4, 0xFF, 0xDC, 0x00, 0x00, 0x13, 0xE6, 0xFF, 0xE0, 0x4A, 0x8D, 0xD5, 0x33,
  0xB8, 0xFF, 0xFF, 0x5A, 0x00, 0x00, 0x00, 0x39, 0xEB, 0xFF, 0xFF, 0xFF, 0xFF, 0xFF, 0xFF, 0xFF,
  0x83, 0x00, 0x00, 0x00, 0x00, 0x00, 0x19, 0x82, 0xCD, 0xFA, 0xFF, 0xEA, 0xB0, 0x41, 0x00, 0x00,
  0x00, 0x00, 0x00, 0x00, 0x00, 0x00, 0x00, 0x88, 0xD4, 0x00, 0x00, 0x00, 0x00, 0x00, 0x00, 0x00,
  0x00, 0x00, 0x00, 0x00, 0x00, 0x88, 0xD4, 0x00, 0x00, 0x00, 0x00, 0x00, 0x00, 0x00, 0x00, 0x01,
  0x78, 0xDF, 0xF9, 0xD5, 0x61, 0x00, 0x00, 0x00, 0x00, 0x00, 0x00, 0x00, 0x99, 0xFF, 0x43, 0x00,
  0x00, 0x00, 0x00, 0x00, 0x00, 0x00, 0x7C, 0xFF, 0xFF, 0xFF, 0xFF, 0xFF, 0x74, 0x00, 0x00, 0x00,
  0x00, 0x00, 0x26, 0xFB, 0xBA, 0x00, 0x00, 0x00, 0x00, 0x00, 0x00, 0x00, 0x0F, 0xF0, 0xFB, 0x5B,
  0x0D, 0x5E, 0xFE, 0xF6, 0x11, 0x00, 0x00, 0x00, 0x00, 0xAB, 0xFE, 0x33, 0x00, 0x00, 0x00, 0x00,
  0x00, 0x00, 0x00, 0x4E, 0xFF, 0xB0, 0x00, 0x00, 0x00, 0xB9, 0xFF, 0x51, 0x00, 0x00, 0x00, 0x34,
  0xFF, 0xA9, 0x00, 0x00, 0x00, 0x00, 0x00, 0x00, 0x00, 0x00, 0x6F, 0xFF, 0x87, 0x00, 0x00, 0x00,
  0x8F, 0xFF, 0x6F, 0x00, 0x00, 0x00, 0xBD, 0xFB, 0x25, 0x00, 0x00, 0x00, 0x00, 0x00, 0x00, 0x00,
  0x00, 0x73, 0xFF, 0x8B, 0x00, 0x00, 0x00, 0x8C, 0xFF, 0x6F, 0x00, 0x00, 0x46, 0xFF, 0x98, 0x00,
  0x00, 0x00, 0x00, 0x00, 0x00, 0x00, 0x00, 0x00, 0x53, 0xFF, 0xB3, 0x00, 0x00, 0x00, 0xB5, 0xFF,
  0x4F, 0x00, 0x01, 0xCD, 0xF5, 0x19, 0x00, 0x00, 0x00, 0x00, 0x00, 0x00, 0x00, 0x00, 0x00, 0x13,
  0xF8, 0xFD, 0x59, 0x0D, 0x5D, 0xFD, 0xF4, 0x0F, 0x00, 0x58, 0xFF, 0x86, 0x00, 0x00, 0x00, 0x00,
  0x00, 0x00, 0x00, 0x00, 0x00, 0x00, 0x00, 0x7E, 0xFF, 0xFF, 0xFF, 0xFF, 0xFF, 0x6C, 0x00, 0x05,
  0xDB, 0xEE, 0x10, 0x00, 0x00, 0x00, 0x00, 0x00, 0x00, 0x00, 0x00, 0x00, 0x00, 0x00, 0x00, 0x6D,
  0xDC, 0xF9, 0xD6, 0x5D, 0x00, 0x00, 0x6A, 0xFF, 0x75, 0x00, 0x00, 0x73, 0xDD, 0xF9, 0xD8, 0x69,
  0x00, 0x00, 0x00, 0x00, 0x00, 0x00, 0x00, 0x00, 0x00, 0x00, 0x00, 0x00, 0x0B, 0xE7, 0xE4, 0x08,
  0x00, 0x74, 0xFF, 0xFF, 0xFF, 0xFF, 0xFF, 0x80, 0x00, 0x00, 0x00, 0x00, 0x00, 0x00, 0x00, 0x00,
  0x00, 0x00, 0x00, 0x7C, 0xFF, 0x64, 0x00, 0x0B, 0xEC, 0xFE, 0x63, 0x0D, 0x55, 0xFC, 0xFA, 0x19,
  0x00, 0x00, 0x00, 0x00, 0x00, 0x00, 0x00, 0x00, 0x00, 0x13, 0xF1, 0xD8, 0x03, 0x00, 0x46, 0xFF,
  0xBC, 0x00, 0x00, 0x00, 0xAD, 0xFF, 0x5D, 0x00, 0x00, 0x00, 0x00, 0x00, 0x00, 0x00, 0x00, 0x00,
  0x8E, 0xFF, 0x53, 0x00, 0x00, 0x67, 0xFF, 0x93, 0x00, 0x00, 0x00, 0x83, 0xFF, 0x7B, 0x00, 0x00,
  0x00, 0x00, 0x00, 0x00, 0x00, 0x00, 0x1E, 0xF8, 0xC9, 0x00, 0x00, 0x00, 0x6B, 0xFF, 0x97, 0x00,
  0x00, 0x00, 0x7F, 0xFF, 0x7B, 0x00, 0x00, 0x00, 0x00, 0x00, 0x00, 0x00, 0x00, 0xA0, 0xFF, 0x42,
  0x00, 0x00, 0x00, 0x4B, 0xFF, 0xBF, 0x00, 0x00, 0x00, 0xA7, 0xFF, 0x5B, 0x00, 0x00, 0x00, 0x00,
  0x00, 0x00, 0x00, 0x2C, 0xFD, 0xB9, 0x00, 0x00, 0x00, 0x00, 0x0E, 0xF5, 0xFF, 0x61, 0x0D, 0x53,
  0xF9, 0xF9, 0x16, 0x00, 0x00, 0x00, 0x00, 0x00, 0x00, 0x00, 0xB2, 0xFE, 0x32, 0x00, 0x00, 0x00,
  0x00, 0x00, 0x76, 0xFF, 0xFF, 0xFF, 0xFF, 0xFF, 0x78, 0x00, 0x00, 0x00, 0x00, 0x00, 0x00, 0x00,
  0x3B, 0xFF, 0xA8, 0x00, 0x00, 0x00, 0x00, 0x00, 0x00, 0x00, 0x68, 0xDA, 0xFA, 0xD8, 0x65, 0x00,
  0x00, 0x00, 0x00, 0x00, 0x00, 0x00, 0x00, 0x49, 0xBF, 0xF3, 0xF6, 0xC6, 0x4F, 0x00, 0x00, 0x00,
  0x00, 0x00, 0x00, 0x00, 0x00, 0x00, 0x00, 0x71, 0xFF, 0xFF, 0xFF, 0xFF, 0xFF, 0xFF, 0x6D, 0x00,
  0x00, 0x00, 0x00, 0x00, 0x00, 0x00, 0x00, 0x26, 0xFC, 0xFF, 0x9F, 0x16, 0x1F, 0xBB, 0xFF, 0xF7,
  0x17, 0x00, 0x00, 0x00, 0x00, 0x00, 0x00, 0x00, 0x76, 0xFF, 0xED, 0x06, 0x00, 0x00, 0x1B, 0xFF,
  0xFF, 0x57, 0x00, 0x00, 0x00, 0x00, 0x00, 0x00, 0x00, 0x81, 0xFF, 0xDF, 0x00, 0x00, 0x00, 0x00,
  0xF9, 0xFF, 0x55, 0x00, 0x00, 0x00, 0x00, 0x00, 0x00, 0x00, 0x48, 0xFF, 0xFF, 0x3A, 0x00, 0x00,
  0x36, 0xFF, 0xFB, 0x1D, 0x00, 0x00, 0x00, 0x00, 0x00, 0x00, 0x00, 0x02, 0xC9, 0xFF, 0xD7, 0x0D,
  0x1D, 0xD7, 0xFF, 0x8D, 0x00, 0x00, 0x00, 0x00, 0x00, 0x00, 0x00, 0x00, 0x00, 0x27, 0xF1, 0xFF,
  0xC4, 0xEC, 0xFF, 0x9D, 0x02, 0x00, 0x00, 0x00, 0x00, 0x00, 0x00, 0x00, 0x00, 0x00, 0x28, 0xCA,
  0xFF, 0xFF, 0xFD, 0x57, 0x00, 0x00, 0x00, 0x00, 0x00, 0x00, 0x00, 0x00, 0x00, 0x01, 0x7A, 0xFA,
  0xFF, 0xF3, 0xFF, 0xFF, 0x7E, 0x00, 0x00, 0x00, 0x00, 0x00, 0x00, 0x00, 0x00, 0x00, 0x93, 0xFF,
  0xFF, 0x97, 0x0E, 0xB2, 0xFF, 0xFD, 0x49, 0x00, 0x02, 0x88, 0x56, 0x15, 0x00, 0x00, 0x4A, 0xFF,
  0xFF, 0x78, 0x00, 0x00, 0x0E, 0xD7, 0xFF, 0xEE, 0x23, 0x35, 0xFF, 0xFF, 0x46, 0x00, 0x00, 0xB2,
  0xFF, 0xD6, 0x02, 0x00, 0x00, 0x00, 0x26, 0xF0, 0xFF, 0xD1, 0xA1, 0xFF, 0xED, 0x04, 0x00, 0x00,
  0xDA, 0xFF, 0x9F, 0x00, 0x00, 0x00, 0x00, 0x00, 0x4B, 0xFD, 0xFF, 0xFF, 0xFF, 0x82, 0x00, 0x00,
  0x00, 0xCA, 0xFF, 0xC8, 0x00, 0x00, 0x00, 0x00, 0x00, 0x00, 0x7B, 0xFF, 0xFF, 0xF7, 0x0E, 0x00,
  0x00, 0x00, 0x83, 0xFF, 0xFF, 0x48, 0x00, 0x00, 0x00, 0x00, 0x01, 0x8F, 0xFF, 0xFF, 0xFF, 0x98,
  0x00, 0x00, 0x00, 0x13, 0xE6, 0xFF, 0xEE, 0x5B, 0x0D, 0x0F, 0x4B, 0xC4, 0xFF, 0xFE, 0xCD, 0xFF,
  0xFF, 0xA3, 0x0A, 0x00, 0x00, 0x30, 0xE7, 0xFF, 0xFF, 0xFF, 0xFF, 0xFF, 0xFF, 0xF0, 0x57, 0x04,
  0xAA, 0xFF, 0xFF, 0x78, 0x00, 0x00, 0x00, 0x12, 0x84, 0xD3, 0xF5, 0xF3, 0xD2, 0x84, 0x17, 0x00,
  0x00, 0x02, 0x7C, 0xA4, 0x02, 0x00, 0xDC, 0xFF, 0xC0, 0x00, 0x00, 0xDC, 0xFF, 0xC0, 0x00, 0x00,
  0xDC, 0xFF, 0xC0, 0x00, 0x00, 0xD2, 0xFF, 0xB5, 0x00, 0x00, 0xAB, 0xFF, 0x8D, 0x00, 0x00, 0x82,
  0xFF, 0x63, 0x00, 0x00, 0x59, 0xFF, 0x39, 0x00, 0x00, 0x00, 0x00, 0x00, 0x00, 0x00, 0x00, 0x00,
  0x00, 0x00, 0x00, 0x00, 0x00, 0x00, 0x00, 0x00, 0x00, 0x00, 0x00, 0x00, 0x00, 0x00, 0x00, 0x00,
  0x00, 0x00, 0x00, 0x00, 0x00, 0x00, 0x00, 0x00, 0x00, 0x00, 0x00, 0x00, 0x00, 0x00, 0x00, 0x00,
  0x00, 0x00, 0x00, 0x00, 0x00, 0x00, 0x00, 0x00, 0x00, 0x00, 0x00, 0x00, 0x00, 0x00, 0x00, 0x00,
  0x00, 0x00, 0x00, 0x00, 0x00, 0x00, 0x00, 0x00, 0x00, 0x47, 0xFE, 0x6C, 0x00, 0x00, 0x00, 0x00,
  0x00, 0x12, 0xE7, 0xD6, 0x03, 0x00, 0x00, 0x00, 0x00, 0x00, 0x9B, 0xFF, 0x4B, 0x00, 0x00, 0x00,
  0x00, 0x00, 0x2F, 0xFE, 0xCA, 0x00, 0x00, 0x00, 0x00, 0x00, 0x00, 0xB0, 0xFF, 0x5F, 0x00, 0x00,
  0x00, 0x00, 0x00, 0x22, 0xFE, 0xF4, 0x0A, 0x00, 0x00, 0x00, 0x00, 0x00, 0x80, 0xFF, 0xB2, 0x00,
  0x00, 0x00, 0x00, 0x00, 0x00, 0xC5, 0xFF, 0x70, 0x00, 0x00, 0x00, 0x00, 0x00, 0x0C, 0xFA, 0xFF,
  0x42, 0x00, 0x00, 0x00, 0x00, 0x00, 0x37, 0xFF, 0xFF, 0x17, 0x00, 0x00, 0x00, 0x00, 0x00, 0x4D,
  0xFF, 0xFE, 0x02, 0x00, 0x00, 0x00, 0x00, 0x00, 0x62, 0xFF, 0xF3, 0x00, 0x00, 0x00, 0x00, 0x00,
  0x00, 0x66, 0xFF, 0xF5, 0x00, 0x00, 0x00, 0x00, 0x00, 0x00, 0x58, 0xFF, 0xFF, 0x09, 0x00, 0x00,
  0x00, 0x00, 0x00, 0x38, 0xFF, 0xFF, 0x1D, 0x00, 0x00, 0x00, 0x00, 0x00, 0x0E, 0xFD, 0xFF, 0x45,
  0x00, 0x00, 0x00, 0x00, 0x00, 0x00, 0xCD, 0xFF, 0x82, 0x00, 0x00, 0x00, 0x00, 0x00, 0x00, 0x7E,
  0xFF, 0xC0, 0x00, 0x00, 0x00, 0x00, 0x00, 0x00, 0x20, 0xFC, 0xFA, 0x16, 0x00, 0x00, 0x00, 0x00,
  0x00, 0x00, 0xA3, 0xFF, 0x75, 0x00, 0x00, 0x00, 0x00, 0x00, 0x00, 0x27, 0xFD, 0xDA, 0x00, 0x00,
  0x00, 0x00, 0x00, 0x00, 0x00, 0x9E, 0xFF, 0x54, 0x00, 0x00, 0x00, 0x00, 0x00, 0x00, 0x10, 0xE3,
  0xDC, 0x06, 0x00, 0x00, 0x00, 0x00, 0x00, 0x00, 0x45, 0xFE, 0x70, 0x00, 0x00, 0x27, 0xFA, 0x92,
  0x00, 0x00, 0x00, 0x00, 0x00, 0x00, 0x00, 0x8E, 0xFF, 0x46, 0x00, 0x00, 0x00, 0x00, 0x00, 0x00,
  0x11, 0xEF, 0xDD, 0x09, 0x00, 0x00, 0x00, 0x00, 0x00, 0x00, 0x7F, 0xFF, 0x79, 0x00, 0x00, 0x00,
  0x00, 0x00, 0x00, 0x19, 0xFC, 0xED, 0x0D, 0x00, 0x00, 0x00, 0x00, 0x00, 0x00, 0xB5, 0xFF, 0x6B,
  0x00, 0x00, 0x00, 0x00, 0x00, 0x00, 0x69, 0xFF, 0xCB, 0x00, 0x00, 0x00, 0x00, 0x00, 0x00, 0x26,
  0xFF, 0xFD, 0x12, 0x00, 0x00, 0x00, 0x00, 0x00, 0x02, 0xF5, 0xFF, 0x52, 0x00, 0x00, 0x00, 0x00,
  0x00, 0x00, 0xCC, 0xFF, 0x82, 0x00, 0x00, 0x00, 0x00, 0x00, 0x00, 0xB6, 0xFF, 0x97, 0x00, 0x00,
  0x00, 0x00, 0x00, 0x00, 0xA7, 0xFF, 0xAD, 0x00, 0x00, 0x00, 0x00, 0x00, 0x00, 0xAB, 0xFF, 0xB1,
  0x00, 0x00, 0x00, 0x00, 0x00, 0x00, 0xBF, 0xFF, 0xA3, 0x00, 0x00, 0x00, 0x00, 0x00, 0x00, 0xD3,
  0xFF, 0x82, 0x00, 0x00, 0x00, 0x00, 0x00, 0x05, 0xF6, 0xFF, 0x55, 0x00, 0x00, 0x00, 0x00, 0x00,
  0x38, 0xFF, 0xFF, 0x16, 0x00, 0x00, 0x00, 0x00, 0x00, 0x75, 0xFF, 0xC5, 0x00, 0x00, 0x00, 0x00,
  0x00, 0x00, 0xC6, 0xFF, 0x65, 0x00, 0x00, 0x00, 0x00, 0x00, 0x2B, 0xFF, 0xE4, 0x07, 0x00, 0x00,
  0x00, 0x00, 0x00, 0x90, 0xFF, 0x6C, 0x00, 0x00, 0x00, 0x00, 0x00, 0x16, 0xF2, 0xDF, 0x08, 0x00,
  0x00, 0x00, 0x00, 0x00, 0x98, 0xFE, 0x3F, 0x00, 0x00, 0x00, 0x00, 0x00, 0x29, 0xFC, 0x8F, 0x00,
  0x00, 0x00, 0x00, 0x00, 0x00, 0x00, 0x00, 0x00, 0xE7, 0xE3, 0x00, 0x00, 0x00, 0x00, 0x00, 0x00,
  0x00, 0x00, 0xD6, 0xD1, 0x00, 0x00, 0x00, 0x00, 0x00, 0xA1, 0x7E, 0x16, 0xC1, 0xB7, 0x17, 0x7E,
  0xA3, 0x00, 0x0F, 0xFA, 0xFF, 0xF5, 0xE8, 0xE6, 0xF6, 0xFF, 0xFB, 0x11, 0x01, 0x26, 0x5E, 0xAA,
  0xFF, 0xFF, 0xAC, 0x6F, 0x30, 0x01, 0x00, 0x00, 0x11, 0xD3, 0xDF, 0xE6, 0xD3, 0x13, 0x00, 0x00,
  0x00, 0x06, 0xC1, 0xFF, 0x51, 0x54, 0xFF, 0xC7, 0x09, 0x00, 0x00, 0x01, 0x72, 0xA1, 0x00, 0x00,
  0x9F, 0x77, 0x03, 0x00, 0x00, 0x00, 0x00, 0x00, 0x00, 0x00, 0x00, 0x00, 0x00, 0x00, 0x00, 0x00,
  0x00, 0x00, 0x00, 0x00, 0x00, 0x00, 0x00, 0x00, 0x00, 0x00, 0x00, 0x00, 0x00, 0x00, 0x00, 0x00,
  0x00, 0x00, 0x00, 0x00, 0x00, 0x00, 0x00, 0x00, 0x00, 0x00, 0x00, 0x00, 0x00, 0x00, 0x00, 0x00,
  0x00, 0x00, 0x00, 0x00, 0x00, 0x00, 0x00, 0x00, 0x00, 0x00, 0x00, 0x00, 0x00, 0x00, 0x00, 0x00,
  0x00, 0x00, 0x00, 0x00, 0x00, 0x00, 0x00, 0x00, 0x00, 0x00, 0x00, 0x00, 0x00, 0x00, 0x00, 0x00,
  0x00, 0x00, 0x00, 0x00, 0x00, 0x00, 0x00, 0x00, 0x00, 0x00, 0x00, 0x00, 0x00, 0x00, 0x00, 0x00,
  0x00, 0x00, 0x00, 0x00, 0x00, 0x00, 0x00, 0x00, 0x00, 0x00, 0x00, 0x00, 0x00, 0x00, 0x00, 0x00,
  0x00, 0x00, 0x00, 0x00, 0x00, 0x00, 0x00, 0x00, 0x7C, 0xFF, 0xAC, 0x00, 0x00, 0x00, 0x00, 0x00,
  0x00, 0x00, 0x00, 0x00, 0x00, 0x00, 0x00, 0x7C, 0xFF, 0xAC, 0x00, 0x00, 0x00, 0x00, 0x00, 0x00,
  0x00, 0x00, 0x00, 0x00, 0x00, 0x00, 0x7C, 0xFF, 0xAC, 0x00, 0x00, 0x00, 0x00, 0x00, 0x00, 0x00,
  0x00, 0x00, 0x00, 0x00, 0x00, 0x7C, 0xFF, 0xAC, 0x00, 0x00, 0x00, 0x00, 0x00, 0x00, 0x00, 0x00,
  0x00, 0x00, 0x00, 0x00, 0x7C, 0xFF, 0xAC, 0x00, 0x00, 0x00, 0x00, 0x00, 0x00, 0x00, 0x8C, 0xFF,
  0xFF, 0xFF, 0xFF, 0xFF, 0xFF, 0xFF, 0xFF, 0xFF, 0xFF, 0xFF, 0xBC, 0x00, 0x00, 0x8C, 0xFF, 0xFF,
  0xFF, 0xFF, 0xFF, 0xFF, 0xFF, 0xFF, 0xFF, 0xFF, 0xFF, 0xBC, 0x00, 0x00, 0x00, 0x00, 0x00, 0x00,
  0x00, 0x7C, 0xFF, 0xAC, 0x00, 0x00, 0x00, 0x00, 0x00, 0x00, 0x00, 0x00, 0x00, 0x00, 0x00, 0x00,
  0x7C, 0xFF, 0xAC, 0x00, 0x00, 0x00, 0x00, 0x00, 0x00, 0x00, 0x00, 0x00, 0x00, 0x00, 0x00, 0x7C,
  0xFF, 0xAC, 0x00, 0x00, 0x00, 0x00, 0x00, 0x00, 0x00, 0x00, 0x00, 0x00, 0x00, 0x00, 0x7C, 0xFF,
  0xAC, 0x00, 0x00, 0x00, 0x00, 0x00, 0x00, 0x00, 0x00, 0x00, 0x00, 0x00, 0x00, 0x7C, 0xFF, 0xAC,
  0x00, 0x00, 0x00, 0x00, 0x00, 0x00, 0x00, 0x00, 0x00, 0x00, 0x00, 0x00, 0x00, 0x00, 0x00, 0x00,
  0x00, 0x00, 0x00, 0x00, 0x00, 0x00, 0x00, 0x00, 0x00, 0x00, 0x00, 0x00, 0x00, 0x00, 0x00, 0x00,
  0x00, 0x00, 0x00, 0x00, 0x00, 0x00, 0x00, 0x00, 0x00, 0x00, 0x00, 0x00, 0x00, 0x00, 0x00, 0x00,
  0x00, 0x00, 0x00, 0x00, 0x00, 0xB0, 0xFF, 0xE8, 0x00, 0x00, 0x00, 0x00, 0xB0, 0xFF, 0xE8, 0x00,
  0x00, 0x00, 0x00, 0x00, 0x71, 0xDB, 0x00, 0x00, 0x00, 0x00, 0x00, 0x9E, 0xB9, 0x00, 0x00, 0x00,
  0x00, 0x42, 0xF8, 0x58, 0x00, 0x00, 0x00, 0x00, 0x82, 0x81, 0x00, 0x00, 0x00, 0x2C, 0xFF, 0xFF,
  0xFF, 0xFF, 0xFF, 0xFF, 0xD8, 0x00, 0x2C, 0xFF, 0xFF, 0xFF, 0xFF, 0xFF, 0xFF, 0xD8, 0x00, 0x00,
  0x00, 0x00, 0x00, 0x00, 0x00, 0x00, 0x00, 0x00, 0x00, 0x00, 0x00, 0x00, 0x00, 0x00, 0x00, 0x00,
  0x00, 0x00, 0x00, 0x00, 0x00, 0x00, 0x00, 0x00, 0x00, 0x00, 0x00, 0x00, 0x00, 0x00, 0x00, 0x00,
  0x00, 0x00, 0x00, 0x00, 0x00, 0x00, 0x00, 0x00, 0x00, 0x00, 0x00, 0x00, 0x00, 0x00, 0x00, 0x00,
  0x00, 0x00, 0x00, 0x00, 0x00, 0x00, 0x00, 0xA4, 0xFF, 0xF8, 0x00, 0x00, 0x00, 0x00, 0xA4, 0xFF,
  0xF8, 0x00, 0x00, 0x00, 0x00, 0x00, 0x00, 0x00, 0xC1, 0xFE, 0x15, 0x00, 0x00, 0x00, 0x00, 0x0E,
  0xFA, 0xCB, 0x00, 0x00, 0x00, 0x00, 0x00, 0x52, 0xFF, 0x82, 0x00, 0x00, 0x00, 0x00, 0x00, 0x9A,
  0xFF, 0x3A, 0x00, 0x00, 0x00, 0x00, 0x00, 0xE2, 0xEE, 0x03, 0x00, 0x00, 0x00, 0x00, 0x2C, 0xFF,
  0xA9, 0x00, 0x00, 0x00, 0x00, 0x00, 0x74, 0xFF, 0x61, 0x00, 0x00, 0x00, 0x00, 0x00, 0xBD, 0xFF,
  0x19, 0x00, 0x00, 0x00, 0x00, 0x0B, 0xF9, 0xD0, 0x00, 0x00, 0x00, 0x00, 0x00, 0x4E, 0xFF, 0x87,
  0x00, 0x00, 0x00, 0x00, 0x00, 0x97, 0xFF, 0x3F, 0x00, 0x00, 0x00, 0x00, 0x00, 0xDF, 0xF1, 0x05,
  0x00, 0x00, 0x00, 0x00, 0x28, 0xFF, 0xAE, 0x00, 0x00, 0x00, 0x00, 0x00, 0x71, 0xFF, 0x66, 0x00,
  0x00, 0x00, 0x00, 0x00, 0xB9, 0xFF, 0x1E, 0x00, 0x00, 0x00, 0x00, 0x0A, 0xF7, 0xD5, 0x00, 0x00,
  0x00, 0x00, 0x00, 0x4B, 0xFF, 0x8C, 0x00, 0x00, 0x00, 0x00, 0x00, 0x93, 0xFF, 0x44, 0x00, 0x00,
  0x00, 0x00, 0x00, 0xDC, 0xF4, 0x07, 0x00, 0x00, 0x00, 0x00, 0x00, 0x00, 0x00, 0x00, 0x00, 0x5C,
  0xC4, 0xF3, 0xF5, 0xD3, 0x7A, 0x09, 0x00, 0x00, 0x00, 0x00, 0x00, 0x00, 0x96, 0xFF, 0xFF, 0xFF,
  0xFF, 0xFF, 0xFF, 0xD3, 0x12, 0x00, 0x00, 0x00, 0x00, 0x68, 0xFF, 0xFE, 0x7D, 0x16, 0x0C, 0x5D,
  0xEF, 0xFF, 0xB3, 0x00, 0x00, 0x00, 0x06, 0xE4, 0xFF, 0x87, 0x00, 0x00, 0x00, 0x00, 0x3E, 0xFF,
  0xFF, 0x3A, 0x00, 0x00, 0x53, 0xFF, 0xFB, 0x12, 0x00, 0x00, 0x00, 0x00, 0x00, 0xBC, 0xFF, 0x97,
  0x00, 0x00, 0x94, 0xFF, 0xC7, 0x00, 0x00, 0x00, 0x00, 0x00, 0x00, 0x75, 0xFF, 0xE0, 0x00, 0x00,
  0xBE, 0xFF, 0x9C, 0x00, 0x00, 0x00, 0x00, 0x00, 0x00, 0x4E, 0xFF, 0xFF, 0x0B, 0x00, 0xD8, 0xFF,
  0x80, 0x00, 0x00, 0x00, 0x00, 0x00, 0x00, 0x33, 0xFF, 0xFF, 0x24, 0x00, 0xE6, 0xFF, 0x74, 0x00,
  0x00, 0x00, 0x00, 0x00, 0x00, 0x29, 0xFF, 0xFF, 0x32, 0x00, 0xEA, 0xFF, 0x6E, 0x00, 0x00, 0x00,
  0x00, 0x00, 0x00, 0x22, 0xFF, 0xFF, 0x36, 0x00, 0xE1, 0xFF, 0x74, 0x00, 0x00, 0x00, 0x00, 0x00,
  0x00, 0x29, 0xFF, 0xFF, 0x30, 0x00, 0xD4, 0xFF, 0x7E, 0x00, 0x00, 0x00, 0x00, 0x00, 0x00, 0x33,
  0xFF, 0xFF, 0x22, 0x00, 0xB7, 0xFF, 0x99, 0x00, 0x00, 0x00, 0x00, 0x00, 0x00, 0x4F, 0xFF, 0xFE,
  0x0A, 0x00, 0x8C, 0xFF, 0xC1, 0x00, 0x00, 0x00, 0x00, 0x00, 0x00, 0x76, 0xFF, 0xDE, 0x00, 0x00,
  0x4C, 0xFF, 0xF8, 0x0E, 0x00, 0x00, 0x00, 0x00, 0x00, 0xBE, 0xFF, 0x9F, 0x00, 0x00, 0x06, 0xEE,
  0xFF, 0x88, 0x00, 0x00, 0x00, 0x00, 0x40, 0xFF, 0xFF, 0x37, 0x00, 0x00, 0x00, 0x6E, 0xFF, 0xFF,
  0x88, 0x19, 0x0B, 0x5C, 0xEF, 0xFF, 0xB4, 0x00, 0x00, 0x00, 0x00, 0x02, 0xA5, 0xFF, 0xFF, 0xFF,
  0xFF, 0xFF, 0xFF, 0xD3, 0x0F, 0x00, 0x00, 0x00, 0x00, 0x00, 0x01, 0x5D, 0xC3, 0xF1, 0xF9, 0xD8,
  0x83, 0x0D, 0x00, 0x00, 0x00, 0x00, 0x00, 0x00, 0x00, 0x00, 0x00, 0x00, 0x24, 0xF6, 0xB0, 0x00,
  0x00, 0x00, 0x00, 0x00, 0x00, 0x00, 0x00, 0x00, 0x00, 0x0C, 0xCA, 0xFF, 0xB0, 0x00, 0x00, 0x00,
  0x00, 0x00, 0x00, 0x00, 0x00, 0x00, 0x11, 0xC0, 0xFF, 0xFF, 0xB0, 0x00, 0x00, 0x00, 0x00, 0x00,
  0x00, 0x00, 0x00, 0x36, 0xDE, 0xFF, 0xFF, 0xFF, 0xB0, 0x00, 0x00, 0x00, 0x00, 0x00, 0x00, 0x0D,
  0xA0, 0xFE, 0xFF, 0xDE, 0xBD, 0xFF, 0xB0, 0x00, 0x00, 0x00, 0x00, 0x00, 0x00, 0x2C, 0xFF, 0xFE,
  0x9E, 0x0F, 0x98, 0xFF, 0xB0, 0x00, 0x00, 0x00, 0x00, 0x00, 0x00, 0x2A, 0xB3, 0x34, 0x00, 0x00,
  0x98, 0xFF, 0xB0, 0x00, 0x00, 0x00, 0x00, 0x00, 0x00, 0x00, 0x00, 0x00, 0x00, 0x00, 0x98, 0xFF,
  0xB0, 0x00, 0x00, 0x00, 0x00, 0x00, 0x00, 0x00, 0x00, 0x00, 0x00, 0x00, 0x98, 0xFF, 0xB0, 0x00,
  0x00, 0x00, 0x00, 0x00, 0x00, 0x00, 0x00, 0x00, 0x00, 0x00, 0x98, 0xFF, 0xB0, 0x00, 0x00, 0x00,
  0x00, 0x00, 0x00, 0x00, 0x00, 0x00, 0x00, 0x00, 0x98, 0xFF, 0xB0, 0x00, 0x00, 0x00, 0x00, 0x00,
  0x00, 0x00, 0x00, 0x00, 0x00, 0x00, 0x98, 0xFF, 0xB0, 0x00, 0x00, 0x00, 0x00, 0x00, 0x00, 0x00,
  0x00, 0x00, 0x00, 0x00, 0x98, 0xFF, 0xB0, 0x00, 0x00, 0x00, 0x00, 0x00, 0x00, 0x00, 0x00, 0x00,
  0x00, 0x00, 0x98, 0xFF, 0xB0, 0x00, 0x00, 0x00, 0x00, 0x00, 0x00, 0x00, 0x00, 0x00, 0x00, 0x00,
  0x98, 0xFF, 0xB0, 0x00, 0x00, 0x00, 0x00, 0x00, 0x00, 0x00, 0x00, 0x00, 0x00, 0x00, 0x98, 0xFF,
  0xB0, 0x00, 0x00, 0x00, 0x00, 0x00, 0x00, 0x00, 0x00, 0x00, 0x00, 0x00, 0x98, 0xFF, 0xB0, 0x00,
  0x00, 0x00, 0x00, 0x00, 0x00, 0x00, 0x00, 0x00, 0x00, 0x00, 0x98, 0xFF, 0xB0, 0x00, 0x00, 0x00,
  0x00, 0x00, 0x00, 0x00, 0x00, 0x00, 0x00, 0x00, 0x98, 0xFF, 0xB0, 0x00, 0x00, 0x00, 0x00, 0x00,
  0x00, 0x00, 0x17, 0x85, 0xCF, 0xF2, 0xF9, 0xE2, 0xA4, 0x33, 0x00, 0x00, 0x00, 0x00, 0x00, 0x3B,
  0xEE, 0xFF, 0xFF, 0xFF, 0xFF, 0xFF, 0xFF, 0xFC, 0x6C, 0x00, 0x00, 0x00, 0x12, 0xEA, 0xFF, 0xD8,
  0x54, 0x18, 0x0E, 0x41, 0xCB, 0xFF, 0xFE, 0x41, 0x00, 0x00, 0x73, 0xFF, 0xED, 0x1A, 0x00, 0x00,
  0x00, 0x00, 0x0A, 0xDA, 0xFF, 0xBC, 0x00, 0x00, 0xB2, 0xFF, 0xAA, 0x00, 0x00, 0x00, 0x00, 0x00,
  0x00, 0x70, 0xFF, 0xF9, 0x01, 0x00, 0x00, 0x00, 0x00, 0x00, 0x00, 0x00, 0x00, 0x00, 0x00, 0x50,
  0xFF, 0xFF, 0x09, 0x00, 0x00, 0x00, 0x00, 0x00, 0x00, 0x00, 0x00, 0x00, 0x00, 0x7D, 0xFF, 0xEB,
  0x00, 0x00, 0x00, 0x00, 0x00, 0x00, 0x00, 0x00, 0x00, 0x00, 0x0A, 0xE3, 0xFF, 0x9F, 0x00, 0x00,
  0x00, 0x00, 0x00, 0x00, 0x00, 0x00, 0x00, 0x00, 0x96, 0xFF, 0xFA, 0x26, 0x00, 0x00, 0x00, 0x00,
  0x00, 0x00, 0x00, 0x00, 0x00, 0x70, 0xFF, 0xFF, 0x6F, 0x00, 0x00, 0x00, 0x00, 0x00, 0x00, 0x00,
  0x00, 0x00, 0x6B, 0xFE, 0xFF, 0x95, 0x00, 0x00, 0x00, 0x00, 0x00, 0x00, 0x00, 0x00, 0x00, 0x79,
  0xFF, 0xFF, 0x94, 0x01, 0x00, 0x00, 0x00, 0x00, 0x00, 0x00, 0x00, 0x01, 0x90, 0xFF, 0xFF, 0x81,
  0x00, 0x00, 0x00, 0x00, 0x00, 0x00, 0x00, 0x00, 0x05, 0xA6, 0xFF, 0xFB, 0x64, 0x00, 0x00, 0x00,
  0x00, 0x00, 0x00, 0x00, 0x00, 0x06, 0xB1, 0xFF, 0xF3, 0x48, 0x00, 0x00, 0x00, 0x00, 0x00, 0x00,
  0x00, 0x00, 0x00, 0xA7, 0xFF, 0xF3, 0x37, 0x00, 0x00, 0x00, 0x00, 0x00, 0x00, 0x00, 0x00, 0x00,
  0x64, 0xFF, 0xFF, 0x58, 0x00, 0x00, 0x00, 0x00, 0x00, 0x00, 0x00, 0x00, 0x00, 0x03, 0xE5, 0xFF,
  0xFF, 0xFF, 0xFF, 0xFF, 0xFF, 0xFF, 0xFF, 0xFF, 0xFF, 0xFF, 0x18, 0x2C, 0xFF, 0xFF, 0xFF, 0xFF,
  0xFF, 0xFF, 0xFF, 0xFF, 0xFF, 0xFF, 0xFF, 0xFF, 0x18, 0x00, 0x00, 0x00, 0x0A, 0x7C, 0xD2, 0xF7,
  0xEE, 0xC4, 0x65, 0x03, 0x00, 0x00, 0x00, 0x00, 0x00, 0x16, 0xD4, 0xFF, 0xFF, 0xFF, 0xFF, 0xFF,
  0xFF, 0xC4, 0x0C, 0x00, 0x00, 0x00, 0x00, 0xBB, 0xFF, 0xE5, 0x57, 0x12, 0x17, 0x6A, 0xF4, 0xFF,
  0xA2, 0x00, 0x00, 0x00, 0x3C, 0xFF, 0xFD, 0x32, 0x00, 0x00, 0x00, 0x00, 0x65, 0xFF, 0xFC, 0x1C,
  0x00, 0x00, 0x8C, 0xFF, 0xC3, 0x00, 0x00, 0x00, 0x00, 0x00, 0x10, 0xFF, 0xFF, 0x4C, 0x00, 0x00,
  0x00, 0x00, 0x00, 0x00, 0x00, 0x00, 0x00, 0x00, 0x0E, 0xFF, 0xFF, 0x46, 0x00, 0x00, 0x00, 0x00,
  0x00, 0x00, 0x00, 0x00, 0x00, 0x00, 0x70, 0xFF, 0xF2, 0x0F, 0x00, 0x00, 0x00, 0x00, 0x00, 0x00,
  0x00, 0x07, 0x2E, 0x95, 0xFD, 0xFF, 0x65, 0x00, 0x00, 0x00, 0x00, 0x00, 0x00, 0x00, 0x35, 0xFF,
  0xFF, 0xFF, 0xFA, 0x57, 0x00, 0x00, 0x00, 0x00, 0x00, 0x00, 0x00, 0x00, 0x53, 0xD3, 0xCE, 0xF6,
  0xFF, 0xF1, 0x75, 0x00, 0x00, 0x00, 0x00, 0x00, 0x00, 0x00, 0x00, 0x00, 0x00, 0x09, 0x8C, 0xFF,
  0xFF, 0x70, 0x00, 0x00, 0x00, 0x00, 0x00, 0x00, 0x00, 0x00, 0x00, 0x00, 0x00, 0x9D, 0xFF, 0xED,
  0x07, 0x00, 0x00, 0x00, 0x00, 0x00, 0x00, 0x00, 0x00, 0x00, 0x00, 0x3C, 0xFF, 0xFF, 0x2C, 0x00,
  0x00, 0x00, 0x00, 0x00, 0x00, 0x00, 0x00, 0x00, 0x00, 0x2B, 0xFF, 0xFF, 0x3F, 0x00, 0xD0, 0xFF,
  0x90, 0x00, 0x00, 0x00, 0x00, 0x00, 0x00, 0x5D, 0xFF, 0xFF, 0x1F, 0x00, 0x87, 0xFF, 0xEE, 0x1D,
  0x00, 0x00, 0x00, 0x00, 0x0F, 0xD9, 0xFF, 0xCA, 0x00, 0x00, 0x16, 0xEC, 0xFF, 0xD9, 0x50, 0x12,
  0x0B, 0x4A, 0xD5, 0xFF, 0xF9, 0x39, 0x00, 0x00, 0x00, 0x38, 0xEA, 0xFF, 0xFF, 0xFF, 0xFF, 0xFF,
  0xFF, 0xF2, 0x4F, 0x00, 0x00, 0x00, 0x00, 0x00, 0x16, 0x86, 0xD4, 0xF6, 0xF6, 0xD6, 0x8D, 0x1C,
  0x00, 0x00, 0x00, 0x00, 0x00, 0x00, 0x00, 0x00, 0x00, 0x00, 0x00, 0x80, 0xFF, 0xB0, 0x00, 0x00,
  0x00, 0x00, 0x00, 0x00, 0x00, 0x00, 0x00, 0x00, 0x2C, 0xFA, 0xFF, 0xB0, 0x00, 0x00, 0x00, 0x00,
  0x00, 0x00, 0x00, 0x00, 0x00, 0x03, 0xCB, 0xFF, 0xFF, 0xB0, 0x00, 0x00, 0x00, 0x00, 0x00, 0x00,
  0x00, 0x00, 0x00, 0x76, 0xFF, 0xFF, 0xFF, 0xB0, 0x00, 0x00, 0x00, 0x00, 0x00, 0x00, 0x00, 0x00,
  0x25, 0xF7, 0xF9, 0xC2, 0xFF, 0xB0, 0x00, 0x00, 0x00, 0x00, 0x00, 0x00, 0x00, 0x01, 0xC2, 0xFF,
  0x7C, 0x98, 0xFF, 0xB0, 0x00, 0x00, 0x00, 0x00, 0x00, 0x00, 0x00, 0x6C, 0xFF, 0xD0, 0x04, 0x98,
  0xFF, 0xB0, 0x00, 0x00, 0x00, 0x00, 0x00, 0x00, 0x1F, 0xF3, 0xFB, 0x31, 0x00, 0x98, 0xFF, 0xB0,
  0x00, 0x00, 0x00, 0x00, 0x00, 0x00, 0xBA, 0xFF, 0x85, 0x00, 0x00, 0x98, 0xFF, 0xB0, 0x00, 0x00,
  0x00, 0x00, 0x00, 0x62, 0xFF, 0xD6, 0x07, 0x00, 0x00, 0x98, 0xFF, 0xB0, 0x00, 0x00, 0x00, 0x00,
  0x1A, 0xEF, 0xFD, 0x39, 0x00, 0x00, 0x00, 0x98, 0xFF, 0xB0, 0x00, 0x00, 0x00, 0x00, 0xB1, 0xFF,
  0x8F, 0x00, 0x00, 0x00, 0x00, 0x98, 0xFF, 0xB0, 0x00, 0x00, 0x00, 0x58, 0xFF, 0xDD, 0x0A, 0x00,
  0x00, 0x00, 0x00, 0x98, 0xFF, 0xB0, 0x00, 0x00, 0x00, 0xAC, 0xFF, 0xFF, 0xFF, 0xFF, 0xFF, 0xFF,
  0xFF, 0xFF, 0xFF, 0xFF, 0xFF, 0xFF, 0x34, 0xAC, 0xFF, 0xFF, 0xFF, 0xFF, 0xFF, 0xFF, 0xFF, 0xFF,
  0xFF, 0xFF, 0xFF, 0xFF, 0x34, 0x00, 0x00, 0x00, 0x00, 0x00, 0x00, 0x00, 0x00, 0x98, 0xFF, 0xB0,
  0x00, 0x00, 0x00, 0x00, 0x00, 0x00, 0x00, 0x00, 0x00, 0x00, 0x00, 0x98, 0xFF, 0xB0, 0x00, 0x00,
  0x00, 0x00, 0x00, 0x00, 0x00, 0x00, 0x00, 0x00, 0x00, 0x98, 0xFF, 0xB0, 0x00, 0x00, 0x00, 0x00,
  0x00, 0x00, 0x00, 0x00, 0x00, 0x00, 0x00, 0x98, 0xFF, 0xB0, 0x00, 0x00, 0x00, 0x00, 0x00, 0x00,
  0xD0, 0xFF, 0xFF, 0xFF, 0xFF, 0xFF, 0xFF, 0xFF, 0xFF, 0x8C, 0x00, 0x00, 0x00, 0x04, 0xF8, 0xFF,
  0xFF, 0xFF, 0xFF, 0xFF, 0xFF, 0xFF, 0xFF, 0x8C, 0x00, 0x00, 0x00, 0x2C, 0xFF, 0xFB, 0x07, 0x00,
  0x00, 0x00, 0x00, 0x00, 0x00, 0x00, 0x00, 0x00, 0x00, 0x5A, 0xFF, 0xD1, 0x00, 0x00, 0x00, 0x00,
  0x00, 0x00, 0x00, 0x00, 0x00, 0x00, 0x00, 0x88, 0xFF, 0x9F, 0x00, 0x00, 0x00, 0x00, 0x00, 0x00,
  0x00, 0x00, 0x00, 0x00, 0x00, 0xB6, 0xFF, 0x6E, 0x00, 0x00, 0x00, 0x00, 0x00, 0x00, 0x00, 0x00,
  0x00, 0x00, 0x00, 0xE4, 0xFF, 0x5A, 0x92, 0xDD, 0xFA, 0xE9, 0xAC, 0x38, 0x00, 0x00, 0x00, 0x00,
  0x11, 0xFF, 0xFF, 0xFB, 0xFF, 0xFF, 0xFF, 0xFF, 0xFF, 0xFE, 0x73, 0x00, 0x00, 0x00, 0x40, 0xFF,
  0xFF, 0xE3, 0x58, 0x12, 0x0B, 0x46, 0xCE, 0xFF, 0xFF, 0x53, 0x00, 0x00, 0x6D, 0xFF, 0xE8, 0x1A,
  0x00, 0x00, 0x00, 0x00, 0x0B, 0xD3, 0xFF, 0xDE, 0x02, 0x00, 0x00, 0x00, 0x00, 0x00, 0x00, 0x00,
  0x00, 0x00, 0x00, 0x52, 0xFF, 0xFF, 0x35, 0x00, 0x00, 0x00, 0x00, 0x00, 0x00, 0x00, 0x00, 0x00,
  0x00, 0x13, 0xFF, 0xFF, 0x5D, 0x00, 0x00, 0x00, 0x00, 0x00, 0x00, 0x00, 0x00, 0x00, 0x00, 0x05,
  0xFF, 0xFF, 0x65, 0x00, 0x00, 0x00, 0x00, 0x00, 0x00, 0x00, 0x00, 0x00, 0x00, 0x1F, 0xFF, 0xFF,
  0x4C, 0x00, 0xD5, 0xFF, 0xA6, 0x00, 0x00, 0x00, 0x00, 0x00, 0x00, 0x69, 0xFF, 0xFC, 0x14, 0x00,
  0x8F, 0xFF, 0xF4, 0x26, 0x00, 0x00, 0x00, 0x00, 0x18, 0xE6, 0xFF, 0xA8, 0x00, 0x00, 0x1C, 0xF2,
  0xFF, 0xE1, 0x58, 0x15, 0x0B, 0x4F, 0xDD, 0xFF, 0xEE, 0x1D, 0x00, 0x00, 0x00, 0x42, 0xF0, 0xFF,
  0xFF, 0xFF, 0xFF, 0xFF, 0xFF, 0xEA, 0x36, 0x00, 0x00, 0x00, 0x00, 0x00, 0x1B, 0x8C, 0xD6, 0xF6,
  0xF5, 0xD5, 0x86, 0x13, 0x00, 0x00, 0x00, 0x00, 0x00, 0x00, 0x00, 0x2B, 0x9F, 0xE1, 0xF9, 0xEC,
  0xB1, 0x3A, 0x00, 0x00, 0x00, 0x00, 0x00, 0x00, 0x63, 0xFB, 0xFF, 0xFF, 0xFF, 0xFF, 0xFF, 0xFC,
  0x63, 0x00, 0x00, 0x00, 0x00, 0x40, 0xFE, 0xFF, 0xBF, 0x34, 0x0B, 0x35, 0xC3, 0xFF, 0xFA, 0x28,
  0x00, 0x00, 0x01, 0xD5, 0xFF, 0xC5, 0x08, 0x00, 0x00, 0x00, 0x07, 0xDD, 0xFF, 0x95, 0x00, 0x00,
  0x3B, 0xFF, 0xFE, 0x32, 0x00, 0x00, 0x00, 0x00, 0x00, 0x7C, 0xFF, 0xD7, 0x00, 0x00, 0x8A, 0xFF,
  0xC2, 0x00, 0x00, 0x00, 0x00, 0x00, 0x00, 0x00, 0x00, 0x00, 0x00, 0x00, 0xB9, 0xFF, 0x83, 0x00,
  0x00, 0x00, 0x00, 0x00, 0x00, 0x00, 0x00, 0x00, 0x00, 0x00, 0xE1, 0xFF, 0x5E, 0x07, 0x77, 0xD1,
  0xF6, 0xED, 0xB3, 0x3E, 0x00, 0x00, 0x00, 0x00, 0xF1, 0xFF, 0x5B, 0xD0, 0xFF, 0xFF, 0xFF, 0xFF,
  0xFF, 0xFE, 0x77, 0x00, 0x00, 0x00, 0xFD, 0xFF, 0xE8, 0xF9, 0x79, 0x1A, 0x06, 0x33, 0xB8, 0xFF,
  0xFF, 0x50, 0x00, 0x00, 0xFD, 0xFF, 0xFF, 0x55, 0x00, 0x00, 0x00, 0x00, 0x02, 0xBF, 0xFF, 0xD4,
  0x00, 0x00, 0xF1, 0xFF, 0xD1, 0x00, 0x00, 0x00, 0x00, 0x00, 0x00, 0x47, 0xFF, 0xFF, 0x1E, 0x00,
  0xDA, 0xFF, 0xA2, 0x00, 0x00, 0x00, 0x00, 0x00, 0x00, 0x18, 0xFF, 0xFF, 0x3C, 0x00, 0xAE, 0xFF,
  0xB0, 0x00, 0x00, 0x00, 0x00, 0x00, 0x00, 0x1C, 0xFF, 0xFF, 0x30, 0x00, 0x6E, 0xFF, 0xED, 0x06,
  0x00, 0x00, 0x00, 0x00, 0x00, 0x51, 0xFF, 0xFA, 0x0E, 0x00, 0x16, 0xF8, 0xFF, 0x81, 0x00, 0x00,
  0x00, 0x00, 0x05, 0xCA, 0xFF, 0xB0, 0x00, 0x00, 0x00, 0x7A, 0xFF, 0xFF, 0x96, 0x27, 0x07, 0x33,
  0xBF, 0xFF, 0xF8, 0x2D, 0x00, 0x00, 0x00, 0x01, 0x93, 0xFF, 0xFF, 0xFF, 0xFF, 0xFF, 0xFF, 0xF7,
  0x59, 0x00, 0x00, 0x00, 0x00, 0x00, 0x00, 0x44, 0xB0, 0xE9, 0xF9, 0xDF, 0x9D, 0x2B, 0x00, 0x00,
  0x00, 0x00, 0xC4, 0xFF, 0xFF, 0xFF, 0xFF, 0xFF, 0xFF, 0xFF, 0xFF, 0xFF, 0xFF, 0xFF, 0x48, 0x00,
  0xC4, 0xFF, 0xFF, 0xFF, 0xFF, 0xFF, 0xFF, 0xFF, 0xFF, 0xFF, 0xFF, 0xFF, 0x38, 0x00, 0x00, 0x00,
  0x00, 0x00, 0x00, 0x00, 0x00, 0x00, 0x19, 0xEB, 0xFF, 0x8B, 0x00, 0x00, 0x00, 0x00, 0x00, 0x00,
  0x00, 0x00, 0x00, 0x02, 0xBD, 0xFF, 0xC6, 0x04, 0x00, 0x00, 0x00, 0x00, 0x00, 0x00, 0x00, 0x00,
  0x00, 0x70, 0xFF, 0xF8, 0x26, 0x00, 0x00, 0x00, 0x00, 0x00, 0x00, 0x00, 0x00, 0x00, 0x14, 0xEF,
  0xFF, 0x80, 0x00, 0x00, 0x00, 0x00, 0x00, 0x00, 0x00, 0x00, 0x00, 0x00, 0x95, 0xFF, 0xE6, 0x0B,
  0x00, 0x00, 0x00, 0x00, 0x00, 0x00, 0x00, 0x00, 0x00, 0x1E, 0xFB, 0xFF, 0x72, 0x00, 0x00, 0x00,
  0x00, 0x00, 0x00, 0x00, 0x00, 0x00, 0x00, 0x8C, 0xFF, 0xEF, 0x0D, 0x00, 0x00, 0x00, 0x00, 0x00,
  0x00, 0x00, 0x00, 0x00, 0x0C, 0xF0, 0xFF, 0x86, 0x00, 0x00, 0x00, 0x00, 0x00, 0x00, 0x00, 0x00,
  0x00, 0x00, 0x64, 0xFF, 0xFE, 0x1D, 0x00, 0x00, 0x00, 0x00, 0x00, 0x00, 0x00, 0x00, 0x00, 0x00,
  0xB6, 0xFF, 0xC5, 0x00, 0x00, 0x00, 0x00, 0x00, 0x00, 0x00, 0x00, 0x00, 0x00, 0x0D, 0xF8, 0xFF,
  0x6F, 0x00, 0x00, 0x00, 0x00, 0x00, 0x00, 0x00, 0x00, 0x00, 0x00, 0x52, 0xFF, 0xFF, 0x1C, 0x00,
  0x00, 0x00, 0x00, 0x00, 0x00, 0x00, 0x00, 0x00, 0x00, 0x89, 0xFF, 0xDE, 0x00, 0x00, 0x00, 0x00,
  0x00, 0x00, 0x00, 0x00, 0x00, 0x00, 0x00, 0xBF, 0xFF, 0xA6, 0x00, 0x00, 0x00, 0x00, 0x00, 0x00,
  0x00, 0x00, 0x00, 0x00, 0x00, 0xEF, 0xFF, 0x77, 0x00, 0x00, 0x00, 0x00, 0x00, 0x00, 0x00, 0x00,
  0x00, 0x00, 0x09, 0xFF, 0xFF, 0x5A, 0x00, 0x00, 0x00, 0x00, 0x00, 0x00, 0x00, 0x00, 0x00, 0x00,
  0x20, 0xFF, 0xFF, 0x3E, 0x00, 0x00, 0x00, 0x00, 0x00, 0x00, 0x00, 0x00, 0x00, 0x00, 0x03, 0x6A,
  0xC7, 0xF3, 0xF8, 0xD8, 0x8A, 0x15, 0x00, 0x00, 0x00, 0x00, 0x00, 0x07, 0xBB, 0xFF, 0xFF, 0xFF,
  0xFF, 0xFF, 0xFF, 0xE5, 0x29, 0x00, 0x00, 0x00, 0x00, 0x8B, 0xFF, 0xFE, 0x87, 0x1F, 0x11, 0x5A,
  0xEC, 0xFF, 0xD6, 0x04, 0x00, 0x00, 0x06, 0xF2, 0xFF, 0x92, 0x00, 0x00, 0x00, 0x00, 0x44, 0xFF,
  0xFF, 0x4E, 0x00, 0x00, 0x29, 0xFF, 0xFF, 0x38, 0x00, 0x00, 0x00, 0x00, 0x00, 0xE6, 0xFF, 0x82,
  0x00, 0x00, 0x23, 0xFF, 0xFF, 0x3D, 0x00, 0x00, 0x00, 0x00, 0x00, 0xE1, 0xFF, 0x80, 0x00, 0x00,
  0x04, 0xE7, 0xFF, 0x93, 0x00, 0x00, 0x00, 0x00, 0x38, 0xFF, 0xFF, 0x49, 0x00, 0x00, 0x00, 0x5F,
  0xFF, 0xFD, 0x85, 0x1F, 0x0E, 0x50, 0xE4, 0xFF, 0xBC, 0x01, 0x00, 0x00, 0x00, 0x00, 0x53, 0xDF,
  0xFF, 0xFF, 0xFF, 0xFF, 0xFB, 0x91, 0x0B, 0x00, 0x00, 0x00, 0x00, 0x13, 0x9D, 0xF5, 0xFF, 0xFF,
  0xFF, 0xFF, 0xFF, 0xBD, 0x34, 0x00, 0x00, 0x00, 0x11, 0xD9, 0xFF, 0xE9, 0x61, 0x1C, 0x10, 0x41,
  0xC4, 0xFF, 0xF4, 0x3D, 0x00, 0x00, 0x86, 0xFF, 0xEF, 0x1F, 0x00, 0x00, 0x00, 0x00, 0x02, 0xB3,
  0xFF, 0xD3, 0x02, 0x00, 0xD0, 0xFF, 0x8F, 0x00, 0x00, 0x00, 0x00, 0x00, 0x00, 0x2F, 0xFF, 0xFF,
  0x29, 0x00, 0xEC, 0xFF, 0x6F, 0x00, 0x00, 0x00, 0x00, 0x00, 0x00, 0x0A, 0xFF, 0xFF, 0x47, 0x00,
  0xD7, 0xFF, 0x97, 0x00, 0x00, 0x00, 0x00, 0x00, 0x00, 0x29, 0xFF, 0xFF, 0x35, 0x00, 0x8F, 0xFF,
  0xF2, 0x23, 0x00, 0x00, 0x00, 0x00, 0x00, 0xA5, 0xFF, 0xEA, 0x04, 0x00, 0x19, 0xED, 0xFF, 0xE7,
  0x60, 0x15, 0x0D, 0x39, 0xB6, 0xFF, 0xFF, 0x65, 0x00, 0x00, 0x00, 0x37, 0xE8, 0xFF, 0xFF, 0xFF,
  0xFF, 0xFF, 0xFF, 0xFE, 0x81, 0x00, 0x00, 0x00, 0x00, 0x00, 0x14, 0x81, 0xCF, 0xF3, 0xF9, 0xE1,
  0xA3, 0x37, 0x00, 0x00, 0x00, 0x00, 0x00, 0x00, 0x0E, 0x7F, 0xD2, 0xF6, 0xEB, 0xC2, 0x5D, 0x04,
  0x00, 0x00, 0x00, 0x00, 0x00, 0x26, 0xDE, 0xFF, 0xFF, 0xFF, 0xFF, 0xFF, 0xFF, 0xC2, 0x10, 0x00,
  0x00, 0x00, 0x09, 0xDB, 0xFF, 0xF9, 0x76, 0x18, 0x08, 0x46, 0xD5, 0xFF, 0xC2, 0x01, 0x00, 0x00,
  0x6E, 0xFF, 0xFF, 0x4D, 0x00, 0x00, 0x00, 0x00, 0x13, 0xE5, 0xFF, 0x5D, 0x00, 0x00, 0xBD, 0xFF,
  0xBC, 0x00, 0x00, 0x00, 0x00, 0x00, 0x00, 0x77, 0xFF, 0xC6, 0x00, 0x00, 0xE1, 0xFF, 0x7C, 0x00,
  0x00, 0x00, 0x00, 0x00, 0x00, 0x43, 0xFF, 0xFB, 0x09, 0x00, 0xE4, 0xFF, 0x72, 0x00, 0x00, 0x00,
  0x00, 0x00, 0x00, 0x40, 0xFF, 0xFF, 0x2B, 0x00, 0xC6, 0xFF, 0xA0, 0x00, 0x00, 0x00, 0x00, 0x00,
  0x00, 0x70, 0xFF, 0xFF, 0x42, 0x00, 0x7E, 0xFF, 0xF7, 0x2A, 0x00, 0x00, 0x00, 0x00, 0x0D, 0xDD,
  0xFF, 0xFF, 0x4B, 0x00, 0x13, 0xE9, 0xFF, 0xEA, 0x5E, 0x11, 0x08, 0x41, 0xCD, 0xED, 0xFB, 0xFF,
  0x4B, 0x00, 0x00, 0x39, 0xED, 0xFF, 0xFF, 0xFF, 0xFF, 0xFF, 0xF0, 0x41, 0xFB, 0xFF, 0x43, 0x00,
  0x00, 0x00, 0x1B, 0x95, 0xE0, 0xF9, 0xE2, 0x99, 0x20, 0x10, 0xFF, 0xFF, 0x2E, 0x00, 0x00, 0x00,
  0x00, 0x00, 0x00, 0x00, 0x00, 0x00, 0x00, 0x3C, 0xFF, 0xFF, 0x10, 0x00, 0x00, 0x00, 0x00, 0x00,
  0x00, 0x00, 0x00, 0x00, 0x00, 0x7E, 0xFF, 0xDD, 0x00, 0x00, 0x7D, 0xFF, 0xC5, 0x00, 0x00, 0x00,
  0x00, 0x00, 0x02, 0xD8, 0xFF, 0x92, 0x00, 0x00, 0x3C, 0xFF, 0xFD, 0x29, 0x00, 0x00, 0x00, 0x00,
  0x6E, 0xFF, 0xFA, 0x21, 0x00, 0x00, 0x01, 0xCC, 0xFF, 0xD8, 0x43, 0x0B, 0x1D, 0x84, 0xFD, 0xFF,
  0x8C, 0x00, 0x00, 0x00, 0x00, 0x27, 0xE8, 0xFF, 0xFF, 0xFF, 0xFF, 0xFF, 0xFF, 0x9F, 0x02, 0x00,
  0x00, 0x00, 0x00, 0x00, 0x19, 0x94, 0xE0, 0xFA, 0xEF, 0xBA, 0x54, 0x00, 0x00, 0x00, 0x00, 0x00,
  0x00, 0xA8, 0xFF, 0xF4, 0x00, 0x00, 0x00, 0x00, 0xA8, 0xFF, 0xF4, 0x00, 0x00, 0x00, 0x00, 0x00,
  0x00, 0x00, 0x00, 0x00, 0x00, 0x00, 0x00, 0x00, 0x00, 0x00, 0x00, 0x00, 0x00, 0x00, 0x00, 0x00,
  0x00, 0x00, 0x00, 0x00, 0x00, 0x00, 0x00, 0x00, 0x00, 0x00, 0x00, 0x00, 0x00, 0x00, 0x00, 0x00,
  0x00, 0x00, 0x00, 0x00, 0x00, 0x00, 0x00, 0x00, 0x00, 0x00, 0x00, 0x00, 0x00, 0x00, 0x00, 0x00,
  0x00, 0x00, 0x00, 0x00, 0x00, 0x00, 0x00, 0x00, 0x00, 0x00, 0x00, 0x00, 0x00, 0x00, 0x00, 0x00,
  0x00, 0x00, 0x00, 0x00, 0x00, 0xA8, 0xFF, 0xF4, 0x00, 0x00, 0x00, 0x00, 0xA8, 0xFF, 0xF4, 0x00,
  0x00, 0x00, 0x00, 0xB0, 0xFF, 0xE8, 0x00, 0x00, 0x00, 0x00, 0xB0, 0xFF, 0xE8, 0x00, 0x00, 0x00,
  0x00, 0x00, 0x00, 0x00, 0x00, 0x00, 0x00, 0x00, 0x00, 0x00, 0x00, 0x00, 0x00, 0x00, 0x00, 0x00,
  0x00, 0x00, 0x00, 0x00, 0x00, 0x00, 0x00, 0x00, 0x00, 0x00, 0x00, 0x00, 0x00, 0x00, 0x00, 0x00,
  0x00, 0x00, 0x00, 0x00, 0x00, 0x00, 0x00, 0x00, 0x00, 0x00, 0x00, 0x00, 0x00, 0x00, 0x00, 0x00,
  0x00, 0x00, 0x00, 0x00, 0x00, 0x00, 0x00, 0x00, 0x00, 0x00, 0x00, 0x00, 0x00, 0x00, 0x00, 0x00,
  0x00, 0x00, 0x00, 0x00, 0x00, 0x00, 0x00, 0xB0, 0xFF, 0xE8, 0x00, 0x00, 0x00, 0x00, 0xB0, 0xFF,
  0xE8, 0x00, 0x00, 0x00, 0x00, 0x00, 0x71, 0xDB, 0x00, 0x00, 0x00, 0x00, 0x00, 0x9E, 0xB9, 0x00,
  0x00, 0x00, 0x00, 0x42, 0xF8, 0x58, 0x00, 0x00, 0x00, 0x00, 0x82, 0x81, 0x00, 0x00, 0x00, 0x00,
  0x00, 0x00, 0x00, 0x00, 0x00, 0x00, 0x00, 0x00, 0x00, 0x00, 0x05, 0x63, 0x9C, 0x00, 0x00, 0x00,
  0x00, 0x00, 0x00, 0x00, 0x00, 0x00, 0x00, 0x07, 0x6A, 0xE1, 0xFF, 0xC0, 0x00, 0x00, 0x00, 0x00,
  0x00, 0x00, 0x00, 0x00, 0x0A, 0x71, 0xE6, 0xFF, 0xF5, 0x94, 0x21, 0x00, 0x00, 0x00, 0x00, 0x00,
  0x00, 0x0D, 0x78, 0xEA, 0xFF, 0xEB, 0x7F, 0x13, 0x00, 0x00, 0x00, 0x00, 0x00, 0x00, 0x11, 0x7F,
  0xEE, 0xFF, 0xDD, 0x6B, 0x09, 0x00, 0x00, 0x00, 0x00, 0x00, 0x00, 0x14, 0x86, 0xF1, 0xFF, 0xCB,
  0x56, 0x03, 0x00, 0x00, 0x00, 0x00, 0x00, 0x00, 0x00, 0x00, 0x94, 0xFF, 0xFF, 0x83, 0x00, 0x00,
  0x00, 0x00, 0x00, 0x00, 0x00, 0x00, 0x00, 0x00, 0x00, 0x15, 0x87, 0xF2, 0xFF, 0xCB, 0x55, 0x02,
  0x00, 0x00, 0x00, 0x00, 0x00, 0x00, 0x00, 0x00, 0x00, 0x00, 0x11, 0x80, 0xEE, 0xFF, 0xDC, 0x6A,
  0x09, 0x00, 0x00, 0x00, 0x00, 0x00, 0x00, 0x00, 0x00, 0x00, 0x00, 0x0D, 0x79, 0xEA, 0xFF, 0xEA,
  0x7E, 0x13, 0x00, 0x00, 0x00, 0x00, 0x00, 0x00, 0x00, 0x00, 0x00, 0x00, 0x0A, 0x72, 0xE6, 0xFF,
  0xF5, 0x93, 0x21, 0x00, 0x00, 0x00, 0x00, 0x00, 0x00, 0x00, 0x00, 0x00, 0x00, 0x08, 0x6B, 0xE2,
  0xFF, 0xC0, 0x00, 0x00, 0x00, 0x00, 0x00, 0x00, 0x00, 0x00, 0x00, 0x00, 0x00, 0x00, 0x05, 0x64,
  0x9D, 0x00, 0x00, 0x00, 0x00, 0x00, 0x00, 0x00, 0x00, 0x00, 0x00, 0x00, 0x00, 0x00, 0x00, 0x00,
  0x00, 0x00, 0x00, 0x00, 0x00, 0x00, 0x00, 0x00, 0x00, 0x00, 0x00, 0x00, 0x00, 0x00, 0x00, 0x00,
  0x00, 0x00, 0x00, 0x00, 0x00, 0x00, 0x00, 0x00, 0x00, 0x00, 0x00, 0x00, 0x00, 0x00, 0x00, 0x00,
  0x8C, 0xFF, 0xFF, 0xFF, 0xFF, 0xFF, 0xFF, 0xFF, 0xFF, 0xFF, 0xFF, 0xFF, 0xBC, 0x00, 0x00, 0x8C,
  0xFF, 0xFF, 0xFF, 0xFF, 0xFF, 0xFF, 0xFF, 0xFF, 0xFF, 0xFF, 0xFF, 0xBC, 0x00, 0x00, 0x00, 0x00,
  0x00, 0x00, 0x00, 0x00, 0x00, 0x00, 0x00, 0x00, 0x00, 0x00, 0x00, 0x00, 0x00, 0x00, 0x00, 0x00,
  0x00, 0x00, 0x00, 0x00, 0x00, 0x00, 0x00, 0x00, 0x00, 0x00, 0x00, 0x00, 0x00, 0x00, 0x00, 0x00,
  0x00, 0x00, 0x00, 0x00, 0x00, 0x00, 0x00, 0x00, 0x00, 0x00, 0x00, 0x00, 0x00, 0x00, 0x00, 0x00,
  0x00, 0x00, 0x00, 0x00, 0x00, 0x00, 0x00, 0x00, 0x00, 0x00, 0x8C, 0xFF, 0xFF, 0xFF, 0xFF, 0xFF,
  0xFF, 0xFF, 0xFF, 0xFF, 0xFF, 0xFF, 0xBC, 0x00, 0x00, 0x8C, 0xFF, 0xFF, 0xFF, 0xFF, 0xFF, 0xFF,
  0xFF, 0xFF, 0xFF, 0xFF, 0xFF, 0xBC, 0x00, 0x00, 0x00, 0x00, 0x00, 0x00, 0x00, 0x00, 0x00, 0x00,
  0x00, 0x00, 0x00, 0x00, 0x00, 0x00, 0x00, 0x00, 0x00, 0x00, 0x00, 0x00, 0x00, 0x00, 0x00, 0x00,
  0x00, 0x00, 0x00, 0x00, 0x00, 0x00, 0x00, 0x00, 0x00, 0x00, 0x00, 0x00, 0x00, 0x00, 0x00, 0x00,
  0x00, 0x00, 0x00, 0x00, 0x00, 0x00, 0x00, 0x00, 0x00, 0x00, 0x00, 0x00, 0x00, 0x00, 0x00, 0x00,
  0x00, 0x00, 0x00, 0x00, 0x00, 0x00, 0x00, 0x00, 0x00, 0x00, 0x00, 0x00, 0x00, 0x00, 0x00, 0x00,
  0x00, 0x00, 0x00, 0x7E, 0x79, 0x0D, 0x00, 0x00, 0x00, 0x00, 0x00, 0x00, 0x00, 0x00, 0x00, 0x00,
  0x00, 0x00, 0x94, 0xFF, 0xEE, 0x80, 0x11, 0x00, 0x00, 0x00, 0x00, 0x00, 0x00, 0x00, 0x00, 0x00,
  0x00, 0x14, 0x80, 0xEB, 0xFF, 0xF2, 0x87, 0x15, 0x00, 0x00, 0x00, 0x00, 0x00, 0x00, 0x00, 0x00,
  0x00, 0x00, 0x0A, 0x6C, 0xDE, 0xFF, 0xF5, 0x8D, 0x19, 0x00, 0x00, 0x00, 0x00, 0x00, 0x00, 0x00,
  0x00, 0x00, 0x00, 0x03, 0x58, 0xCD, 0xFF, 0xF7, 0x94, 0x1D, 0x00, 0x00, 0x00, 0x00, 0x00, 0x00,
  0x00, 0x00, 0x00, 0x00, 0x00, 0x43, 0xB9, 0xFF, 0xFA, 0x9B, 0x22, 0x00, 0x00, 0x00, 0x00, 0x00,
  0x00, 0x00, 0x00, 0x00, 0x00, 0x00, 0x5E, 0xFB, 0xFF, 0xC0, 0x00, 0x00, 0x00, 0x00, 0x00, 0x00,
  0x00, 0x00, 0x00, 0x42, 0xB8, 0xFF, 0xFA, 0x9C, 0x23, 0x00, 0x00, 0x00, 0x00, 0x00, 0x00, 0x03,
  0x57, 0xCC, 0xFF, 0xF8, 0x95, 0x1E, 0x00, 0x00, 0x00, 0x00, 0x00, 0x00, 0x09, 0x6B, 0xDD, 0xFF,
  0xF5, 0x8E, 0x19, 0x00, 0x00, 0x00, 0x00, 0x00, 0x00, 0x13, 0x7F, 0xEB, 0xFF, 0xF2, 0x88, 0x15,
  0x00, 0x00, 0x00, 0x00, 0x00, 0x00, 0x00, 0x00, 0x94, 0xFF, 0xEE, 0x81, 0x11, 0x00, 0x00, 0x00,
  0x00, 0x00, 0x00, 0x00, 0x00, 0x00, 0x00, 0x7F, 0x7A, 0x0E, 0x00, 0x00, 0x00, 0x00, 0x00, 0x00,
  0x00, 0x00, 0x00, 0x00, 0x00, 0x00, 0x00, 0x00, 0x00, 0x00, 0x00, 0x00, 0x00, 0x00, 0x00, 0x00,
  0x00, 0x00, 0x00, 0x00, 0x00, 0x00, 0x00, 0x00, 0x00, 0x00, 0x00, 0x00, 0x00, 0x00, 0x00, 0x00,
  0x00, 0x00, 0x00, 0x00, 0x00, 0x00, 0x00, 0x00, 0x00, 0x00, 0x00, 0x00, 0x00, 0x00, 0x00, 0x00,
  0x00, 0x00, 0x00, 0x00, 0x00, 0x08, 0x70, 0xC8, 0xF2, 0xF9, 0xDF, 0xA0, 0x30, 0x00, 0x00, 0x00,
  0x00, 0x00, 0x13, 0xCD, 0xFF, 0xFF, 0xFF, 0xFF, 0xFF, 0xFF, 0xFC, 0x6C, 0x00, 0x00, 0x00, 0x00,
  0xB6, 0xFF, 0xF9, 0x7D, 0x21, 0x08, 0x42, 0xCF, 0xFF, 0xFE, 0x49, 0x00, 0x00, 0x3C, 0xFF, 0xFF,
  0x5E, 0x00, 0x00, 0x00, 0x00, 0x0E, 0xDA, 0xFF, 0xCD, 0x00, 0x00, 0x92, 0xFF, 0xDC, 0x01, 0x00,
  0x00, 0x00, 0x00, 0x00, 0x62, 0xFF, 0xFF, 0x11, 0x00, 0xC6, 0xFF, 0x96, 0x00, 0x00, 0x00, 0x00,
  0x00, 0x00, 0x3B, 0xFF, 0xFF, 0x1F, 0x00, 0x00, 0x00, 0x00, 0x00, 0x00, 0x00, 0x00, 0x00, 0x00,
  0x64, 0xFF, 0xF8, 0x06, 0x00, 0x00, 0x00, 0x00, 0x00, 0x00, 0x00, 0x00, 0x00, 0x14, 0xE3, 0xFF,
  0xA6, 0x00, 0x00, 0x00, 0x00, 0x00, 0x00, 0x00, 0x00, 0x00, 0x14, 0xD1, 0xFF, 0xED, 0x1F, 0x00,
  0x00, 0x00, 0x00, 0x00, 0x00, 0x00, 0x00, 0x18, 0xD5, 0xFF, 0xF2, 0x39, 0x00, 0x00, 0x00, 0x00,
  0x00, 0x00, 0x00, 0x00, 0x06, 0xCD, 0xFF, 0xEF, 0x37, 0x00, 0x00, 0x00, 0x00, 0x00, 0x00, 0x00,
  0x00, 0x00, 0x73, 0xFF, 0xF7, 0x37, 0x00, 0x00, 0x00, 0x00, 0x00, 0x00, 0x00, 0x00, 0x00, 0x00,
  0xCC, 0xFF, 0x94, 0x00, 0x00, 0x00, 0x00, 0x00, 0x00, 0x00, 0x00, 0x00, 0x00, 0x00, 0xF6, 0xFF,
  0x4B, 0x00, 0x00, 0x00, 0x00, 0x00, 0x00, 0x00, 0x00, 0x00, 0x00, 0x01, 0xFF, 0xFF, 0x36, 0x00,
  0x00, 0x00, 0x00, 0x00, 0x00, 0x00, 0x00, 0x00, 0x00, 0x00, 0x00, 0x00, 0x00, 0x00, 0x00, 0x00,
  0x00, 0x00, 0x00, 0x00, 0x00, 0x00, 0x00, 0x00, 0x00, 0x00, 0x00, 0x00, 0x00, 0x00, 0x00, 0x00,
  0x00, 0x00, 0x00, 0x00, 0x00, 0x24, 0xFF, 0xFF, 0x74, 0x00, 0x00, 0x00, 0x00, 0x00, 0x00, 0x00,
  0x00, 0x00, 0x00, 0x24, 0xFF, 0xFF, 0x74, 0x00, 0x00, 0x00, 0x00, 0x00, 0x00, 0x00, 0x00, 0x00,
  0x00, 0x00, 0x00, 0x00, 0x06, 0x4D, 0x99, 0xC9, 0xE9, 0xF8, 0xF8, 0xE7, 0xC0, 0x85, 0x31, 0x00,
  0x00, 0x00, 0x00, 0x00, 0x00, 0x00, 0x00, 0x00, 0x00, 0x00, 0x00, 0x00, 0x04, 0x6E, 0xE8, 0xFF,
  0xFF, 0xFF, 0xFF, 0xFF, 0xFF, 0xFF, 0xFF, 0xFF, 0xFF, 0xC0, 0x31, 0x00, 0x00, 0x00, 0x00, 0x00,
  0x00, 0x00, 0x00, 0x00, 0x00, 0x1B, 0xC4, 0xFF, 0xFF, 0xD9, 0x81, 0x40, 0x17, 0x06, 0x09, 0x22,
  0x54, 0xA2, 0xF8, 0xFF, 0xFB, 0x6C, 0x00, 0x00, 0x00, 0x00, 0x00, 0x00, 0x00, 0x00, 0x1C, 0xDD,
  0xFF, 0xE4, 0x55, 0x01, 0x00, 0x00, 0x00, 0x00, 0x00, 0x00, 0x00, 0x00, 0x18, 0xA3, 0xFF, 0xFF,
  0x6B, 0x00, 0x00, 0x00, 0x00, 0x00, 0x00, 0x06, 0xCE, 0xFF, 0xBF, 0x10, 0x00, 0x00, 0x00, 0x00,
  0x00, 0x00, 0x00, 0x00, 0x00, 0x00, 0x00, 0x00, 0x6A, 0xFF, 0xFB, 0x32, 0x00, 0x00, 0x00, 0x00,
  0x00, 0x86, 0xFF, 0xC7, 0x08, 0x00, 0x00, 0x00, 0x57, 0xC3, 0xF7, 0xE8, 0x98, 0x14, 0x05, 0xF9,
  0xFF, 0x45, 0x00, 0x86, 0xFF, 0xC5, 0x00, 0x00, 0x00, 0x00, 0x1C, 0xF7, 0xF3, 0x1D, 0x00, 0x00,
  0x09, 0xB0, 0xFF, 0xFF, 0xFF, 0xFF, 0xFF, 0xE1, 0x45, 0xFF, 0xFF, 0x12, 0x00, 0x06, 0xE2, 0xFF,
  0x35, 0x00, 0x00, 0x00, 0x8A, 0xFF, 0x7D, 0x00, 0x00, 0x00, 0xAD, 0xFF, 0xF7, 0x72, 0x12, 0x1B,
  0x83, 0xFD, 0xEF, 0xFF, 0xDE, 0x00, 0x00, 0x00, 0x7B, 0xFF, 0x85, 0x00, 0x00, 0x01, 0xE7, 0xF9,
  0x12, 0x00, 0x00, 0x5C, 0xFF, 0xFE, 0x4C, 0x00, 0x00, 0x00, 0x00, 0x9A, 0xFF, 0xFF, 0xAA, 0x00,
  0x00, 0x00, 0x35, 0xFF, 0xB6, 0x00, 0x00, 0x31, 0xFF, 0xB6, 0x00, 0x00, 0x03, 0xDE, 0xFF, 0x9F,
  0x00, 0x00, 0x00, 0x00, 0x00, 0x35, 0xFF, 0xFF, 0x76, 0x00, 0x00, 0x00, 0x15, 0xFF, 0xCD, 0x00,
  0x00, 0x64, 0xFF, 0x7C, 0x00, 0x00, 0x48, 0xFF, 0xFF, 0x2D, 0x00, 0x00, 0x00, 0x00, 0x00, 0x14,
  0xFF, 0xFF, 0x42, 0x00, 0x00, 0x00, 0x1C, 0xFF, 0xC5, 0x00, 0x00, 0x86, 0xFF, 0x58, 0x00, 0x00,
  0x8D, 0xFF, 0xDD, 0x00, 0x00, 0x00, 0x00, 0x00, 0x00, 0x20, 0xFF, 0xFE, 0x10, 0x00, 0x00, 0x00,
  0x3B, 0xFF, 0xAB, 0x00, 0x00, 0x93, 0xFF, 0x4B, 0x00, 0x00, 0xB4, 0xFF, 0xAB, 0x00, 0x00, 0x00,
  0x00, 0x00, 0x00, 0x53, 0xFF, 0xDB, 0x00, 0x00, 0x00, 0x00, 0x85, 0xFF, 0x6E, 0x00, 0x00, 0x8F,
  0xFF, 0x55, 0x00, 0x00, 0xB7, 0xFF, 0xA0, 0x00, 0x00, 0x00, 0x00, 0x00, 0x00, 0xA6, 0xFF, 0xA7,
  0x00, 0x00, 0x00, 0x08, 0xE2, 0xFA, 0x1E, 0x00, 0x00, 0x77, 0xFF, 0x73, 0x00, 0x00, 0x9D, 0xFF,
  0xC0, 0x00, 0x00, 0x00, 0x00, 0x00, 0x28, 0xFB, 0xFF, 0x74, 0x00, 0x00, 0x00, 0x88, 0xFF, 0x99,
  0x00, 0x00, 0x00, 0x4B, 0xFF, 0xAB, 0x00, 0x00, 0x5A, 0xFF, 0xFB, 0x25, 0x00, 0x00, 0x00, 0x10,
  0xCF, 0xFF, 0xFF, 0x44, 0x00, 0x00, 0x63, 0xFC, 0xE0, 0x12, 0x00, 0x00, 0x00, 0x0E, 0xF9, 0xF4,
  0x0D, 0x00, 0x0B, 0xE4, 0xFF, 0xD6, 0x37, 0x0B, 0x4C, 0xD9, 0xFD, 0xFF, 0xFF, 0x60, 0x1C, 0x94,
  0xFF, 0xF0, 0x33, 0x00, 0x00, 0x00, 0x00, 0x00, 0xAB, 0xFF, 0x80, 0x00, 0x00, 0x46, 0xF8, 0xFF,
  0xFF, 0xFF, 0xFF, 0xE7, 0x54, 0xFF, 0xFF, 0xFF, 0xFF, 0xFF, 0xDF, 0x31, 0x00, 0x00, 0x00, 0x00,
  0x00, 0x00, 0x2A, 0xFA, 0xF9, 0x36, 0x00, 0x00, 0x35, 0xB7, 0xF2, 0xE8, 0x96, 0x15, 0x00, 0x82,
  0xEC, 0xF5, 0xD0, 0x79, 0x0B, 0x00, 0x41, 0xFC, 0xFA, 0x2A, 0x00, 0x00, 0x00, 0x83, 0xFF, 0xEE,
  0x3B, 0x00, 0x00, 0x00, 0x00, 0x00, 0x00, 0x00, 0x00, 0x00, 0x00, 0x00, 0x00, 0x00, 0x00, 0x48,
  0xF3, 0xFF, 0x79, 0x00, 0x00, 0x00, 0x00, 0x01, 0x9F, 0xFF, 0xFC, 0x8E, 0x17, 0x00, 0x00, 0x00,
  0x00, 0x00, 0x00, 0x00, 0x00, 0x00, 0x00, 0x13, 0x93, 0xFE, 0xFF, 0x90, 0x00, 0x00, 0x00, 0x00,
  0x00, 0x00, 0x03, 0x7E, 0xFA, 0xFF, 0xFA, 0xB3, 0x6D, 0x39, 0x17, 0x07, 0x03, 0x0E, 0x2C, 0x5A,
  0xA2, 0xF6, 0xFF, 0xF8, 0x6A, 0x00, 0x00, 0x00, 0x00, 0x00, 0x00, 0x00, 0x00, 0x00, 0x2F, 0xAB,
  0xFA, 0xFF, 0xFF, 0xFF, 0xFF, 0xFF, 0xFF, 0xFF, 0xFF, 0xFF, 0xFF, 0xFD, 0xA8, 0x29, 0x00, 0x00,
  0x00, 0x00, 0x00, 0x00, 0x00, 0x00, 0x00, 0x00, 0x00, 0x00, 0x18, 0x64, 0x9B, 0xCC, 0xE3, 0xF4,
  0xFA, 0xE8, 0xD5, 0xAE, 0x6B, 0x21, 0x00, 0x00, 0x00, 0x00, 0x00, 0x00, 0x00, 0x00, 0x00, 0x00,
  0x00, 0x00, 0x00, 0x18, 0xFC, 0xFF, 0xEE, 0x08, 0x00, 0x00, 0x00, 0x00, 0x00, 0x00, 0x00, 0x00,
  0x00, 0x00, 0x00, 0x00, 0x00, 0x00, 0x75, 0xFF, 0xFF, 0xFF, 0x5D, 0x00, 0x00, 0x00, 0x00, 0x00,
  0x00, 0x00, 0x00, 0x00, 0x00, 0x00, 0x00, 0x00, 0x00, 0xD4, 0xFF, 0xC0, 0xFF, 0xC4, 0x00, 0x00,
  0x00, 0x00, 0x00, 0x00, 0x00, 0x00, 0x00, 0x00, 0x00, 0x00, 0x00, 0x35, 0xFF, 0xFE, 0x41, 0xFF,
  0xFF, 0x2A, 0x00, 0x00, 0x00, 0x00, 0x00, 0x00, 0x00, 0x00, 0x00, 0x00, 0x00, 0x00, 0x95, 0xFF,
  0xC8, 0x00, 0xDE, 0xFF, 0x91, 0x00, 0x00, 0x00, 0x00, 0x00, 0x00, 0x00, 0x00, 0x00, 0x00, 0x00,
  0x07, 0xEE, 0xFF, 0x77, 0x00, 0x86, 0xFF, 0xEE, 0x08, 0x00, 0x00, 0x00, 0x00, 0x00, 0x00, 0x00,
  0x00, 0x00, 0x00, 0x56, 0xFF, 0xFC, 0x1C, 0x00, 0x27, 0xFF, 0xFF, 0x5E, 0x00, 0x00, 0x00, 0x00,
  0x00, 0x00, 0x00, 0x00, 0x00, 0x00, 0xB6, 0xFF, 0xB4, 0x00, 0x00, 0x00, 0xC2, 0xFF, 0xC4, 0x00,
  0x00, 0x00, 0x00, 0x00, 0x00, 0x00, 0x00, 0x00, 0x19, 0xFC, 0xFF, 0x4F, 0x00, 0x00, 0x00, 0x5C,
  0xFF, 0xFF, 0x2B, 0x00, 0x00, 0x00, 0x00, 0x00, 0x00, 0x00, 0x00, 0x76, 0xFF, 0xE6, 0x04, 0x00,
  0x00, 0x00, 0x08, 0xED, 0xFF, 0x91, 0x00, 0x00, 0x00, 0x00, 0x00, 0x00, 0x00, 0x00, 0xD6, 0xFF,
  0x86, 0x00, 0x00, 0x00, 0x00, 0x00, 0x8F, 0xFF, 0xEF, 0x09, 0x00, 0x00, 0x00, 0x00, 0x00, 0x00,
  0x37, 0xFF, 0xFF, 0xFF, 0xFF, 0xFF, 0xFF, 0xFF, 0xFF, 0xFF, 0xFF, 0xFF, 0x5E, 0x00, 0x00, 0x00,
  0x00, 0x00, 0x00, 0x97, 0xFF, 0xFF, 0xFF, 0xFF, 0xFF, 0xFF, 0xFF, 0xFF, 0xFF, 0xFF, 0xFF, 0xC5,
  0x00, 0x00, 0x00, 0x00, 0x00, 0x07, 0xEE, 0xFF, 0x73, 0x00, 0x00, 0x00, 0x00, 0x00, 0x00, 0x00,
  0x6A, 0xFF, 0xFF, 0x2C, 0x00, 0x00, 0x00, 0x00, 0x57, 0xFF, 0xFE, 0x1E, 0x00, 0x00, 0x00, 0x00,
  0x00, 0x00, 0x00, 0x13, 0xFA, 0xFF, 0x92, 0x00, 0x00, 0x00, 0x00, 0xB8, 0xFF, 0xC5, 0x00, 0x00,
  0x00, 0x00, 0x00, 0x00, 0x00, 0x00, 0x00, 0xB1, 0xFF, 0xEF, 0x09, 0x00, 0x00, 0x1A, 0xFC, 0xFF,
  0x6D, 0x00, 0x00, 0x00, 0x00, 0x00, 0x00, 0x00, 0x00, 0x00, 0x54, 0xFF, 0xFF, 0x5F, 0x00, 0x00,
  0x78, 0xFF, 0xFD, 0x19, 0x00, 0x00, 0x00, 0x00, 0x00, 0x00, 0x00, 0x00, 0x00, 0x07, 0xEF, 0xFF,
  0xC5, 0x00, 0x00, 0xD7, 0xFF, 0xBF, 0x00, 0x00, 0x00, 0x00, 0x00, 0x00, 0x00, 0x00, 0x00, 0x00,
  0x00, 0x9A, 0xFF, 0xFF, 0x2C, 0x00, 0x18, 0xFF, 0xFF, 0xFF, 0xFF, 0xFF, 0xFF, 0xFF, 0xF3, 0xDF,
  0xA5, 0x45, 0x00, 0x00, 0x00, 0x00, 0x00, 0x18, 0xFF, 0xFF, 0xFF, 0xFF, 0xFF, 0xFF, 0xFF, 0xFF,
  0xFF, 0xFF, 0xFF, 0x8F, 0x00, 0x00, 0x00, 0x00, 0x18, 0xFF, 0xFF, 0x60, 0x00, 0x00, 0x00, 0x02,
  0x0D, 0x30, 0xA4, 0xFF, 0xFF, 0x59, 0x00, 0x00, 0x00, 0x18, 0xFF, 0xFF, 0x60, 0x00, 0x00, 0x00,
  0x00, 0x00, 0x00, 0x01, 0xC4, 0xFF, 0xCC, 0x00, 0x00, 0x00, 0x18, 0xFF, 0xFF, 0x60, 0x00, 0x00,
  0x00, 0x00, 0x00, 0x00, 0x00, 0x71, 0xFF, 0xFB, 0x04, 0x00, 0x00, 0x18, 0xFF, 0xFF, 0x60, 0x00,
  0x00, 0x00, 0x00, 0x00, 0x00, 0x00, 0x6E, 0xFF, 0xF9, 0x02, 0x00, 0x00, 0x18, 0xFF, 0xFF, 0x60,
  0x00, 0x00, 0x00, 0x00, 0x00, 0x00, 0x00, 0xBA, 0xFF, 0xBA, 0x00, 0x00, 0x00, 0x18, 0xFF, 0xFF,
  0x60, 0x00, 0x00, 0x00, 0x01, 0x0C, 0x32, 0xA4, 0xFF, 0xF8, 0x36, 0x00, 0x00, 0x00, 0x18, 0xFF,
  0xFF, 0xFF, 0xFF, 0xFF, 0xFF, 0xFF, 0xFF, 0xFF, 0xFF, 0xE6, 0x47, 0x00, 0x00, 0x00, 0x00, 0x18,
  0xFF, 0xFF, 0xFF, 0xFF, 0xFF, 0xFF, 0xFF, 0xFF, 0xFF, 0xFF, 0xEE, 0x86, 0x09, 0x00, 0x00, 0x00,
  0x18, 0xFF, 0xFF, 0x60, 0x00, 0x00, 0x00, 0x00, 0x0C, 0x26, 0x6E, 0xEC, 0xFF, 0xC3, 0x09, 0x00,
  0x00, 0x18, 0xFF, 0xFF, 0x60, 0x00, 0x00, 0x00, 0x00, 0x00, 0x00, 0x00, 0x35, 0xFE, 0xFF, 0x75,
  0x00, 0x00, 0x18, 0xFF, 0xFF, 0x60, 0x00, 0x00, 0x00, 0x00, 0x00, 0x00, 0x00, 0x00, 0xC0, 0xFF,
  0xCC, 0x00, 0x00, 0x18, 0xFF, 0xFF, 0x60, 0x00, 0x00, 0x00, 0x00, 0x00, 0x00, 0x00, 0x00, 0x9F,
  0xFF, 0xEB, 0x00, 0x00, 0x18, 0xFF, 0xFF, 0x60, 0x00, 0x00, 0x00, 0x00, 0x00, 0x00, 0x00, 0x00,
  0xBD, 0xFF, 0xD8, 0x00, 0x00, 0x18, 0xFF, 0xFF, 0x60, 0x00, 0x00, 0x00, 0x00, 0x00, 0x00, 0x00,
  0x2C, 0xFB, 0xFF, 0x92, 0x00, 0x00, 0x18, 0xFF, 0xFF, 0x60, 0x00, 0x00, 0x00, 0x00, 0x02, 0x15,
  0x5E, 0xE6, 0xFF, 0xF6, 0x21, 0x00, 0x00, 0x18, 0xFF, 0xFF, 0xFF, 0xFF, 0xFF, 0xFF, 0xFF, 0xFF,
  0xFF, 0xFF, 0xFF, 0xF5, 0x50, 0x00, 0x00, 0x00, 0x18, 0xFF, 0xFF, 0xFF, 0xFF, 0xFF, 0xFF, 0xFF,
  0xFA, 0xEB, 0xC7, 0x84, 0x1D, 0x00, 0x00, 0x00, 0x00, 0x00, 0x00, 0x00, 0x00, 0x02, 0x4F, 0xA5,
  0xDC, 0xF6, 0xF8, 0xE1, 0xAC, 0x50, 0x01, 0x00, 0x00, 0x00, 0x00, 0x00, 0x00, 0x00, 0x00, 0x33,
  0xD2, 0xFF, 0xFF, 0xFF, 0xFF, 0xFF, 0xFF, 0xFF, 0xFF, 0xC3, 0x19, 0x00, 0x00, 0x00, 0x00, 0x00,
  0x00, 0x45, 0xF6, 0xFF, 0xEC, 0x79, 0x2A, 0x09, 0x10, 0x36, 0x9D, 0xFB, 0xFF, 0xDC, 0x12, 0x00,
  0x00, 0x00, 0x00, 0x1D, 0xF0, 0xFF, 0xD9, 0x1B, 0x00, 0x00, 0x00, 0x00, 0x00, 0x00, 0x4E, 0xFD,
  0xFF, 0xA3, 0x00, 0x00, 0x00, 0x00, 0xA5, 0xFF, 0xF7, 0x1D, 0x00, 0x00, 0x00, 0x00, 0x00, 0x00,
  0x00, 0x00, 0x97, 0xFF, 0xFE, 0x22, 0x00, 0x00, 0x17, 0xFB, 0xFF, 0x8E, 0x00, 0x00, 0x00, 0x00,
  0x00, 0x00, 0x00, 0x00, 0x00, 0x25, 0xC2, 0x87, 0x23, 0x00, 0x00, 0x5E, 0xFF, 0xFF, 0x3A, 0x00,
  0x00, 0x00, 0x00, 0x00, 0x00, 0x00, 0x00, 0x00, 0x00, 0x00, 0x00, 0x00, 0x00, 0x00, 0x8F, 0xFF,
  0xFA, 0x05, 0x00, 0x00, 0x00, 0x00, 0x00, 0x00, 0x00, 0x00, 0x00, 0x00, 0x00, 0x00, 0x00, 0x00,
  0x00, 0xAA, 0xFF, 0xE5, 0x00, 0x00, 0x00, 0x00, 0x00, 0x00, 0x00, 0x00, 0x00, 0x00, 0x00, 0x00,
  0x00, 0x00, 0x00, 0x00, 0xAE, 0xFF, 0xD9, 0x00, 0x00, 0x00, 0x00, 0x00, 0x00, 0x00, 0x00, 0x00,
  0x00, 0x00, 0x00, 0x00, 0x00, 0x00, 0x00, 0x98, 0xFF, 0xEA, 0x00, 0x00, 0x00, 0x00, 0x00, 0x00,
  0x00, 0x00, 0x00, 0x00, 0x00, 0x00, 0x00, 0x00, 0x00, 0x00, 0x7F, 0xFF, 0xFC, 0x06, 0x00, 0x00,
  0x00, 0x00, 0x00, 0x00, 0x00, 0x00, 0x00, 0x00, 0x00, 0x00, 0x00, 0x00, 0x00, 0x47, 0xFF, 0xFF,
  0x3F, 0x00, 0x00, 0x00, 0x00, 0x00, 0x00, 0x00, 0x00, 0x00, 0x00, 0x86, 0x6A, 0x26, 0x00, 0x00,
  0x06, 0xF1, 0xFF, 0x8F, 0x00, 0x00, 0x00, 0x00, 0x00, 0x00, 0x00, 0x00, 0x00, 0x1C, 0xFD, 0xFF,
  0x8B, 0x00, 0x00, 0x00, 0x9B, 0xFF, 0xF8, 0x21, 0x00, 0x00, 0x00, 0x00, 0x00, 0x00, 0x00, 0x00,
  0x96, 0xFF, 0xFE, 0x2D, 0x00, 0x00, 0x00, 0x1E, 0xF2, 0xFF, 0xD4, 0x1E, 0x00, 0x00, 0x00, 0x00,
  0x00, 0x00, 0x60, 0xFE, 0xFF, 0xA4, 0x00, 0x00, 0x00, 0x00, 0x00, 0x55, 0xFD, 0xFF, 0xED, 0x83,
  0x2E, 0x0B, 0x0D, 0x3E, 0xA8, 0xFF, 0xFF, 0xD7, 0x10, 0x00, 0x00, 0x00, 0x00, 0x00, 0x00, 0x4F,
  0xEC, 0xFF, 0xFF, 0xFF, 0xFF, 0xFF, 0xFF, 0xFF, 0xFF, 0xBA, 0x15, 0x00, 0x00, 0x00, 0x00, 0x00,
  0x00, 0x00, 0x00, 0x0E, 0x6F, 0xB9, 0xE5, 0xF9, 0xF7, 0xDF, 0xA7, 0x49, 0x00, 0x00, 0x00, 0x00,
  0x00, 0x00, 0x00, 0xFF, 0xFF, 0xFF, 0xFF, 0xFF, 0xFF, 0xFF, 0xF9, 0xE8, 0xC4, 0x75, 0x14, 0x00,
  0x00, 0x00, 0x00, 0x00, 0x00, 0x00, 0xFF, 0xFF, 0xFF, 0xFF, 0xFF, 0xFF, 0xFF, 0xFF, 0xFF, 0xFF,
  0xFF, 0xEA, 0x4A, 0x00, 0x00, 0x00, 0x00, 0x00, 0x00, 0xFF, 0xFF, 0x78, 0x00, 0x00, 0x00, 0x01,
  0x0A, 0x25, 0x68, 0xE5, 0xFF, 0xF8, 0x3F, 0x00, 0x00, 0x00, 0x00, 0x00, 0xFF, 0xFF, 0x78, 0x00,
  0x00, 0x00, 0x00, 0x00, 0x00, 0x00, 0x18, 0xDB, 0xFF, 0xE9, 0x0A, 0x00, 0x00, 0x00, 0x00, 0xFF,
  0xFF, 0x78, 0x00, 0x00, 0x00, 0x00, 0x00, 0x00, 0x00, 0x00, 0x36, 0xFE, 0xFF, 0x75, 0x00, 0x00,
  0x00, 0x00, 0xFF, 0xFF, 0x78, 0x00, 0x00, 0x00, 0x00, 0x00, 0x00, 0x00, 0x00, 0x00, 0xB9, 0xFF,
  0xD0, 0x00, 0x00, 0x00, 0x00, 0xFF, 0xFF, 0x78, 0x00, 0x00, 0x00, 0x00, 0x00, 0x00, 0x00, 0x00,
  0x00, 0x6E, 0xFF, 0xFE, 0x14, 0x00, 0x00, 0x00, 0xFF, 0xFF, 0x78, 0x00, 0x00, 0x00, 0x00, 0x00,
  0x00, 0x00, 0x00, 0x00, 0x42, 0xFF, 0xFF, 0x3E, 0x00, 0x00, 0x00, 0xFF, 0xFF, 0x78, 0x00, 0x00,
  0x00, 0x00, 0x00, 0x00, 0x00, 0x00, 0x00, 0x2D, 0xFF, 0xFF, 0x52, 0x00, 0x00, 0x00, 0xFF, 0xFF,
  0x78, 0x00, 0x00, 0x00, 0x00, 0x00, 0x00, 0x00, 0x00, 0x00, 0x27, 0xFF, 0xFF, 0x5F, 0x00, 0x00,
  0x00, 0xFF, 0xFF, 0x78, 0x00, 0x00, 0x00, 0x00, 0x00, 0x00, 0x00, 0x00, 0x00, 0x36, 0xFF, 0xFF,
  0x52, 0x00, 0x00, 0x00, 0xFF, 0xFF, 0x78, 0x00, 0x00, 0x00, 0x00, 0x00, 0x00, 0x00, 0x00, 0x00,
  0x4C, 0xFF, 0xFF, 0x3C, 0x00, 0x00, 0x00, 0xFF, 0xFF, 0x78, 0x00, 0x00, 0x00, 0x00, 0x00, 0x00,
  0x00, 0x00, 0x00, 0x81, 0xFF, 0xFD, 0x0D, 0x00, 0x00, 0x00, 0xFF, 0xFF, 0x78, 0x00, 0x00, 0x00,
  0x00, 0x00, 0x00, 0x00, 0x00, 0x00, 0xCB, 0xFF, 0xC9, 0x00, 0x00, 0x00, 0x00, 0xFF, 0xFF, 0x78,
  0x00, 0x00, 0x00, 0x00, 0x00, 0x00, 0x00, 0x00, 0x3C, 0xFF, 0xFF, 0x6B, 0x00, 0x00, 0x00, 0x00,
  0xFF, 0xFF, 0x78, 0x00, 0x00, 0x00, 0x00, 0x00, 0x00, 0x00, 0x16, 0xDC, 0xFF, 0xE0, 0x08, 0x00,
  0x00, 0x00, 0x00, 0xFF, 0xFF, 0x78, 0x00, 0x00, 0x00, 0x01, 0x0E, 0x2D, 0x73, 0xE6, 0xFF, 0xF9,
  0x3B, 0x00, 0x00, 0x00, 0x00, 0x00, 0xFF, 0xFF, 0xFF, 0xFF, 0xFF, 0xFF, 0xFF, 0xFF, 0xFF, 0xFF,
  0xFF, 0xE9, 0x43, 0x00, 0x00, 0x00, 0x00, 0x00, 0x00, 0xFF, 0xFF, 0xFF, 0xFF, 0xFF, 0xFF, 0xFF,
  0xF6, 0xE2, 0xB7, 0x6C, 0x0D, 0x00, 0x00, 0x00, 0x00, 0x00, 0x00, 0x00, 0xF0, 0xFF, 0xFF, 0xFF,
  0xFF, 0xFF, 0xFF, 0xFF, 0xFF, 0xFF, 0xFF, 0xFF, 0xFF, 0x84, 0x00, 0x00, 0x00, 0xF0, 0xFF, 0xFF,
  0xFF, 0xFF, 0xFF, 0xFF, 0xFF, 0xFF, 0xFF, 0xFF, 0xFF, 0xFF, 0x84, 0x00, 0x00, 0x00, 0xF0, 0xFF,
  0x84, 0x00, 0x00, 0x00, 0x00, 0x00, 0x00, 0x00, 0x00, 0x00, 0x00, 0x00, 0x00, 0x00, 0x00, 0xF0,
  0xFF, 0x84, 0x00, 0x00, 0x00, 0x00, 0x00, 0x00, 0x00, 0x00, 0x00, 0x00, 0x00, 0x00, 0x00, 0x00,
  0xF0, 0xFF, 0x84, 0x00, 0x00, 0x00, 0x00, 0x00, 0x00, 0x00, 0x00, 0x00, 0x00, 0x00, 0x00, 0x00,
  0x00, 0xF0, 0xFF, 0x84, 0x00, 0x00, 0x00, 0x00, 0x00, 0x00, 0x00, 0x00, 0x00, 0x00, 0x00, 0x00,
  0x00, 0x00, 0xF0, 0xFF, 0x84, 0x00, 0x00, 0x00, 0x00, 0x00, 0x00, 0x00, 0x00, 0x00, 0x00, 0x00,
  0x00, 0x00, 0x00, 0xF0, 0xFF, 0x84, 0x00, 0x00, 0x00, 0x00, 0x00, 0x00, 0x00, 0x00, 0x00, 0x00,
  0x00, 0x00, 0x00, 0x00, 0xF0, 0xFF, 0xFF, 0xFF, 0xFF, 0xFF, 0xFF, 0xFF, 0xFF, 0xFF, 0xFF, 0xFF,
  0xD0, 0x00, 0x00, 0x00, 0x00, 0xF0, 0xFF, 0xFF, 0xFF, 0xFF, 0xFF, 0xFF, 0xFF, 0xFF, 0xFF, 0xFF,
  0xFF, 0xD0, 0x00, 0x00, 0x00, 0x00, 0xF0, 0xFF, 0x84, 0x00, 0x00, 0x00, 0x00, 0x00, 0x00, 0x00,
  0x00, 0x00, 0x00, 0x00, 0x00, 0x00, 0x00, 0xF0, 0xFF, 0x84, 0x00, 0x00, 0x00, 0x00, 0x00, 0x00,
  0x00, 0x00, 0x00, 0x00, 0x00, 0x00, 0x00, 0x00, 0xF0, 0xFF, 0x84, 0x00, 0x00, 0x00, 0x00, 0x00,
  0x00, 0x00, 0x00, 0x00, 0x00, 0x00, 0x00, 0x00, 0x00, 0xF0, 0xFF, 0x84, 0x00, 0x00, 0x00, 0x00,
  0x00, 0x00, 0x00, 0x00, 0x00, 0x00, 0x00, 0x00, 0x00, 0x00, 0xF0, 0xFF, 0x84, 0x00, 0x00, 0x00,
  0x00, 0x00, 0x00, 0x00, 0x00, 0x00, 0x00, 0x00, 0x00, 0x00, 0x00, 0xF0, 0xFF, 0x84, 0x00, 0x00,
  0x00, 0x00, 0x00, 0x00, 0x00, 0x00, 0x00, 0x00, 0x00, 0x00, 0x00, 0x00, 0xF0, 0xFF, 0x84, 0x00,
  0x00, 0x00, 0x00, 0x00, 0x00, 0x00, 0x00, 0x00, 0x00, 0x00, 0x00, 0x00, 0x00, 0xF0, 0xFF, 0xFF,
  0xFF, 0xFF, 0xFF, 0xFF, 0xFF, 0xFF, 0xFF, 0xFF, 0xFF, 0xFF, 0xF4, 0x00, 0x00, 0x00, 0xF0, 0xFF,
  0xFF, 0xFF, 0xFF, 0xFF, 0xFF, 0xFF, 0xFF, 0xFF, 0xFF, 0xFF, 0xFF, 0xF4, 0x00, 0x00, 0x00, 0xDC,
  0xFF, 0xFF, 0xFF, 0xFF, 0xFF, 0xFF, 0xFF, 0xFF, 0xFF, 0xFF, 0xFF, 0xB0, 0x00, 0x00, 0x00, 0xDC,
  0xFF, 0xFF, 0xFF, 0xFF, 0xFF, 0xFF, 0xFF, 0xFF, 0xFF, 0xFF, 0xFF, 0xB0, 0x00, 0x00, 0x00, 0xDC,
  0xFF, 0x98, 0x00, 0x00, 0x00, 0x00, 0x00, 0x00, 0x00, 0x00, 0x00, 0x00, 0x00, 0x00, 0x00, 0xDC,
  0xFF, 0x98, 0x00, 0x00, 0x00, 0x00, 0x00, 0x00, 0x00, 0x00, 0x00, 0x00, 0x00, 0x00, 0x00, 0xDC,
  0xFF, 0x98, 0x00, 0x00, 0x00, 0x00, 0x00, 0x00, 0x00, 0x00, 0x00, 0x00, 0x00, 0x00, 0x00, 0xDC,
  0xFF, 0x98, 0x00, 0x00, 0x00, 0x00, 0x00, 0x00, 0x00, 0x00, 0x00, 0x00, 0x00, 0x00, 0x00, 0xDC,
  0xFF, 0x98, 0x00, 0x00, 0x00, 0x00, 0x00, 0x00, 0x00, 0x00, 0x00, 0x00, 0x00, 0x00, 0x00, 0xDC,
  0xFF, 0x98, 0x00, 0x00, 0x00, 0x00, 0x00, 0x00, 0x00, 0x00, 0x00, 0x00, 0x00, 0x00, 0x00, 0xDC,
  0xFF, 0xFF, 0xFF, 0xFF, 0xFF, 0xFF, 0xFF, 0xFF, 0xFF, 0xFF, 0x54, 0x00, 0x00, 0x00, 0x00, 0xDC,
  0xFF, 0xFF, 0xFF, 0xFF, 0xFF, 0xFF, 0xFF, 0xFF, 0xFF, 0xFF, 0x54, 0x00, 0x00, 0x00, 0x00, 0xDC,
  0xFF, 0x98, 0x00, 0x00, 0x00, 0x00, 0x00, 0x00, 0x00, 0x00, 0x00, 0x00, 0x00, 0x00, 0x00, 0xDC,
  0xFF, 0x98, 0x00, 0x00, 0x00, 0x00, 0x00, 0x00, 0x00, 0x00, 0x00, 0x00, 0x00, 0x00, 0x00, 0xDC,
  0xFF, 0x98, 0x00, 0x00, 0x00, 0x00, 0x00, 0x00, 0x00, 0x00, 0x00, 0x00, 0x00, 0x00, 0x00, 0xDC,
  0xFF, 0x98, 0x00, 0x00, 0x00, 0x00, 0x00, 0x00, 0x00, 0x00, 0x00, 0x00, 0x00, 0x00, 0x00, 0xDC,
  0xFF, 0x98, 0x00, 0x00, 0x00, 0x00, 0x00, 0x00, 0x00, 0x00, 0x00, 0x00, 0x00, 0x00, 0x00, 0xDC,
  0xFF, 0x98, 0x00, 0x00, 0x00, 0x00, 0x00, 0x00, 0x00, 0x00, 0x00, 0x00, 0x00, 0x00, 0x00, 0xDC,
  0xFF, 0x98, 0x00, 0x00, 0x00, 0x00, 0x00, 0x00, 0x00, 0x00, 0x00, 0x00, 0x00, 0x00, 0x00, 0xDC,
  0xFF, 0x98, 0x00, 0x00, 0x00, 0x00, 0x00, 0x00, 0x00, 0x00, 0x00, 0x00, 0x00, 0x00, 0x00, 0xDC,
  0xFF, 0x98, 0x00, 0x00, 0x00, 0x00, 0x00, 0x00, 0x00, 0x00, 0x00, 0x00, 0x00, 0x00, 0x00, 0x00,
  0x00, 0x00, 0x00, 0x31, 0x8B, 0xC9, 0xED, 0xFB, 0xEE, 0xD6, 0x9A, 0x47, 0x00, 0x00, 0x00, 0x00,
  0x00, 0x00, 0x00, 0x00, 0x00, 0x19, 0xB0, 0xFF, 0xFF, 0xFF, 0xFF, 0xFF, 0xFF, 0xFF, 0xFF, 0xFF,
  0xC6, 0x1D, 0x00, 0x00, 0x00, 0x00, 0x00, 0x00, 0x21, 0xE1, 0xFF, 0xFF, 0xAE, 0x51, 0x1A, 0x06,
  0x12, 0x3E, 0x98, 0xFB, 0xFF, 0xE3, 0x13, 0x00, 0x00, 0x00, 0x00, 0x05, 0xD0, 0xFF, 0xF3, 0x4A,
  0x00, 0x00, 0x00, 0x00, 0x00, 0x00, 0x00, 0x3D, 0xF6, 0xFF, 0x9C, 0x00, 0x00, 0x00, 0x00, 0x6C,
  0xFF, 0xFF, 0x54, 0x00, 0x00, 0x00, 0x00, 0x00, 0x00, 0x00, 0x00, 0x00, 0x7B, 0xFF, 0xF7, 0x10,
  0x00, 0x00, 0x00, 0xDC, 0xFF, 0xC1, 0x00, 0x00, 0x00, 0x00, 0x00, 0x00, 0x00, 0x00, 0x00, 0x00,
  0x13, 0xC0, 0x7D, 0x15, 0x00, 0x00, 0x30, 0xFF, 0xFF, 0x66, 0x00, 0x00, 0x00, 0x00, 0x00, 0x00,
  0x00, 0x00, 0x00, 0x00, 0x00, 0x00, 0x00, 0x00, 0x00, 0x00, 0x6A, 0xFF, 0xFF, 0x21, 0x00, 0x00,
  0x00, 0x00, 0x00, 0x00, 0x00, 0x00, 0x00, 0x00, 0x00, 0x00, 0x00, 0x00, 0x00, 0x00, 0x8C, 0xFF,
  0xFE, 0x04, 0x00, 0x00, 0x00, 0x00, 0x00, 0x00, 0x00, 0x00, 0x00, 0x00, 0x00, 0x00, 0x00, 0x00,
  0x00, 0x00, 0x98, 0xFF, 0xF1, 0x00, 0x00, 0x00, 0x00, 0x00, 0x00, 0x48, 0xFF, 0xFF, 0xFF, 0xFF,
  0xFF, 0xFF, 0xFF, 0x98, 0x00, 0x00, 0x8F, 0xFF, 0xFE, 0x04, 0x00, 0x00, 0x00, 0x00, 0x00, 0x48,
  0xFF, 0xFF, 0xFF, 0xFF, 0xFF, 0xFF, 0xFF, 0x98, 0x00, 0x00, 0x71, 0xFF, 0xFF, 0x1C, 0x00, 0x00,
  0x00, 0x00, 0x00, 0x00, 0x00, 0x00, 0x00, 0x00, 0x00, 0xD0, 0xFF, 0x98, 0x00, 0x00, 0x39, 0xFF,
  0xFF, 0x5F, 0x00, 0x00, 0x00, 0x00, 0x00, 0x00, 0x00, 0x00, 0x00, 0x00, 0x00, 0xD0, 0xFF, 0x98,
  0x00, 0x00, 0x02, 0xE4, 0xFF, 0xBC, 0x00, 0x00, 0x00, 0x00, 0x00, 0x00, 0x00, 0x00, 0x00, 0x00,
  0x00, 0xD0, 0xFF, 0x98, 0x00, 0x00, 0x00, 0x72, 0xFF, 0xFF, 0x5D, 0x00, 0x00, 0x00, 0x00, 0x00,
  0x00, 0x00, 0x00, 0x00, 0x00, 0xD3, 0xFF, 0x98, 0x00, 0x00, 0x00, 0x05, 0xCD, 0xFF, 0xF4, 0x5D,
  0x00, 0x00, 0x00, 0x00, 0x00, 0x00, 0x00, 0x11, 0x9B, 0xFF, 0xFF, 0x98, 0x00, 0x00, 0x00, 0x00,
  0x1A, 0xD6, 0xFF, 0xFF, 0xBD, 0x5E, 0x23, 0x08, 0x13, 0x3B, 0x8C, 0xEF, 0xFF, 0xFF, 0xC9, 0x24,
  0x00, 0x00, 0x00, 0x00, 0x00, 0x0F, 0x98, 0xFC, 0xFF, 0xFF, 0xFF, 0xFF, 0xFF, 0xFF, 0xFF, 0xFF,
  0xE8, 0x73, 0x04, 0x00, 0x00, 0x00, 0x00, 0x00, 0x00, 0x00, 0x00, 0x1F, 0x7B, 0xBE, 0xE8, 0xFA,
  0xF2, 0xDA, 0xA6, 0x5C, 0x09, 0x00, 0x00, 0x00, 0x00, 0x00, 0x00, 0xEC, 0xFF, 0x8C, 0x00, 0x00,
  0x00, 0x00, 0x00, 0x00, 0x00, 0x00, 0x00, 0xC8, 0xFF, 0xB0, 0x00, 0x00, 0x00, 0x00, 0xEC, 0xFF,
  0x8C, 0x00, 0x00, 0x00, 0x00, 0x00, 0x00, 0x00, 0x00, 0x00, 0xC8, 0xFF, 0xB0, 0x00, 0x00, 0x00,
  0x00, 0xEC, 0xFF, 0x8C, 0x00, 0x00, 0x00, 0x00, 0x00, 0x00, 0x00, 0x00, 0x00, 0xC8, 0xFF, 0xB0,
  0x00, 0x00, 0x00, 0x00, 0xEC, 0xFF, 0x8C, 0x00, 0x00, 0x00, 0x00, 0x00, 0x00, 0x00, 0x00, 0x00,
  0xC8, 0xFF, 0xB0, 0x00, 0x00, 0x00, 0x00, 0xEC, 0xFF, 0x8C, 0x00, 0x00, 0x00, 0x00, 0x00, 0x00,
  0x00, 0x00, 0x00, 0xC8, 0xFF, 0xB0, 0x00, 0x00, 0x00, 0x00, 0xEC, 0xFF, 0x8C, 0x00, 0x00, 0x00,
  0x00, 0x00, 0x00, 0x00, 0x00, 0x00, 0xC8, 0xFF, 0xB0, 0x00, 0x00, 0x00, 0x00, 0xEC, 0xFF, 0x8C,
  0x00, 0x00, 0x00, 0x00, 0x00, 0x00, 0x00, 0x00, 0x00, 0xC8, 0xFF, 0xB0, 0x00, 0x00, 0x00, 0x00,
  0xEC, 0xFF, 0x8C, 0x00, 0x00, 0x00, 0x00, 0x00, 0x00, 0x00, 0x00, 0x00, 0xC8, 0xFF, 0xB0, 0x00,
  0x00, 0x00, 0x00, 0xEC, 0xFF, 0xFF, 0xFF, 0xFF, 0xFF, 0xFF, 0xFF, 0xFF, 0xFF, 0xFF, 0xFF, 0xFF,
  0xFF, 0xB0, 0x00, 0x00, 0x00, 0x00, 0xEC, 0xFF, 0xFF, 0xFF, 0xFF, 0xFF, 0xFF, 0xFF, 0xFF, 0xFF,
  0xFF, 0xFF, 0xFF, 0xFF, 0xB0, 0x00, 0x00, 0x00, 0x00, 0xEC, 0xFF, 0x8C, 0x00, 0x00, 0x00, 0x00,
  0x00, 0x00, 0x00, 0x00, 0x00, 0xC8, 0xFF, 0xB0, 0x00, 0x00, 0x00, 0x00, 0xEC, 0xFF, 0x8C, 0x00,
  0x00, 0x00, 0x00, 0x00, 0x00, 0x00, 0x00, 0x00, 0xC8, 0xFF, 0xB0, 0x00, 0x00, 0x00, 0x00, 0xEC,
  0xFF, 0x8C, 0x00, 0x00, 0x00, 0x00, 0x00, 0x00, 0x00, 0x00, 0x00, 0xC8, 0xFF, 0xB0, 0x00, 0x00,
  0x00, 0x00, 0xEC, 0xFF, 0x8C, 0x00, 0x00, 0x00, 0x00, 0x00, 0x00, 0x00, 0x00, 0x00, 0xC8, 0xFF,
  0xB0, 0x00, 0x00, 0x00, 0x00, 0xEC, 0xFF, 0x8C, 0x00, 0x00, 0x00, 0x00, 0x00, 0x00, 0x00, 0x00,
  0x00, 0xC8, 0xFF, 0xB0, 0x00, 0x00, 0x00, 0x00, 0xEC, 0xFF, 0x8C, 0x00, 0x00, 0x00, 0x00, 0x00,
  0x00, 0x00, 0x00, 0x00, 0xC8, 0xFF, 0xB0, 0x00, 0x00, 0x00, 0x00, 0xEC, 0xFF, 0x8C, 0x00, 0x00,
  0x00, 0x00, 0x00, 0x00, 0x00, 0x00, 0x00, 0xC8, 0xFF, 0xB0, 0x00, 0x00, 0x00, 0x00, 0xEC, 0xFF,
  0x8C, 0x00, 0x00, 0x00, 0x00, 0x00, 0x00, 0x00, 0x00, 0x00, 0xC8, 0xFF, 0xB0, 0x00, 0x00, 0x00,
  0x00, 0xEC, 0xFF, 0x8C, 0x00, 0x00, 0x00, 0x00, 0x00, 0x00, 0x00, 0x00, 0x00, 0xC8, 0xFF, 0xB0,
  0x00, 0x00, 0x00, 0x00, 0x94, 0xFF, 0xE4, 0x00, 0x00, 0x00, 0x00, 0x94, 0xFF, 0xE4, 0x00, 0x00,
  0x00, 0x00, 0x94, 0xFF, 0xE4, 0x00, 0x00, 0x00, 0x00, 0x94, 0xFF, 0xE4, 0x00, 0x00, 0x00, 0x00,
  0x94, 0xFF, 0xE4, 0x00, 0x00, 0x00, 0x00, 0x94, 0xFF, 0xE4, 0x00, 0x00, 0x00, 0x00, 0x94, 0xFF,
  0xE4, 0x00, 0x00, 0x00, 0x00, 0x94, 0xFF, 0xE4, 0x00, 0x00, 0x00, 0x00, 0x94, 0xFF, 0xE4, 0x00,
  0x00, 0x00, 0x00, 0x94, 0xFF, 0xE4, 0x00, 0x00, 0x00, 0x00, 0x94, 0xFF, 0xE4, 0x00, 0x00, 0x00,
  0x00, 0x94, 0xFF, 0xE4, 0x00, 0x00, 0x00, 0x00, 0x94, 0xFF, 0xE4, 0x00, 0x00, 0x00, 0x00, 0x94,
  0xFF, 0xE4, 0x00, 0x00, 0x00, 0x00, 0x94, 0xFF, 0xE4, 0x00, 0x00, 0x00, 0x00, 0x94, 0xFF, 0xE4,
  0x00, 0x00, 0x00, 0x00, 0x94, 0xFF, 0xE4, 0x00, 0x00, 0x00, 0x00, 0x94, 0xFF, 0xE4, 0x00, 0x00,
  0x00, 0x00, 0x94, 0xFF, 0xE4, 0x00, 0x00, 0x00, 0x00, 0x00, 0x00, 0x00, 0x00, 0x00, 0x00, 0x7C,
  0xFF, 0xFC, 0x00, 0x00, 0x00, 0x00, 0x00, 0x00, 0x00, 0x00, 0x00, 0x00, 0x7C, 0xFF, 0xFC, 0x00,
  0x00, 0x00, 0x00, 0x00, 0x00, 0x00, 0x00, 0x00, 0x00, 0x7C, 0xFF, 0xFC, 0x00, 0x00, 0x00, 0x00,
  0x00, 0x00, 0x00, 0x00, 0x00, 0x00, 0x7C, 0xFF, 0xFC, 0x00, 0x00, 0x00, 0x00, 0x00, 0x00, 0x00,
  0x00, 0x00, 0x00, 0x7C, 0xFF, 0xFC, 0x00, 0x00, 0x00, 0x00, 0x00, 0x00, 0x00, 0x00, 0x00, 0x00,
  0x7C, 0xFF, 0xFC, 0x00, 0x00, 0x00, 0x00, 0x00, 0x00, 0x00, 0x00, 0x00, 0x00, 0x7C, 0xFF, 0xFC,
  0x00, 0x00, 0x00, 0x00, 0x00, 0x00, 0x00, 0x00, 0x00, 0x00, 0x7C, 0xFF, 0xFC, 0x00, 0x00, 0x00,
  0x00, 0x00, 0x00, 0x00, 0x00, 0x00, 0x00, 0x7C, 0xFF, 0xFC, 0x00, 0x00, 0x00, 0x00, 0x00, 0x00,
  0x00, 0x00, 0x00, 0x00, 0x7C, 0xFF, 0xFC, 0x00, 0x00, 0x00, 0x00, 0x00, 0x00, 0x00, 0x00, 0x00,
  0x00, 0x7C, 0xFF, 0xFC, 0x00, 0x00, 0x00, 0x00, 0x00, 0x00, 0x00, 0x00, 0x00, 0x00, 0x7C, 0xFF,
  0xFC, 0x00, 0x00, 0x00, 0x00, 0x00, 0x00, 0x00, 0x00, 0x00, 0x00, 0x7C, 0xFF, 0xFB, 0x00, 0x00,
  0x2A, 0xCB, 0xED, 0x03, 0x00, 0x00, 0x00, 0x00, 0x81, 0xFF, 0xF5, 0x00, 0x00, 0x30, 0xFF, 0xFF,
  0x22, 0x00, 0x00, 0x00, 0x00, 0x93, 0xFF, 0xE0, 0x00, 0x00, 0x09, 0xFA, 0xFF, 0x6B, 0x00, 0x00,
  0x00, 0x00, 0xCF, 0xFF, 0xB1, 0x00, 0x00, 0x00, 0xAB, 0xFF, 0xEF, 0x56, 0x0D, 0x1E, 0x99, 0xFF,
  0xFF, 0x51, 0x00, 0x00, 0x00, 0x1E, 0xE5, 0xFF, 0xFF, 0xFF, 0xFF, 0xFF, 0xFF, 0x9D, 0x00, 0x00,
  0x00, 0x00, 0x00, 0x19, 0x94, 0xDF, 0xFA, 0xEC, 0xBE, 0x59, 0x00, 0x00, 0x00, 0x00, 0x00, 0x18,
  0xFF, 0xFF, 0x60, 0x00, 0x00, 0x00, 0x00, 0x00, 0x00, 0x00, 0x17, 0xD2, 0xFF, 0xFF, 0x71, 0x00,
  0x00, 0x18, 0xFF, 0xFF, 0x60, 0x00, 0x00, 0x00, 0x00, 0x00, 0x00, 0x1D, 0xD9, 0xFF, 0xFE, 0x6C,
  0x00, 0x00, 0x00, 0x18, 0xFF, 0xFF, 0x60, 0x00, 0x00, 0x00, 0x00, 0x00, 0x23, 0xE0, 0xFF, 0xFE,
  0x67, 0x00, 0x00, 0x00, 0x00, 0x18, 0xFF, 0xFF, 0x60, 0x00, 0x00, 0x00, 0x00, 0x2A, 0xE6, 0xFF,
  0xFD, 0x61, 0x00, 0x00, 0x00, 0x00, 0x00, 0x18, 0xFF, 0xFF, 0x60, 0x00, 0x00, 0x00, 0x31, 0xEB,
  0xFF, 0xFC, 0x5D, 0x00, 0x00, 0x00, 0x00, 0x00, 0x00, 0x18, 0xFF, 0xFF, 0x60, 0x00, 0x00, 0x3A,
  0xF0, 0xFF, 0xFB, 0x58, 0x00, 0x00, 0x00, 0x00, 0x00, 0x00, 0x00, 0x18, 0xFF, 0xFF, 0x60, 0x00,
  0x42, 0xF4, 0xFF, 0xFA, 0x53, 0x00, 0x00, 0x00, 0x00, 0x00, 0x00, 0x00, 0x00, 0x18, 0xFF, 0xFF,
  0x60, 0x4B, 0xF7, 0xFF, 0xFF, 0x65, 0x00, 0x00, 0x00, 0x00, 0x00, 0x00, 0x00, 0x00, 0x00, 0x18,
  0xFF, 0xFF, 0xB0, 0xFA, 0xFF, 0xFF, 0xFF, 0xBF, 0x02, 0x00, 0x00, 0x00, 0x00, 0x00, 0x00, 0x00,
  0x00, 0x18, 0xFF, 0xFF, 0xFF, 0xFF, 0xF3, 0xA7, 0xFF, 0xFF, 0x79, 0x00, 0x00, 0x00, 0x00, 0x00,
  0x00, 0x00, 0x00, 0x18, 0xFF, 0xFF, 0xFF, 0xE6, 0x32, 0x03, 0xC6, 0xFF, 0xFB, 0x36, 0x00, 0x00,
  0x00, 0x00, 0x00, 0x00, 0x00, 0x18, 0xFF, 0xFF, 0xD4, 0x1E, 0x00, 0x00, 0x24, 0xF4, 0xFF, 0xDC,
  0x0C, 0x00, 0x00, 0x00, 0x00, 0x00, 0x00, 0x18, 0xFF, 0xFF, 0x60, 0x00, 0x00, 0x00, 0x00, 0x6A,
  0xFF, 0xFF, 0xA1, 0x00, 0x00, 0x00, 0x00, 0x00, 0x00, 0x18, 0xFF, 0xFF, 0x60, 0x00, 0x00, 0x00,
  0x00, 0x00, 0xB9, 0xFF, 0xFF, 0x58, 0x00, 0x00, 0x00, 0x00, 0x00, 0x18, 0xFF, 0xFF, 0x60, 0x00,
  0x00, 0x00, 0x00, 0x00, 0x1B, 0xEF, 0xFF, 0xF0, 0x1F, 0x00, 0x00, 0x00, 0x00, 0x18, 0xFF, 0xFF,
  0x60, 0x00, 0x00, 0x00, 0x00, 0x00, 0x00, 0x5B, 0xFF, 0xFF, 0xC4, 0x03, 0x00, 0x00, 0x00, 0x18,
  0xFF, 0xFF, 0x60, 0x00, 0x00, 0x00, 0x00, 0x00, 0x00, 0x00, 0xAB, 0xFF, 0xFF, 0x80, 0x00, 0x00,
  0x00, 0x18, 0xFF, 0xFF, 0x60, 0x00, 0x00, 0x00, 0x00, 0x00, 0x00, 0x00, 0x14, 0xE7, 0xFF, 0xFC,
  0x3B, 0x00, 0x00, 0x18, 0xFF, 0xFF, 0x60, 0x00, 0x00, 0x00, 0x00, 0x00, 0x00, 0x00, 0x00, 0x4C,
  0xFF, 0xFF, 0xE0, 0x0F, 0x00, 0x18, 0xFF, 0xFF, 0x60, 0x00, 0x00, 0x00, 0x00, 0x00, 0x00, 0x00,
  0x00, 0x00, 0x00, 0x18, 0xFF, 0xFF, 0x60, 0x00, 0x00, 0x00, 0x00, 0x00, 0x00, 0x00, 0x00, 0x00,
  0x00, 0x18, 0xFF, 0xFF, 0x60, 0x00, 0x00, 0x00, 0x00, 0x00, 0x00, 0x00, 0x00, 0x00, 0x00, 0x18,
  0xFF, 0xFF, 0x60, 0x00, 0x00, 0x00, 0x00, 0x00, 0x00, 0x00, 0x00, 0x00, 0x00, 0x18, 0xFF, 0xFF,
  0x60, 0x00, 0x00, 0x00, 0x00, 0x00, 0x00, 0x00, 0x00, 0x00, 0x00, 0x18, 0xFF, 0xFF, 0x60, 0x00,
  0x00, 0x00, 0x00, 0x00, 0x00, 0x00, 0x00, 0x00, 0x00, 0x18, 0xFF, 0xFF, 0x60, 0x00, 0x00, 0x00,
  0x00, 0x00, 0x00, 0x00, 0x00, 0x00, 0x00, 0x18, 0xFF, 0xFF, 0x60, 0x00, 0x00, 0x00, 0x00, 0x00,
  0x00, 0x00, 0x00, 0x00, 0x00, 0x18, 0xFF, 0xFF, 0x60, 0x00, 0x00, 0x00, 0x00, 0x00, 0x00, 0x00,
  0x00, 0x00, 0x00, 0x18, 0xFF, 0xFF, 0x60, 0x00, 0x00, 0x00, 0x00, 0x00, 0x00, 0x00, 0x00, 0x00,
  0x00, 0x18, 0xFF, 0xFF, 0x60, 0x00, 0x00, 0x00, 0x00, 0x00, 0x00, 0x00, 0x00, 0x00, 0x00, 0x18,
  0xFF, 0xFF, 0x60, 0x00, 0x00, 0x00, 0x00, 0x00, 0x00, 0x00, 0x00, 0x00, 0x00, 0x18, 0xFF, 0xFF,
  0x60, 0x00, 0x00, 0x00, 0x00, 0x00, 0x00, 0x00, 0x00, 0x00, 0x00, 0x18, 0xFF, 0xFF, 0x60, 0x00,
  0x00, 0x00, 0x00, 0x00, 0x00, 0x00, 0x00, 0x00, 0x00, 0x18, 0xFF, 0xFF, 0x60, 0x00, 0x00, 0x00,
  0x00, 0x00, 0x00, 0x00, 0x00, 0x00, 0x00, 0x18, 0xFF, 0xFF, 0x60, 0x00, 0x00, 0x00, 0x00, 0x00,
  0x00, 0x00, 0x00, 0x00, 0x00, 0x18, 0xFF, 0xFF, 0x60, 0x00, 0x00, 0x00, 0x00, 0x00, 0x00, 0x00,
  0x00, 0x00, 0x00, 0x18, 0xFF, 0xFF, 0xFF, 0xFF, 0xFF, 0xFF, 0xFF, 0xFF, 0xFF, 0xFF, 0xFF, 0x88,
  0x00, 0x18, 0xFF, 0xFF, 0xFF, 0xFF, 0xFF, 0xFF, 0xFF, 0xFF, 0xFF, 0xFF, 0xFF, 0x88, 0x00, 0x10,
  0xFF, 0xFF, 0xFF, 0xCE, 0x00, 0x00, 0x00, 0x00, 0x00, 0x00, 0x00, 0x00, 0x00, 0x00, 0xCD, 0xFF,
  0xFF, 0xB0, 0x00, 0x00, 0x00, 0x10, 0xFF, 0xFF, 0xFF, 0xFF, 0x24, 0x00, 0x00, 0x00, 0x00, 0x00,
  0x00, 0x00, 0x00, 0x24, 0xFF, 0xFF, 0xFF, 0xB0, 0x00, 0x00, 0x00, 0x10, 0xFF, 0xFF, 0xD8, 0xFF,
  0x79, 0x00, 0x00, 0x00, 0x00, 0x00, 0x00, 0x00, 0x00, 0x7D, 0xFF, 0xD6, 0xFF, 0xB0, 0x00, 0x00,
  0x00, 0x10, 0xFF, 0xFF, 0x86, 0xFF, 0xCF, 0x00, 0x00, 0x00, 0x00, 0x00, 0x00, 0x00, 0x00, 0xD4,
  0xD5, 0xB0, 0xFF, 0xB0, 0x00, 0x00, 0x00, 0x10, 0xFF, 0xFF, 0x4D, 0xE7, 0xFF, 0x25, 0x00, 0x00,
  0x00, 0x00, 0x00, 0x00, 0x2D, 0xFF, 0x84, 0xB0, 0xFF, 0xB0, 0x00, 0x00, 0x00, 0x10, 0xFF, 0xFF,
  0x4C, 0x98, 0xFF, 0x7A, 0x00, 0x00, 0x00, 0x00, 0x00, 0x00, 0x85, 0xFF, 0x32, 0xB0, 0xFF, 0xB0,
  0x00, 0x00, 0x00, 0x10, 0xFF, 0xFF, 0x4C, 0x47, 0xFF, 0xD0, 0x00, 0x00, 0x00, 0x00, 0x00, 0x00,
  0xDC, 0xE0, 0x00, 0xB0, 0xFF, 0xB0, 0x00, 0x00, 0x00, 0x10, 0xFF, 0xFF, 0x4C, 0x05, 0xEF, 0xFF,
  0x26, 0x00, 0x00, 0x00, 0x00, 0x35, 0xFF, 0x8F, 0x00, 0xB0, 0xFF, 0xB0, 0x00, 0x00, 0x00, 0x10,
  0xFF, 0xFF, 0x4C, 0x00, 0xA4, 0xFF, 0x7B, 0x00, 0x00, 0x00, 0x00, 0x8D, 0xFF, 0x3E, 0x00, 0xB0,
  0xFF, 0xB0, 0x00, 0x00, 0x00, 0x10, 0xFF, 0xFF, 0x4C, 0x00, 0x53, 0xFF, 0xD1, 0x00, 0x00, 0x00,
  0x01, 0xE2, 0xEA, 0x03, 0x00, 0xB0, 0xFF, 0xB0, 0x00, 0x00, 0x00, 0x10, 0xFF, 0xFF, 0x4C, 0x00,
  0x0B, 0xF7, 0xFF, 0x27, 0x00, 0x00, 0x3D, 0xFF, 0x9B, 0x00, 0x00, 0xB0, 0xFF, 0xB0, 0x00, 0x00,
  0x00, 0x10, 0xFF, 0xFF, 0x4C, 0x00, 0x00, 0xB1, 0xFF, 0x7C, 0x00, 0x00, 0x95, 0xFF, 0x4A, 0x00,
  0x00, 0xB0, 0xFF, 0xB0, 0x00, 0x00, 0x00, 0x10, 0xFF, 0xFF, 0x4C, 0x00, 0x00, 0x60, 0xFF, 0xD2,
  0x00, 0x03, 0xE9, 0xF2, 0x06, 0x00, 0x00, 0xB0, 0xFF, 0xB0, 0x00, 0x00, 0x00, 0x10, 0xFF, 0xFF,
  0x4C, 0x00, 0x00, 0x13, 0xFB, 0xFF, 0x27, 0x44, 0xFF, 0xA7, 0x00, 0x00, 0x00, 0xB0, 0xFF, 0xB0,
  0x00, 0x00, 0x00, 0x10, 0xFF, 0xFF, 0x4C, 0x00, 0x00, 0x00, 0xBD, 0xFF, 0x7A, 0x99, 0xFF, 0x56,
  0x00, 0x00, 0x00, 0xB0, 0xFF, 0xB0, 0x00, 0x00, 0x00, 0x10, 0xFF, 0xFF, 0x4C, 0x00, 0x00, 0x00,
  0x6C, 0xFF, 0xCE, 0xE9, 0xF8, 0x0C, 0x00, 0x00, 0x00, 0xB0, 0xFF, 0xB0, 0x00, 0x00, 0x00, 0x10,
  0xFF, 0xFF, 0x4C, 0x00, 0x00, 0x00, 0x1C, 0xFE, 0xFF, 0xFF, 0xB3, 0x00, 0x00, 0x00, 0x00, 0xB0,
  0xFF, 0xB0, 0x00, 0x00, 0x00, 0x10, 0xFF, 0xFF, 0x4C, 0x00, 0x00, 0x00, 0x00, 0xCA, 0xFF, 0xFF,
  0x61, 0x00, 0x00, 0x00, 0x00, 0xB0, 0xFF, 0xB0, 0x00, 0x00, 0x00, 0x10, 0xFF, 0xFF, 0x4C, 0x00,
  0x00, 0x00, 0x00, 0x79, 0xFF, 0xFC, 0x14, 0x00, 0x00, 0x00, 0x00, 0xB0, 0xFF, 0xB0, 0x00, 0x00,
  0x00, 0x04, 0xFF, 0xFF, 0xCB, 0x02, 0x00, 0x00, 0x00, 0x00, 0x00, 0x00, 0x00, 0x00, 0xB8, 0xFF,
  0xA4, 0x00, 0x00, 0x00, 0x04, 0xFF, 0xFF, 0xFF, 0x6D, 0x00, 0x00, 0x00, 0x00, 0x00, 0x00, 0x00,
  0x00, 0xB8, 0xFF, 0xA4, 0x00, 0x00, 0x00, 0x04, 0xFF, 0xFF, 0xFF, 0xF1, 0x19, 0x00, 0x00, 0x00,
  0x00, 0x00, 0x00, 0x00, 0xB8, 0xFF, 0xA4, 0x00, 0x00, 0x00, 0x04, 0xFF, 0xFF, 0xC9, 0xFF, 0xA9,
  0x00, 0x00, 0x00, 0x00, 0x00, 0x00, 0x00, 0xB8, 0xFF, 0xA4, 0x00, 0x00, 0x00, 0x04, 0xFF, 0xFF,
  0x5C, 0xD1, 0xFF, 0x47, 0x00, 0x00, 0x00, 0x00, 0x00, 0x00, 0xB8, 0xFF, 0xA4, 0x00, 0x00, 0x00,
  0x04, 0xFF, 0xFF, 0x58, 0x39, 0xFE, 0xDC, 0x08, 0x00, 0x00, 0x00, 0x00, 0x00, 0xB8, 0xFF, 0xA4,
  0x00, 0x00, 0x00, 0x04, 0xFF, 0xFF, 0x58, 0x00, 0x9A, 0xFF, 0x84, 0x00, 0x00, 0x00, 0x00, 0x00,
  0xB8, 0xFF, 0xA4, 0x00, 0x00, 0x00, 0x04, 0xFF, 0xFF, 0x58, 0x00, 0x11, 0xEA, 0xF9, 0x28, 0x00,
  0x00, 0x00, 0x00, 0xB8, 0xFF, 0xA4, 0x00, 0x00, 0x00, 0x04, 0xFF, 0xFF, 0x58, 0x00, 0x00, 0x5D,
  0xFF, 0xBF, 0x00, 0x00, 0x00, 0x00, 0xB8, 0xFF, 0xA4, 0x00, 0x00, 0x00, 0x04, 0xFF, 0xFF, 0x58,
  0x00, 0x00, 0x00, 0xBE, 0xFF, 0x5E, 0x00, 0x00, 0x00, 0xB8, 0xFF, 0xA4, 0x00, 0x00, 0x00, 0x04,
  0xFF, 0xFF, 0x58, 0x00, 0x00, 0x00, 0x27, 0xF9, 0xEA, 0x12, 0x00, 0x00, 0xB8, 0xFF, 0xA4, 0x00,
  0x00, 0x00, 0x04, 0xFF, 0xFF, 0x58, 0x00, 0x00, 0x00, 0x00, 0x83, 0xFF, 0x9B, 0x00, 0x00, 0xB8,
  0xFF, 0xA4, 0x00, 0x00, 0x00, 0x04, 0xFF, 0xFF, 0x58, 0x00, 0x00, 0x00, 0x00, 0x08, 0xDC, 0xFE,
  0x3A, 0x00, 0xB8, 0xFF, 0xA4, 0x00, 0x00, 0x00, 0x04, 0xFF, 0xFF, 0x58, 0x00, 0x00, 0x00, 0x00,
  0x00, 0x46, 0xFF, 0xD2, 0x04, 0xB8, 0xFF, 0xA4, 0x00, 0x00, 0x00, 0x04, 0xFF, 0xFF, 0x58, 0x00,
  0x00, 0x00, 0x00, 0x00, 0x00, 0xA8, 0xFF, 0x75, 0xB8, 0xFF, 0xA4, 0x00, 0x00, 0x00, 0x04, 0xFF,
  0xFF, 0x58, 0x00, 0x00, 0x00, 0x00, 0x00, 0x00, 0x19, 0xF0, 0xF4, 0xD4, 0xFF, 0xA4, 0x00, 0x00,
  0x00, 0x04, 0xFF, 0xFF, 0x58, 0x00, 0x00, 0x00, 0x00, 0x00, 0x00, 0x00, 0x6C, 0xFF, 0xFF, 0xFF,
  0xA4, 0x00, 0x00, 0x00, 0x04, 0xFF, 0xFF, 0x58, 0x00, 0x00, 0x00, 0x00, 0x00, 0x00, 0x00, 0x02,
  0xCB, 0xFF, 0xFF, 0xA4, 0x00, 0x00, 0x00, 0x04, 0xFF, 0xFF, 0x58, 0x00, 0x00, 0x00, 0x00, 0x00,
  0x00, 0x00, 0x00, 0x32, 0xFC, 0xFF, 0xA4, 0x00, 0x00, 0x00, 0x00, 0x00, 0x00, 0x00, 0x00, 0x47,
  0x9B, 0xD8, 0xF0, 0xF9, 0xE5, 0xB4, 0x63, 0x08, 0x00, 0x00, 0x00, 0x00, 0x00, 0x00, 0x00, 0x00,
  0x00, 0x22, 0xC3, 0xFF, 0xFF, 0xFF, 0xFF, 0xFF, 0xFF, 0xFF, 0xFF, 0xE5, 0x3F, 0x00, 0x00, 0x00,
  0x00, 0x00, 0x00, 0x00, 0x33, 0xEB, 0xFF, 0xF9, 0x95, 0x3C, 0x10, 0x0B, 0x2D, 0x7E, 0xE9, 0xFF,
  0xFB, 0x68, 0x00, 0x00, 0x00, 0x00, 0x00, 0x14, 0xE2, 0xFF, 0xDF, 0x2E, 0x00, 0x00, 0x00, 0x00,
  0x00, 0x00, 0x14, 0xC4, 0xFF, 0xFC, 0x38, 0x00, 0x00, 0x00, 0x00, 0x96, 0xFF, 0xF4, 0x2A, 0x00,
  0x00, 0x00, 0x00, 0x00, 0x00, 0x00, 0x00, 0x0B, 0xE0, 0xFF, 0xD9, 0x05, 0x00, 0x00, 0x12, 0xF6,
  0xFF, 0x90, 0x00, 0x00, 0x00, 0x00, 0x00, 0x00, 0x00, 0x00, 0x00, 0x00, 0x51, 0xFF, 0xFF, 0x57,
  0x00, 0x00, 0x55, 0xFF, 0xFF, 0x33, 0x00, 0x00, 0x00, 0x00, 0x00, 0x00, 0x00, 0x00, 0x00, 0x00,
  0x05, 0xEF, 0xFF, 0xAA, 0x00, 0x00, 0x90, 0xFF, 0xF7, 0x04, 0x00, 0x00, 0x00, 0x00, 0x00, 0x00,
  0x00, 0x00, 0x00, 0x00, 0x00, 0xAF, 0xFF, 0xE1, 0x00, 0x00, 0xAA, 0xFF, 0xDF, 0x00, 0x00, 0x00,
  0x00, 0x00, 0x00, 0x00, 0x00, 0x00, 0x00, 0x00, 0x00, 0x94, 0xFF, 0xFE, 0x02, 0x00, 0xBA, 0xFF,
  0xD1, 0x00, 0x00, 0x00, 0x00, 0x00, 0x00, 0x00, 0x00, 0x00, 0x00, 0x00, 0x00, 0x81, 0xFF, 0xFF,
  0x0C, 0x00, 0xB5, 0xFF, 0xD8, 0x00, 0x00, 0x00, 0x00, 0x00, 0x00, 0x00, 0x00, 0x00, 0x00, 0x00,
  0x00, 0x8D, 0xFF, 0xFF, 0x03, 0x00, 0x97, 0xFF, 0xF1, 0x01, 0x00, 0x00, 0x00, 0x00, 0x00, 0x00,
  0x00, 0x00, 0x00, 0x00, 0x00, 0xAB, 0xFF, 0xE3, 0x00, 0x00, 0x5E, 0xFF, 0xFF, 0x2F, 0x00, 0x00,
  0x00, 0x00, 0x00, 0x00, 0x00, 0x00, 0x00, 0x00, 0x01, 0xE5, 0xFF, 0xAD, 0x00, 0x00, 0x12, 0xF7,
  0xFF, 0x93, 0x00, 0x00, 0x00, 0x00, 0x00, 0x00, 0x00, 0x00, 0x00, 0x00, 0x4A, 0xFF, 0xFF, 0x5C,
  0x00, 0x00, 0x00, 0x8E, 0xFF, 0xF9, 0x33, 0x00, 0x00, 0x00, 0x00, 0x00, 0x00, 0x00, 0x00, 0x0A,
  0xD7, 0xFF, 0xE3, 0x06, 0x00, 0x00, 0x00, 0x0A, 0xDA, 0xFF, 0xE6, 0x31, 0x00, 0x00, 0x00, 0x00,
  0x00, 0x00, 0x0E, 0xBC, 0xFF, 0xFF, 0x4F, 0x00, 0x00, 0x00, 0x00, 0x00, 0x2D, 0xE2, 0xFF, 0xFA,
  0x93, 0x38, 0x0E, 0x08, 0x27, 0x72, 0xE7, 0xFF, 0xFF, 0x78, 0x00, 0x00, 0x00, 0x00, 0x00, 0x00,
  0x00, 0x16, 0xBE, 0xFF, 0xFF, 0xFF, 0xFF, 0xFF, 0xFF, 0xFF, 0xFF, 0xE8, 0x55, 0x00, 0x00, 0x00,
  0x00, 0x00, 0x00, 0x00, 0x00, 0x00, 0x00, 0x44, 0x9F, 0xD9, 0xF6, 0xFA, 0xE5, 0xB3, 0x63, 0x09,
  0x00, 0x00, 0x00, 0x00, 0x00, 0x00, 0x00, 0xFF, 0xFF, 0xFF, 0xFF, 0xFF, 0xFF, 0xFF, 0xFC, 0xF4,
  0xDD, 0xA8, 0x4A, 0x00, 0x00, 0x00, 0x00, 0x00, 0xFF, 0xFF, 0xFF, 0xFF, 0xFF, 0xFF, 0xFF, 0xFF,
  0xFF, 0xFF, 0xFF, 0xFF, 0xA1, 0x02, 0x00, 0x00, 0x00, 0xFF, 0xFF, 0x78, 0x00, 0x00, 0x00, 0x00,
  0x01, 0x0A, 0x33, 0xBA, 0xFF, 0xFF, 0x6E, 0x00, 0x00, 0x00, 0xFF, 0xFF, 0x78, 0x00, 0x00, 0x00,
  0x00, 0x00, 0x00, 0x00, 0x07, 0xD7, 0xFF, 0xE1, 0x01, 0x00, 0x00, 0xFF, 0xFF, 0x78, 0x00, 0x00,
  0x00, 0x00, 0x00, 0x00, 0x00, 0x00, 0x76, 0xFF, 0xFF, 0x20, 0x00, 0x00, 0xFF, 0xFF, 0x78, 0x00,
  0x00, 0x00, 0x00, 0x00, 0x00, 0x00, 0x00, 0x5E, 0xFF, 0xFF, 0x31, 0x00, 0x00, 0xFF, 0xFF, 0x78,
  0x00, 0x00, 0x00, 0x00, 0x00, 0x00, 0x00, 0x00, 0x82, 0xFF, 0xFF, 0x18, 0x00, 0x00, 0xFF, 0xFF,
  0x78, 0x00, 0x00, 0x00, 0x00, 0x00, 0x00, 0x00, 0x0F, 0xE4, 0xFF, 0xD3, 0x00, 0x00, 0x00, 0xFF,
  0xFF, 0x78, 0x00, 0x00, 0x00, 0x00, 0x03, 0x16, 0x4F, 0xCC, 0xFF, 0xFF, 0x53, 0x00, 0x00, 0x00,
  0xFF, 0xFF, 0xFF, 0xFF, 0xFF, 0xFF, 0xFF, 0xFF, 0xFF, 0xFF, 0xFF, 0xFE, 0x7F, 0x00, 0x00, 0x00,
  0x00, 0xFF, 0xFF, 0xFF, 0xFF, 0xFF, 0xFF, 0xFF, 0xFC, 0xEF, 0xCF, 0x97, 0x33, 0x00, 0x00, 0x00,
  0x00, 0x00, 0xFF, 0xFF, 0x78, 0x00, 0x00, 0x00, 0x00, 0x00, 0x00, 0x00, 0x00, 0x00, 0x00, 0x00,
  0x00, 0x00, 0x00, 0xFF, 0xFF, 0x78, 0x00, 0x00, 0x00, 0x00, 0x00, 0x00, 0x00, 0x00, 0x00, 0x00,
  0x00, 0x00, 0x00, 0x00, 0xFF, 0xFF, 0x78, 0x00, 0x00, 0x00, 0x00, 0x00, 0x00, 0x00, 0x00, 0x00,
  0x00, 0x00, 0x00, 0x00, 0x00, 0xFF, 0xFF, 0x78, 0x00, 0x00, 0x00, 0x00, 0x00, 0x00, 0x00, 0x00,
  0x00, 0x00, 0x00, 0x00, 0x00, 0x00, 0xFF, 0xFF, 0x78, 0x00, 0x00, 0x00, 0x00, 0x00, 0x00, 0x00,
  0x00, 0x00, 0x00, 0x00, 0x00, 0x00, 0x00, 0xFF, 0xFF, 0x78, 0x00, 0x00, 0x00, 0x00, 0x00, 0x00,
  0x00, 0x00, 0x00, 0x00, 0x00, 0x00, 0x00, 0x00, 0xFF, 0xFF, 0x78, 0x00, 0x00, 0x00, 0x00, 0x00,
  0x00, 0x00, 0x00, 0x00, 0x00, 0x00, 0x00, 0x00, 0x00, 0xFF, 0xFF, 0x78, 0x00, 0x00, 0x00, 0x00,
  0x00, 0x00, 0x00, 0x00, 0x00, 0x00, 0x00, 0x00, 0x00, 0x00, 0x00, 0x00, 0x00, 0x03, 0x53, 0xA9,
  0xDE, 0xF7, 0xF8, 0xE0, 0xAB, 0x55, 0x03, 0x00, 0x00, 0x00, 0x00, 0x00, 0x00, 0x00, 0x00, 0x00,
  0x37, 0xD6, 0xFF, 0xFF, 0xFF, 0xFF, 0xFF, 0xFF, 0xFF, 0xFF, 0xD6, 0x2B, 0x00, 0x00, 0x00, 0x00,
  0x00, 0x00, 0x00, 0x4D, 0xF8, 0xFF, 0xF2, 0x83, 0x32, 0x0D, 0x0F, 0x33, 0x8E, 0xF2, 0xFF, 0xF3,
  0x4D, 0x00, 0x00, 0x00, 0x00, 0x00, 0x27, 0xF4, 0xFF, 0xD1, 0x1C, 0x00, 0x00, 0x00, 0x00, 0x00,
  0x00, 0x23, 0xD8, 0xFF, 0xF1, 0x1F, 0x00, 0x00, 0x00, 0x00, 0xB6, 0xFF, 0xE9, 0x19, 0x00, 0x00,
  0x00, 0x00, 0x00, 0x00, 0x00, 0x00, 0x1B, 0xF2, 0xFF, 0xBB, 0x00, 0x00, 0x00, 0x29, 0xFF, 0xFF,
  0x6E, 0x00, 0x00, 0x00, 0x00, 0x00, 0x00, 0x00, 0x00, 0x00, 0x00, 0x74, 0xFF, 0xFF, 0x32, 0x00,
  0x00, 0x7B, 0xFF, 0xFD, 0x10, 0x00, 0x00, 0x00, 0x00, 0x00, 0x00, 0x00, 0x00, 0x00, 0x00, 0x19,
  0xFE, 0xFF, 0x85, 0x00, 0x00, 0xB3, 0xFF, 0xD4, 0x00, 0x00, 0x00, 0x00, 0x00, 0x00, 0x00, 0x00,
  0x00, 0x00, 0x00, 0x00, 0xD2, 0xFF, 0xBC, 0x00, 0x00, 0xD2, 0xFF, 0xB8, 0x00, 0x00, 0x00, 0x00,
  0x00, 0x00, 0x00, 0x00, 0x00, 0x00, 0x00, 0x00, 0xB7, 0xFF, 0xDD, 0x00, 0x00, 0xDD, 0xFF, 0xAC,
  0x00, 0x00, 0x00, 0x00, 0x00, 0x00, 0x00, 0x00, 0x00, 0x00, 0x00, 0x00, 0xA5, 0xFF, 0xE7, 0x00,
  0x00, 0xD3, 0xFF, 0xB8, 0x00, 0x00, 0x00, 0x00, 0x00, 0x00, 0x00, 0x00, 0x00, 0x00, 0x00, 0x00,
  0xB3, 0xFF, 0xD7, 0x00, 0x00, 0xB3, 0xFF, 0xD5, 0x00, 0x00, 0x00, 0x00, 0x00, 0x00, 0x00, 0x00,
  0x00, 0x00, 0x00, 0x00, 0xD0, 0xFF, 0xC0, 0x00, 0x00, 0x7B, 0xFF, 0xFE, 0x13, 0x00, 0x00, 0x00,
  0x00, 0x00, 0x00, 0x00, 0x00, 0x00, 0x00, 0x10, 0xFD, 0xFF, 0x87, 0x00, 0x00, 0x29, 0xFF, 0xFF,
  0x73, 0x00, 0x00, 0x00, 0x00, 0x00, 0x1D, 0x13, 0x00, 0x00, 0x00, 0x72, 0xFF, 0xFF, 0x3D, 0x00,
  0x00, 0x00, 0xB0, 0xFF, 0xED, 0x1C, 0x00, 0x00, 0x00, 0x00, 0x99, 0xF9, 0xA5, 0x1A, 0x1C, 0xEA,
  0xFF, 0xC5, 0x00, 0x00, 0x00, 0x00, 0x18, 0xEB, 0xFF, 0xD4, 0x1E, 0x00, 0x00, 0x00, 0x81, 0xEA,
  0xFF, 0xEF, 0xDA, 0xFF, 0xF8, 0x36, 0x00, 0x00, 0x00, 0x00, 0x00, 0x43, 0xF0, 0xFF, 0xF3, 0x84,
  0x31, 0x0C, 0x0A, 0x3B, 0xE1, 0xFF, 0xFF, 0xFF, 0x69, 0x00, 0x00, 0x00, 0x00, 0x00, 0x00, 0x00,
  0x26, 0xD1, 0xFF, 0xFF, 0xFF, 0xFF, 0xFF, 0xFF, 0xFF, 0xFF, 0xFF, 0xFF, 0xEA, 0x65, 0x05, 0x00,
  0x00, 0x00, 0x00, 0x00, 0x00, 0x02, 0x53, 0xAA, 0xE0, 0xF8, 0xF6, 0xE2, 0xC4, 0x86, 0x59, 0xC8,
  0xFF, 0xFF, 0xE4, 0x19, 0x00, 0x00, 0x00, 0x00, 0x00, 0x00, 0x00, 0x00, 0x00, 0x00, 0x00, 0x00,
  0x00, 0x00, 0x00, 0x00, 0x53, 0xBD, 0xCE, 0x00, 0x00, 0x00, 0x00, 0x00, 0x00, 0x00, 0x00, 0x00,
  0x00, 0x00, 0x00, 0x00, 0x00, 0x00, 0x00, 0x00, 0x00, 0x00, 0x07, 0x00, 0x00, 0x00, 0xF4, 0xFF,
  0xFF, 0xFF, 0xFF, 0xFF, 0xFF, 0xFF, 0xFD, 0xF3, 0xD8, 0xA2, 0x31, 0x00, 0x00, 0x00, 0x00, 0x00,
  0x00, 0xF4, 0xFF, 0xFF, 0xFF, 0xFF, 0xFF, 0xFF, 0xFF, 0xFF, 0xFF, 0xFF, 0xFF, 0xFB, 0x60, 0x00,
  0x00, 0x00, 0x00, 0x00, 0xF4, 0xFF, 0x80, 0x00, 0x00, 0x00, 0x00, 0x00, 0x03, 0x1A, 0x63, 0xEB,
  0xFF, 0xF7, 0x24, 0x00, 0x00, 0x00, 0x00, 0xF4, 0xFF, 0x80, 0x00, 0x00, 0x00, 0x00, 0x00, 0x00,
  0x00, 0x00, 0x3C, 0xFE, 0xFF, 0x8E, 0x00, 0x00, 0x00, 0x00, 0xF4, 0xFF, 0x80, 0x00, 0x00, 0x00,
  0x00, 0x00, 0x00, 0x00, 0x00, 0x00, 0xC6, 0xFF, 0xCC, 0x00, 0x00, 0x00, 0x00, 0xF4, 0xFF, 0x80,
  0x00, 0x00, 0x00, 0x00, 0x00, 0x00, 0x00, 0x00, 0x00, 0xA5, 0xFF, 0xE5, 0x00, 0x00, 0x00, 0x00,
  0xF4, 0xFF, 0x80, 0x00, 0x00, 0x00, 0x00, 0x00, 0x00, 0x00, 0x00, 0x00, 0xCB, 0xFF, 0xD2, 0x00,
  0x00, 0x00, 0x00, 0xF4, 0xFF, 0x80, 0x00, 0x00, 0x00, 0x00, 0x00, 0x00, 0x00, 0x00, 0x45, 0xFF,
  0xFF, 0x91, 0x00, 0x00, 0x00, 0x00, 0xF4, 0xFF, 0x80, 0x00, 0x00, 0x00, 0x00, 0x00, 0x0B, 0x28,
  0x76, 0xF2, 0xFF, 0xF2, 0x1F, 0x00, 0x00, 0x00, 0x00, 0xF4, 0xFF, 0xFF, 0xFF, 0xFF, 0xFF, 0xFF,
  0xFF, 0xFF, 0xFF, 0xFF, 0xFF, 0xF1, 0x45, 0x00, 0x00, 0x00, 0x00, 0x00, 0xF4, 0xFF, 0xFF, 0xFF,
  0xFF, 0xFF, 0xFF, 0xFF, 0xFF, 0xFD, 0xD3, 0x85, 0x18, 0x00, 0x00, 0x00, 0x00, 0x00, 0x00, 0xF4,
  0xFF, 0x80, 0x00, 0x00, 0x01, 0x16, 0x80, 0xFA, 0xF8, 0x78, 0x01, 0x00, 0x00, 0x00, 0x00, 0x00,
  0x00, 0x00, 0xF4, 0xFF, 0x80, 0x00, 0x00, 0x00, 0x00, 0x00, 0x4C, 0xFB, 0xFF, 0x95, 0x00, 0x00,
  0x00, 0x00, 0x00, 0x00, 0x00, 0xF4, 0xFF, 0x80, 0x00, 0x00, 0x00, 0x00, 0x00, 0x00, 0x71, 0xFF,
  0xFF, 0x88, 0x00, 0x00, 0x00, 0x00, 0x00, 0x00, 0xF4, 0xFF, 0x80, 0x00, 0x00, 0x00, 0x00, 0x00,
  0x00, 0x00, 0xB4, 0xFF, 0xFF, 0x66, 0x00, 0x00, 0x00, 0x00, 0x00, 0xF4, 0xFF, 0x80, 0x00, 0x00,
  0x00, 0x00, 0x00, 0x00, 0x00, 0x16, 0xEB, 0xFF, 0xF3, 0x21, 0x00, 0x00, 0x00, 0x00, 0xF4, 0xFF,
  0x80, 0x00, 0x00, 0x00, 0x00, 0x00, 0x00, 0x00, 0x00, 0x56, 0xFF, 0xFF, 0xC0, 0x01, 0x00, 0x00,
  0x00, 0xF4, 0xFF, 0x80, 0x00, 0x00, 0x00, 0x00, 0x00, 0x00, 0x00, 0x00, 0x00, 0xAA, 0xFF, 0xFF,
  0x6F, 0x00, 0x00, 0x00, 0xF4, 0xFF, 0x80, 0x00, 0x00, 0x00, 0x00, 0x00, 0x00, 0x00, 0x00, 0x00,
  0x14, 0xE9, 0xFF, 0xF6, 0x26, 0x00, 0x00, 0x00, 0x00, 0x1F, 0x84, 0xCA, 0xEB, 0xF9, 0xE6, 0xC3,
  0x76, 0x15, 0x00, 0x00, 0x00, 0x00, 0x00, 0x00, 0x00, 0x69, 0xF7, 0xFF, 0xFF, 0xFF, 0xFF, 0xFF,
  0xFF, 0xFF, 0xEC, 0x51, 0x00, 0x00, 0x00, 0x00, 0x00, 0x4C, 0xFE, 0xFF, 0xB2, 0x41, 0x11, 0x04,
  0x14, 0x4F, 0xCE, 0xFF, 0xF9, 0x3B, 0x00, 0x00, 0x00, 0x00, 0xCE, 0xFF, 0xAE, 0x01, 0x00, 0x00,
  0x00, 0x00, 0x00, 0x0B, 0xDA, 0xFF, 0xCA, 0x00, 0x00, 0x00, 0x0B, 0xFF, 0xFF, 0x4C, 0x00, 0x00,
  0x00, 0x00, 0x00, 0x00, 0x00, 0x50, 0xFF, 0xFF, 0x2B, 0x00, 0x00, 0x11, 0xFF, 0xFF, 0x66, 0x00,
  0x00, 0x00, 0x00, 0x00, 0x00, 0x00, 0x11, 0xFD, 0xFF, 0x57, 0x00, 0x00, 0x00, 0xDA, 0xFF, 0xE6,
  0x32, 0x00, 0x00, 0x00, 0x00, 0x00, 0x00, 0x00, 0x00, 0x00, 0x00, 0x00, 0x00, 0x00, 0x55, 0xFF,
  0xFF, 0xFF, 0xC6, 0x78, 0x37, 0x05, 0x00, 0x00, 0x00, 0x00, 0x00, 0x00, 0x00, 0x00, 0x00, 0x00,
  0x61, 0xF2, 0xFF, 0xFF, 0xFF, 0xFF, 0xF5, 0xBA, 0x73, 0x1F, 0x00, 0x00, 0x00, 0x00, 0x00, 0x00,
  0x00, 0x00, 0x18, 0x7D, 0xD1, 0xFF, 0xFF, 0xFF, 0xFF, 0xFF, 0xFD, 0x97, 0x10, 0x00, 0x00, 0x00,
  0x00, 0x00, 0x00, 0x00, 0x00, 0x00, 0x18, 0x58, 0x98, 0xDD, 0xFF, 0xFF, 0xFF, 0xCB, 0x0D, 0x00,
  0x00, 0x00, 0x00, 0x00, 0x00, 0x00, 0x00, 0x00, 0x00, 0x00, 0x00, 0x35, 0xBA, 0xFF, 0xFF, 0x80,
  0x00, 0x00, 0xC2, 0xFF, 0x93, 0x00, 0x00, 0x00, 0x00, 0x00, 0x00, 0x00, 0x00, 0x02, 0xBB, 0xFF,
  0xD7, 0x00, 0x00, 0x9D, 0xFF, 0xCB, 0x00, 0x00, 0x00, 0x00, 0x00, 0x00, 0x00, 0x00, 0x00, 0x6F,
  0xFF, 0xF2, 0x00, 0x00, 0x54, 0xFF, 0xFF, 0x33, 0x00, 0x00, 0x00, 0x00, 0x00, 0x00, 0x00, 0x00,
  0x9D, 0xFF, 0xD4, 0x00, 0x00, 0x04, 0xDF, 0xFF, 0xDB, 0x1E, 0x00, 0x00, 0x00, 0x00, 0x00, 0x00,
  0x3A, 0xF9, 0xFF, 0x7D, 0x00, 0x00, 0x00, 0x36, 0xF8, 0xFF, 0xF1, 0x82, 0x2F, 0x0C, 0x0B, 0x30,
  0x88, 0xF7, 0xFF, 0xD7, 0x0F, 0x00, 0x00, 0x00, 0x00, 0x41, 0xE1, 0xFF, 0xFF, 0xFF, 0xFF, 0xFF,
  0xFF, 0xFF, 0xFF, 0xC6, 0x1E, 0x00, 0x00, 0x00, 0x00, 0x00, 0x00, 0x0D, 0x63, 0xB3, 0xDC, 0xF3,
  0xF6, 0xDE, 0xA9, 0x53, 0x01, 0x00, 0x00, 0x00, 0x64, 0xFF, 0xFF, 0xFF, 0xFF, 0xFF, 0xFF, 0xFF,
  0xFF, 0xFF, 0xFF, 0xFF, 0xFF, 0xFF, 0xFF, 0x5C, 0x64, 0xFF, 0xFF, 0xFF, 0xFF, 0xFF, 0xFF, 0xFF,
  0xFF, 0xFF, 0xFF, 0xFF, 0xFF, 0xFF, 0xFF, 0x5C, 0x00, 0x00, 0x00, 0x00, 0x00, 0x00, 0x44, 0xFF,
  0xFF, 0x34, 0x00, 0x00, 0x00, 0x00, 0x00, 0x00, 0x00, 0x00, 0x00, 0x00, 0x00, 0x00, 0x44, 0xFF,
  0xFF, 0x34, 0x00, 0x00, 0x00, 0x00, 0x00, 0x00, 0x00, 0x00, 0x00, 0x00, 0x00, 0x00, 0x44, 0xFF,
  0xFF, 0x34, 0x00, 0x00, 0x00, 0x00, 0x00, 0x00, 0x00, 0x00, 0x00, 0x00, 0x00, 0x00, 0x44, 0xFF,
  0xFF, 0x34, 0x00, 0x00, 0x00, 0x00, 0x00, 0x00, 0x00, 0x00, 0x00, 0x00, 0x00, 0x00, 0x44, 0xFF,
  0xFF, 0x34, 0x00, 0x00, 0x00, 0x00, 0x00, 0x00, 0x00, 0x00, 0x00, 0x00, 0x00, 0x00, 0x44, 0xFF,
  0xFF, 0x34, 0x00, 0x00, 0x00, 0x00, 0x00, 0x00, 0x00, 0x00, 0x00, 0x00, 0x00, 0x00, 0x44, 0xFF,
  0xFF, 0x34, 0x00, 0x00, 0x00, 0x00, 0x00, 0x00, 0x00, 0x00, 0x00, 0x00, 0x00, 0x00, 0x44, 0xFF,
  0xFF, 0x34, 0x00, 0x00, 0x00, 0x00, 0x00, 0x00, 0x00, 0x00, 0x00, 0x00, 0x00, 0x00, 0x44, 0xFF,
  0xFF, 0x34, 0x00, 0x00, 0x00, 0x00, 0x00, 0x00, 0x00, 0x00, 0x00, 0x00, 0x00, 0x00, 0x44, 0xFF,
  0xFF, 0x34, 0x00, 0x00, 0x00, 0x00, 0x00, 0x00, 0x00, 0x00, 0x00, 0x00, 0x00, 0x00, 0x44, 0xFF,
  0xFF, 0x34, 0x00, 0x00, 0x00, 0x00, 0x00, 0x00, 0x00, 0x00, 0x00, 0x00, 0x00, 0x00, 0x44, 0xFF,
  0xFF, 0x34, 0x00, 0x00, 0x00, 0x00, 0x00, 0x00, 0x00, 0x00, 0x00, 0x00, 0x00, 0x00, 0x44, 0xFF,
  0xFF, 0x34, 0x00, 0x00, 0x00, 0x00, 0x00, 0x00, 0x00, 0x00, 0x00, 0x00, 0x00, 0x00, 0x44, 0xFF,
  0xFF, 0x34, 0x00, 0x00, 0x00, 0x00, 0x00, 0x00, 0x00, 0x00, 0x00, 0x00, 0x00, 0x00, 0x44, 0xFF,
  0xFF, 0x34, 0x00, 0x00, 0x00, 0x00, 0x00, 0x00, 0x00, 0x00, 0x00, 0x00, 0x00, 0x00, 0x44, 0xFF,
  0xFF, 0x34, 0x00, 0x00, 0x00, 0x00, 0x00, 0x00, 0x00, 0x00, 0x00, 0x00, 0x00, 0x00, 0x44, 0xFF,
  0xFF, 0x34, 0x00, 0x00, 0x00, 0x00, 0x00, 0x00, 0x00, 0x00, 0xF4, 0xFF, 0x80, 0x00, 0x00, 0x00,
  0x00, 0x00, 0x00, 0x00, 0x00, 0x00, 0xC8, 0xFF, 0xB0, 0x00, 0x00, 0x00, 0x00, 0xF4, 0xFF, 0x80,
  0x00, 0x00, 0x00, 0x00, 0x00, 0x00, 0x00, 0x00, 0x00, 0xC8, 0xFF, 0xB0, 0x00, 0x00, 0x00, 0x00,
  0xF4, 0xFF, 0x80, 0x00, 0x00, 0x00, 0x00, 0x00, 0x00, 0x00, 0x00, 0x00, 0xC8, 0xFF, 0xB0, 0x00,
  0x00, 0x00, 0x00, 0xF4, 0xFF, 0x80, 0x00, 0x00, 0x00, 0x00, 0x00, 0x00, 0x00, 0x00, 0x00, 0xC8,
  0xFF, 0xB0, 0x00, 0x00, 0x00, 0x00, 0xF4, 0xFF, 0x80, 0x00, 0x00, 0x00, 0x00, 0x00, 0x00, 0x00,
  0x00, 0x00, 0xC8, 0xFF, 0xB0, 0x00, 0x00, 0x00, 0x00, 0xF4, 0xFF, 0x80, 0x00, 0x00, 0x00, 0x00,
  0x00, 0x00, 0x00, 0x00, 0x00, 0xC8, 0xFF, 0xB0, 0x00, 0x00, 0x00, 0x00, 0xF4, 0xFF, 0x80, 0x00,
  0x00, 0x00, 0x00, 0x00, 0x00, 0x00, 0x00, 0x00, 0xC8, 0xFF, 0xB0, 0x00, 0x00, 0x00, 0x00, 0xF4,
  0xFF, 0x80, 0x00, 0x00, 0x00, 0x00, 0x00, 0x00, 0x00, 0x00, 0x00, 0xC8, 0xFF, 0xB0, 0x00, 0x00,
  0x00, 0x00, 0xF4, 0xFF, 0x80, 0x00, 0x00, 0x00, 0x00, 0x00, 0x00, 0x00, 0x00, 0x00, 0xC8, 0xFF,
  0xB0, 0x00, 0x00, 0x00, 0x00, 0xF4, 0xFF, 0x80, 0x00, 0x00, 0x00, 0x00, 0x00, 0x00, 0x00, 0x00,
  0x00, 0xC8, 0xFF, 0xB0, 0x00, 0x00, 0x00, 0x00, 0xF3, 0xFF, 0x80, 0x00, 0x00, 0x00, 0x00, 0x00,
  0x00, 0x00, 0x00, 0x00, 0xC8, 0xFF, 0xAF, 0x00, 0x00, 0x00, 0x00, 0xEF, 0xFF, 0x83, 0x00, 0x00,
  0x00, 0x00, 0x00, 0x00, 0x00, 0x00, 0x00, 0xCF, 0xFF, 0xAA, 0x00, 0x00, 0x00, 0x00, 0xE0, 0xFF,
  0x90, 0x00, 0x00, 0x00, 0x00, 0x00, 0x00, 0x00, 0x00, 0x00, 0xDD, 0xFF, 0x9B, 0x00, 0x00, 0x00,
  0x00, 0xC2, 0xFF, 0xAF, 0x00, 0x00, 0x00, 0x00, 0x00, 0x00, 0x00, 0x00, 0x05, 0xFB, 0xFF, 0x7C,
  0x00, 0x00, 0x00, 0x00, 0x8E, 0xFF, 0xEC, 0x09, 0x00, 0x00, 0x00, 0x00, 0x00, 0x00, 0x00, 0x45,
  0xFF, 0xFF, 0x46, 0x00, 0x00, 0x00, 0x00, 0x35, 0xFE, 0xFF, 0x8D, 0x00, 0x00, 0x00, 0x00, 0x00,
  0x00, 0x06, 0xC4, 0xFF, 0xE7, 0x06, 0x00, 0x00, 0x00, 0x00, 0x00, 0x9B, 0xFF, 0xFF, 0xAD, 0x40,
  0x12, 0x05, 0x1A, 0x55, 0xCC, 0xFF, 0xFF, 0x59, 0x00, 0x00, 0x00, 0x00, 0x00, 0x00, 0x08, 0x9C,
  0xFF, 0xFF, 0xFF, 0xFF, 0xFF, 0xFF, 0xFF, 0xFF, 0xF8, 0x67, 0x00, 0x00, 0x00, 0x00, 0x00, 0x00,
  0x00, 0x00, 0x00, 0x39, 0x96, 0xD1, 0xEA, 0xFC, 0xF1, 0xCC, 0x89, 0x20, 0x00, 0x00, 0x00, 0x00,
  0x00, 0xB4, 0xFF, 0xEE, 0x06, 0x00, 0x00, 0x00, 0x00, 0x00, 0x00, 0x00, 0x00, 0x00, 0x00, 0x90,
  0xFF, 0xEC, 0x06, 0x52, 0xFF, 0xFF, 0x51, 0x00, 0x00, 0x00, 0x00, 0x00, 0x00, 0x00, 0x00, 0x00,
  0x05, 0xEA, 0xFF, 0x90, 0x00, 0x05, 0xEB, 0xFF, 0xAD, 0x00, 0x00, 0x00, 0x00, 0x00, 0x00, 0x00,
  0x00, 0x00, 0x4F, 0xFF, 0xFF, 0x2E, 0x00, 0x00, 0x90, 0xFF, 0xF8, 0x10, 0x00, 0x00, 0x00, 0x00,
  0x00, 0x00, 0x00, 0x00, 0xAF, 0xFF, 0xCC, 0x00, 0x00, 0x00, 0x2E, 0xFF, 0xFF, 0x64, 0x00, 0x00,
  0x00, 0x00, 0x00, 0x00, 0x00, 0x14, 0xFA, 0xFF, 0x6A, 0x00, 0x00, 0x00, 0x00, 0xCD, 0xFF, 0xC0,
  0x00, 0x00, 0x00, 0x00, 0x00, 0x00, 0x00, 0x6E, 0xFF, 0xF7, 0x10, 0x00, 0x00, 0x00, 0x00, 0x6C,
  0xFF, 0xFE, 0x1D, 0x00, 0x00, 0x00, 0x00, 0x00, 0x00, 0xCE, 0xFF, 0xA6, 0x00, 0x00, 0x00, 0x00,
  0x00, 0x12, 0xF8, 0xFF, 0x78, 0x00, 0x00, 0x00, 0x00, 0x00, 0x2D, 0xFF, 0xFF, 0x44, 0x00, 0x00,
  0x00, 0x00, 0x00, 0x00, 0xA9, 0xFF, 0xD3, 0x00, 0x00, 0x00, 0x00, 0x00, 0x8D, 0xFF, 0xE0, 0x01,
  0x00, 0x00, 0x00, 0x00, 0x00, 0x00, 0x48, 0xFF, 0xFF, 0x2F, 0x00, 0x00, 0x00, 0x04, 0xE8, 0xFF,
  0x7F, 0x00, 0x00, 0x00, 0x00, 0x00, 0x00, 0x00, 0x02, 0xE4, 0xFF, 0x8B, 0x00, 0x00, 0x00, 0x4C,
  0xFF, 0xFE, 0x1F, 0x00, 0x00, 0x00, 0x00, 0x00, 0x00, 0x00, 0x00, 0x86, 0xFF, 0xE4, 0x02, 0x00,
  0x00, 0xAC, 0xFF, 0xBB, 0x00, 0x00, 0x00, 0x00, 0x00, 0x00, 0x00, 0x00, 0x00, 0x25, 0xFF, 0xFF,
  0x42, 0x00, 0x12, 0xF9, 0xFF, 0x59, 0x00, 0x00, 0x00, 0x00, 0x00, 0x00, 0x00, 0x00, 0x00, 0x00,
  0xC3, 0xFF, 0x9D, 0x00, 0x69, 0xFF, 0xEF, 0x08, 0x00, 0x00, 0x00, 0x00, 0x00, 0x00, 0x00, 0x00,
  0x00, 0x00, 0x62, 0xFF, 0xED, 0x04, 0xBF, 0xFF, 0x95, 0x00, 0x00, 0x00, 0x00, 0x00, 0x00, 0x00,
  0x00, 0x00, 0x00, 0x00, 0x0C, 0xF4, 0xFF, 0x5B, 0xFD, 0xFF, 0x33, 0x00, 0x00, 0x00, 0x00, 0x00,
  0x00, 0x00, 0x00, 0x00, 0x00, 0x00, 0x00, 0x9F, 0xFF, 0xEB, 0xFF, 0xD1, 0x00, 0x00, 0x00, 0x00,
  0x00, 0x00, 0x00, 0x00, 0x00, 0x00, 0x00, 0x00, 0x00, 0x3E, 0xFF, 0xFF, 0xFF, 0x6F, 0x00, 0x00,
  0x00, 0x00, 0x00, 0x00, 0x00, 0x00, 0x00, 0x00, 0x00, 0x00, 0x00, 0x00, 0xDB, 0xFF, 0xF9, 0x13,
  0x00, 0x00, 0x00, 0x00, 0x00, 0x00, 0x00, 0x8F, 0xFF, 0xF1, 0x02, 0x00, 0x00, 0x00, 0x00, 0x00,
  0x00, 0x4C, 0xFF, 0xFF, 0xEE, 0x03, 0x00, 0x00, 0x00, 0x00, 0x00, 0x00, 0x5B, 0xFF, 0xFF, 0x1D,
  0x4C, 0xFF, 0xFF, 0x2D, 0x00, 0x00, 0x00, 0x00, 0x00, 0x00, 0x92, 0xFF, 0xFF, 0xFF, 0x37, 0x00,
  0x00, 0x00, 0x00, 0x00, 0x00, 0x97, 0xFF, 0xD8, 0x00, 0x0D, 0xFB, 0xFF, 0x67, 0x00, 0x00, 0x00,
  0x00, 0x00, 0x00, 0xD8, 0xFF, 0xE8, 0xFF, 0x7D, 0x00, 0x00, 0x00, 0x00, 0x00, 0x00, 0xD3, 0xFF,
  0x93, 0x00, 0x00, 0xC7, 0xFF, 0xA0, 0x00, 0x00, 0x00, 0x00, 0x00, 0x1D, 0xFF, 0xFB, 0x86, 0xFF,
  0xC2, 0x00, 0x00, 0x00, 0x00, 0x00, 0x11, 0xFE, 0xFF, 0x4E, 0x00, 0x00, 0x85, 0xFF, 0xDA, 0x00,
  0x00, 0x00, 0x00, 0x00, 0x64, 0xFF, 0xC9, 0x3B, 0xFF, 0xFA, 0x0C, 0x00, 0x00, 0x00, 0x00, 0x4C,
  0xFF, 0xFB, 0x0E, 0x00, 0x00, 0x42, 0xFF, 0xFF, 0x14, 0x00, 0x00, 0x00, 0x00, 0xAA, 0xFF, 0x84,
  0x04, 0xF1, 0xFF, 0x4D, 0x00, 0x00, 0x00, 0x00, 0x88, 0xFF, 0xC4, 0x00, 0x00, 0x00, 0x08, 0xF7,
  0xFF, 0x4D, 0x00, 0x00, 0x00, 0x02, 0xED, 0xFF, 0x3D, 0x00, 0xAF, 0xFF, 0x92, 0x00, 0x00, 0x00,
  0x00, 0xC4, 0xFF, 0x80, 0x00, 0x00, 0x00, 0x00, 0xBD, 0xFF, 0x86, 0x00, 0x00, 0x00, 0x36, 0xFF,
  0xF1, 0x04, 0x00, 0x68, 0xFF, 0xD8, 0x00, 0x00, 0x00, 0x07, 0xF8, 0xFF, 0x3B, 0x00, 0x00, 0x00,
  0x00, 0x7B, 0xFF, 0xC0, 0x00, 0x00, 0x00, 0x7C, 0xFF, 0xAE, 0x00, 0x00, 0x21, 0xFF, 0xFF, 0x1D,
  0x00, 0x00, 0x3D, 0xFF, 0xF2, 0x04, 0x00, 0x00, 0x00, 0x00, 0x38, 0xFF, 0xF5, 0x04, 0x00, 0x00,
  0xC2, 0xFF, 0x67, 0x00, 0x00, 0x00, 0xDB, 0xFF, 0x62, 0x00, 0x00, 0x79, 0xFF, 0xB1, 0x00, 0x00,
  0x00, 0x00, 0x00, 0x03, 0xF1, 0xFF, 0x33, 0x00, 0x0C, 0xFA, 0xFF, 0x20, 0x00, 0x00, 0x00, 0x94,
  0xFF, 0xA5, 0x00, 0x00, 0xB5, 0xFF, 0x6C, 0x00, 0x00, 0x00, 0x00, 0x00, 0x00, 0xB3, 0xFF, 0x6C,
  0x00, 0x4E, 0xFF, 0xD9, 0x00, 0x00, 0x00, 0x00, 0x4E, 0xFF, 0xE6, 0x00, 0x02, 0xEF, 0xFF, 0x27,
  0x00, 0x00, 0x00, 0x00, 0x00, 0x00, 0x71, 0xFF, 0xA6, 0x00, 0x93, 0xFF, 0x92, 0x00, 0x00, 0x00,
  0x00, 0x0C, 0xFA, 0xFF, 0x27, 0x2E, 0xFF, 0xE3, 0x00, 0x00, 0x00, 0x00, 0x00, 0x00, 0x00, 0x2E,
  0xFF, 0xDD, 0x00, 0xD7, 0xFF, 0x4B, 0x00, 0x00, 0x00, 0x00, 0x00, 0xC1, 0xFF, 0x63, 0x6C, 0xFF,
  0x9E, 0x00, 0x00, 0x00, 0x00, 0x00, 0x00, 0x00, 0x01, 0xEA, 0xFF, 0x2A, 0xFF, 0xF9, 0x0A, 0x00,
  0x00, 0x00, 0x00, 0x00, 0x7A, 0xFF, 0x93, 0xAA, 0xFF, 0x59, 0x00, 0x00, 0x00, 0x00, 0x00, 0x00,
  0x00, 0x00, 0xA9, 0xFF, 0x9D, 0xFF, 0xBC, 0x00, 0x00, 0x00, 0x00, 0x00, 0x00, 0x33, 0xFF, 0xC3,
  0xE4, 0xFE, 0x16, 0x00, 0x00, 0x00, 0x00, 0x00, 0x00, 0x00, 0x00, 0x67, 0xFF, 0xF9, 0xFF, 0x75,
  0x00, 0x00, 0x00, 0x00, 0x00, 0x00, 0x01, 0xEB, 0xF9, 0xFF, 0xCF, 0x00, 0x00, 0x00, 0x00, 0x00,
  0x00, 0x00, 0x00, 0x00, 0x24, 0xFF, 0xFF, 0xFF, 0x2E, 0x00, 0x00, 0x00, 0x00, 0x00, 0x00, 0x00,
  0xA6, 0xFF, 0xFF, 0x8A, 0x00, 0x00, 0x00, 0x00, 0x00, 0x00, 0x00, 0x00, 0x00, 0x00, 0xE1, 0xFF,
  0xE6, 0x00, 0x00, 0x00, 0x00, 0x00, 0x00, 0x00, 0x00, 0x5F, 0xFF, 0xFF, 0x46, 0x00, 0x00, 0x00,
  0x00, 0x00, 0x00, 0xAF, 0xFF, 0xFD, 0x3B, 0x00, 0x00, 0x00, 0x00, 0x00, 0x00, 0x00, 0x00, 0x60,
  0xFF, 0xFF, 0x50, 0x00, 0x00, 0x15, 0xE9, 0xFF, 0xDA, 0x09, 0x00, 0x00, 0x00, 0x00, 0x00, 0x00,
  0x22, 0xF2, 0xFF, 0x98, 0x00, 0x00, 0x00, 0x00, 0x4E, 0xFF, 0xFF, 0x90, 0x00, 0x00, 0x00, 0x00,
  0x00, 0x04, 0xC7, 0xFF, 0xD7, 0x0A, 0x00, 0x00, 0x00, 0x00, 0x00, 0x9D, 0xFF, 0xFE, 0x3D, 0x00,
  0x00, 0x00, 0x00, 0x82, 0xFF, 0xF9, 0x30, 0x00, 0x00, 0x00, 0x00, 0x00, 0x00, 0x0D, 0xDE, 0xFF,
  0xDC, 0x0A, 0x00, 0x00, 0x3A, 0xFC, 0xFF, 0x72, 0x00, 0x00, 0x00, 0x00, 0x00, 0x00, 0x00, 0x00,
  0x3D, 0xFD, 0xFF, 0x97, 0x00, 0x12, 0xE0, 0xFF, 0xB9, 0x01, 0x00, 0x00, 0x00, 0x00, 0x00, 0x00,
  0x00, 0x00, 0x00, 0x8A, 0xFF, 0xFF, 0x50, 0xB6, 0xFF, 0xEB, 0x18, 0x00, 0x00, 0x00, 0x00, 0x00,
  0x00, 0x00, 0x00, 0x00, 0x00, 0x07, 0xD2, 0xFF, 0xFC, 0xFF, 0xFF, 0x4D, 0x00, 0x00, 0x00, 0x00,
  0x00, 0x00, 0x00, 0x00, 0x00, 0x00, 0x00, 0x00, 0x2F, 0xF9, 0xFF, 0xFF, 0x95, 0x00, 0x00, 0x00,
  0x00, 0x00, 0x00, 0x00, 0x00, 0x00, 0x00, 0x00, 0x00, 0x00, 0x11, 0xE6, 0xFF, 0xFF, 0x87, 0x00,
  0x00, 0x00, 0x00, 0x00, 0x00, 0x00, 0x00, 0x00, 0x00, 0x00, 0x00, 0x00, 0xAE, 0xFF, 0xFF, 0xFF,
  0xFD, 0x3D, 0x00, 0x00, 0x00, 0x00, 0x00, 0x00, 0x00, 0x00, 0x00, 0x00, 0x00, 0x6A, 0xFF, 0xFF,
  0x84, 0xF5, 0xFF, 0xDF, 0x0E, 0x00, 0x00, 0x00, 0x00, 0x00, 0x00, 0x00, 0x00, 0x00, 0x2D, 0xF7,
  0xFF, 0xBC, 0x01, 0x6C, 0xFF, 0xFF, 0xA0, 0x00, 0x00, 0x00, 0x00, 0x00, 0x00, 0x00, 0x00, 0x0A,
  0xD6, 0xFF, 0xEC, 0x1B, 0x00, 0x01, 0xB9, 0xFF, 0xFF, 0x53, 0x00, 0x00, 0x00, 0x00, 0x00, 0x00,
  0x00, 0x9B, 0xFF, 0xFF, 0x50, 0x00, 0x00, 0x00, 0x1A, 0xED, 0xFF, 0xEC, 0x19, 0x00, 0x00, 0x00,
  0x00, 0x00, 0x56, 0xFF, 0xFF, 0x97, 0x00, 0x00, 0x00, 0x00, 0x00, 0x54, 0xFF, 0xFF, 0xB8, 0x01,
  0x00, 0x00, 0x00, 0x20, 0xF0, 0xFF, 0xD6, 0x09, 0x00, 0x00, 0x00, 0x00, 0x00, 0x00, 0xA0, 0xFF,
  0xFF, 0x6C, 0x00, 0x00, 0x04, 0xC7, 0xFF, 0xF8, 0x2F, 0x00, 0x00, 0x00, 0x00, 0x00, 0x00, 0x00,
  0x0E, 0xDF, 0xFF, 0xF6, 0x28, 0x00, 0x87, 0xFF, 0xFF, 0x6F, 0x00, 0x00, 0x00, 0x00, 0x00, 0x00,
  0x00, 0x00, 0x00, 0x3C, 0xFD, 0xFF, 0xCC, 0x05, 0x99, 0xFF, 0xFF, 0x63, 0x00, 0x00, 0x00, 0x00,
  0x00, 0x00, 0x00, 0x00, 0x00, 0x1A, 0xF1, 0xFF, 0xC9, 0x03, 0x0E, 0xE2, 0xFF, 0xED, 0x15, 0x00,
  0x00, 0x00, 0x00, 0x00, 0x00, 0x00, 0x00, 0xAD, 0xFF, 0xF7, 0x28, 0x00, 0x00, 0x49, 0xFF, 0xFF,
  0xA1, 0x00, 0x00, 0x00, 0x00, 0x00, 0x00, 0x00, 0x4D, 0xFF, 0xFF, 0x72, 0x00, 0x00, 0x00, 0x00,
  0xA2, 0xFF, 0xFF, 0x41, 0x00, 0x00, 0x00, 0x00, 0x00, 0x0B, 0xE1, 0xFF, 0xC2, 0x02, 0x00, 0x00,
  0x00, 0x00, 0x12, 0xE7, 0xFF, 0xD9, 0x07, 0x00, 0x00, 0x00, 0x00, 0x8E, 0xFF, 0xF4, 0x23, 0x00,
  0x00, 0x00, 0x00, 0x00, 0x00, 0x52, 0xFF, 0xFF, 0x80, 0x00, 0x00, 0x00, 0x32, 0xFC, 0xFF, 0x69,
  0x00, 0x00, 0x00, 0x00, 0x00, 0x00, 0x00, 0x00, 0xAB, 0xFF, 0xF9, 0x2F, 0x00, 0x07, 0xD3, 0xFF,
  0xBB, 0x01, 0x00, 0x00, 0x00, 0x00, 0x00, 0x00, 0x00, 0x00, 0x16, 0xEC, 0xFF, 0xD2, 0x09, 0x92,
  0xFF, 0xF1, 0x1D, 0x00, 0x00, 0x00, 0x00, 0x00, 0x00, 0x00, 0x00, 0x00, 0x00, 0x5C, 0xFF, 0xFF,
  0xCD, 0xFF, 0xFF, 0x61, 0x00, 0x00, 0x00, 0x00, 0x00, 0x00, 0x00, 0x00, 0x00, 0x00, 0x00, 0x00,
  0xB3, 0xFF, 0xFF, 0xFF, 0xB3, 0x00, 0x00, 0x00, 0x00, 0x00, 0x00, 0x00, 0x00, 0x00, 0x00, 0x00,
  0x00, 0x00, 0x1B, 0xF0, 0xFF, 0xED, 0x19, 0x00, 0x00, 0x00, 0x00, 0x00, 0x00, 0x00, 0x00, 0x00,
  0x00, 0x00, 0x00, 0x00, 0x00, 0xC0, 0xFF, 0xB8, 0x00, 0x00, 0x00, 0x00, 0x00, 0x00, 0x00, 0x00,
  0x00, 0x00, 0x00, 0x00, 0x00, 0x00, 0x00, 0xC0, 0xFF, 0xB8, 0x00, 0x00, 0x00, 0x00, 0x00, 0x00,
  0x00, 0x00, 0x00, 0x00, 0x00, 0x00, 0x00, 0x00, 0x00, 0xC0, 0xFF, 0xB8, 0x00, 0x00, 0x00, 0x00,
  0x00, 0x00, 0x00, 0x00, 0x00, 0x00, 0x00, 0x00, 0x00, 0x00, 0x00, 0xC0, 0xFF, 0xB8, 0x00, 0x00,
  0x00, 0x00, 0x00, 0x00, 0x00, 0x00, 0x00, 0x00, 0x00, 0x00, 0x00, 0x00, 0x00, 0xC0, 0xFF, 0xB8,
  0x00, 0x00, 0x00, 0x00, 0x00, 0x00, 0x00, 0x00, 0x00, 0x00, 0x00, 0x00, 0x00, 0x00, 0x00, 0xC0,
  0xFF, 0xB8, 0x00, 0x00, 0x00, 0x00, 0x00, 0x00, 0x00, 0x00, 0x00, 0x00, 0x00, 0x00, 0x00, 0x00,
  0x00, 0xC0, 0xFF, 0xB8, 0x00, 0x00, 0x00, 0x00, 0x00, 0x00, 0x00, 0x00, 0x00, 0x00, 0x00, 0x00,
  0x00, 0x00, 0x00, 0xC0, 0xFF, 0xB8, 0x00, 0x00, 0x00, 0x00, 0x00, 0x00, 0x00, 0x00, 0x00, 0x68,
  0xFF, 0xFF, 0xFF, 0xFF, 0xFF, 0xFF, 0xFF, 0xFF, 0xFF, 0xFF, 0xFF, 0xFF, 0xF0, 0x00, 0x00, 0x68,
  0xFF, 0xFF, 0xFF, 0xFF, 0xFF, 0xFF, 0xFF, 0xFF, 0xFF, 0xFF, 0xFF, 0xFF, 0xF0, 0x00, 0x00, 0x00,
  0x00, 0x00, 0x00, 0x00, 0x00, 0x00, 0x00, 0x00, 0x00, 0x60, 0xFF, 0xFF, 0x8C, 0x00, 0x00, 0x00,
  0x00, 0x00, 0x00, 0x00, 0x00, 0x00, 0x00, 0x00, 0x23, 0xF3, 0xFF, 0xC2, 0x04, 0x00, 0x00, 0x00,
  0x00, 0x00, 0x00, 0x00, 0x00, 0x00, 0x00, 0x05, 0xC9, 0xFF, 0xE7, 0x19, 0x00, 0x00, 0x00, 0x00,
  0x00, 0x00, 0x00, 0x00, 0x00, 0x00, 0x00, 0x93, 0xFF, 0xFC, 0x3F, 0x00, 0x00, 0x00, 0x00, 0x00,
  0x00, 0x00, 0x00, 0x00, 0x00, 0x00, 0x5A, 0xFF, 0xFF, 0x75, 0x00, 0x00, 0x00, 0x00, 0x00, 0x00,
  0x00, 0x00, 0x00, 0x00, 0x00, 0x2D, 0xF5, 0xFF, 0xAE, 0x00, 0x00, 0x00, 0x00, 0x00, 0x00, 0x00,
  0x00, 0x00, 0x00, 0x00, 0x0F, 0xDB, 0xFF, 0xDA, 0x0E, 0x00, 0x00, 0x00, 0x00, 0x00, 0x00, 0x00,
  0x00, 0x00, 0x00, 0x01, 0xB1, 0xFF, 0xF5, 0x2D, 0x00, 0x00, 0x00, 0x00, 0x00, 0x00, 0x00, 0x00,
  0x00, 0x00, 0x00, 0x7B, 0xFF, 0xFF, 0x5D, 0x00, 0x00, 0x00, 0x00, 0x00, 0x00, 0x00, 0x00, 0x00,
  0x00, 0x00, 0x45, 0xFD, 0xFF, 0x97, 0x00, 0x00, 0x00, 0x00, 0x00, 0x00, 0x00, 0x00, 0x00, 0x00,
  0x00, 0x1E, 0xEC, 0xFF, 0xCA, 0x06, 0x00, 0x00, 0x00, 0x00, 0x00, 0x00, 0x00, 0x00, 0x00, 0x00,
  0x07, 0xCB, 0xFF, 0xEC, 0x1E, 0x00, 0x00, 0x00, 0x00, 0x00, 0x00, 0x00, 0x00, 0x00, 0x00, 0x00,
  0x9B, 0xFF, 0xFD, 0x47, 0x00, 0x00, 0x00, 0x00, 0x00, 0x00, 0x00, 0x00, 0x00, 0x00, 0x00, 0x62,
  0xFF, 0xFF, 0x7F, 0x00, 0x00, 0x00, 0x00, 0x00, 0x00, 0x00, 0x00, 0x00, 0x00, 0x00, 0x31, 0xF7,
  0xFF, 0xBA, 0x02, 0x00, 0x00, 0x00, 0x00, 0x00, 0x00, 0x00, 0x00, 0x00, 0x00, 0x00, 0x7C, 0xFF,
  0xFF, 0xFF, 0xFF, 0xFF, 0xFF, 0xFF, 0xFF, 0xFF, 0xFF, 0xFF, 0xFF, 0xFF, 0xFF, 0x3C, 0x7C, 0xFF,
  0xFF, 0xFF, 0xFF, 0xFF, 0xFF, 0xFF, 0xFF, 0xFF, 0xFF, 0xFF, 0xFF, 0xFF, 0xFF, 0x3C, 0x00, 0x3C,
  0xFF, 0xFF, 0xFF, 0xFF, 0xD0, 0x00, 0x3C, 0xFF, 0xFF, 0xFF, 0xFF, 0xD0, 0x00, 0x3C, 0xFF, 0xFF,
  0x0C, 0x00, 0x00, 0x00, 0x3C, 0xFF, 0xFF, 0x0C, 0x00, 0x00, 0x00, 0x3C, 0xFF, 0xFF, 0x0C, 0x00,
  0x00, 0x00, 0x3C, 0xFF, 0xFF, 0x0C, 0x00, 0x00, 0x00, 0x3C, 0xFF, 0xFF, 0x0C, 0x00, 0x00, 0x00,
  0x3C, 0xFF, 0xFF, 0x0C, 0x00, 0x00, 0x00, 0x3C, 0xFF, 0xFF, 0x0C, 0x00, 0x00, 0x00, 0x3C, 0xFF,
  0xFF, 0x0C, 0x00, 0x00, 0x00, 0x3C, 0xFF, 0xFF, 0x0C, 0x00, 0x00, 0x00, 0x3C, 0xFF, 0xFF, 0x0C,
  0x00, 0x00, 0x00, 0x3C, 0xFF, 0xFF, 0x0C, 0x00, 0x00, 0x00, 0x3C, 0xFF, 0xFF, 0x0C, 0x00, 0x00,
  0x00, 0x3C, 0xFF, 0xFF, 0x0C, 0x00, 0x00, 0x00, 0x3C, 0xFF, 0xFF, 0x0C, 0x00, 0x00, 0x00, 0x3C,
  0xFF, 0xFF, 0x0C, 0x00, 0x00, 0x00, 0x3C, 0xFF, 0xFF, 0x0C, 0x00, 0x00, 0x00, 0x3C, 0xFF, 0xFF,
  0x0C, 0x00, 0x00, 0x00, 0x3C, 0xFF, 0xFF, 0x0C, 0x00, 0x00, 0x00, 0x3C, 0xFF, 0xFF, 0x0C, 0x00,
  0x00, 0x00, 0x3C, 0xFF, 0xFF, 0x0C, 0x00, 0x00, 0x00, 0x3C, 0xFF, 0xFF, 0xFF, 0xFF, 0xD0, 0x00,
  0x3C, 0xFF, 0xFF, 0xFF, 0xFF, 0xD0, 0xDC, 0xF4, 0x07, 0x00, 0x00, 0x00, 0x00, 0x00, 0x93, 0xFF,
  0x44, 0x00, 0x00, 0x00, 0x00, 0x00, 0x4B, 0xFF, 0x8C, 0x00, 0x00, 0x00, 0x00, 0x00, 0x0A, 0xF7,
  0xD5, 0x00, 0x00, 0x00, 0x00, 0x00, 0x00, 0xB9, 0xFF, 0x1E, 0x00, 0x00, 0x00, 0x00, 0x00, 0x71,
  0xFF, 0x66, 0x00, 0x00, 0x00, 0x00, 0x00, 0x28, 0xFF, 0xAE, 0x00, 0x00, 0x00, 0x00, 0x00, 0x00,
  0xDF, 0xF1, 0x05, 0x00, 0x00, 0x00, 0x00, 0x00, 0x97, 0xFF, 0x3F, 0x00, 0x00, 0x00, 0x00, 0x00,
  0x4E, 0xFF, 0x87, 0x00, 0x00, 0x00, 0x00, 0x00, 0x0C, 0xF9, 0xD0, 0x00, 0x00, 0x00, 0x00, 0x00,
  0x00, 0xBD, 0xFF, 0x19, 0x00, 0x00, 0x00, 0x00, 0x00, 0x74, 0xFF, 0x61, 0x00, 0x00, 0x00, 0x00,
  0x00, 0x2C, 0xFF, 0xA9, 0x00, 0x00, 0x00, 0x00, 0x00, 0x00, 0xE2, 0xEE, 0x03, 0x00, 0x00, 0x00,
  0x00, 0x00, 0x9A, 0xFF, 0x3A, 0x00, 0x00, 0x00, 0x00, 0x00, 0x52, 0xFF, 0x82, 0x00, 0x00, 0x00,
  0x00, 0x00, 0x0E, 0xFA, 0xCB, 0x00, 0x00, 0x00, 0x00, 0x00, 0x00, 0xC0, 0xFE, 0x15, 0x80, 0xFF,
  0xFF, 0xFF, 0xFF, 0x88, 0x00, 0x80, 0xFF, 0xFF, 0xFF, 0xFF, 0x88, 0x00, 0x00, 0x00, 0x00, 0xC0,
  0xFF, 0x88, 0x00, 0x00, 0x00, 0x00, 0xC0, 0xFF, 0x88, 0x00, 0x00, 0x00, 0x00, 0xC0, 0xFF, 0x88,
  0x00, 0x00, 0x00, 0x00, 0xC0, 0xFF, 0x88, 0x00, 0x00, 0x00, 0x00, 0xC0, 0xFF, 0x88, 0x00, 0x00,
  0x00, 0x00, 0xC0, 0xFF, 0x88, 0x00, 0x00, 0x00, 0x00, 0xC0, 0xFF, 0x88, 0x00, 0x00, 0x00, 0x00,
  0xC0, 0xFF, 0x88, 0x00, 0x00, 0x00, 0x00, 0xC0, 0xFF, 0x88, 0x00, 0x00, 0x00, 0x00, 0xC0, 0xFF,
  0x88, 0x00, 0x00, 0x00, 0x00, 0xC0, 0xFF, 0x88, 0x00, 0x00, 0x00, 0x00, 0xC0, 0xFF, 0x88, 0x00,
  0x00, 0x00, 0x00, 0xC0, 0xFF, 0x88, 0x00, 0x00, 0x00, 0x00, 0xC0, 0xFF, 0x88, 0x00, 0x00, 0x00,
  0x00, 0xC0, 0xFF, 0x88, 0x00, 0x00, 0x00, 0x00, 0xC0, 0xFF, 0x88, 0x00, 0x00, 0x00, 0x00, 0xC0,
  0xFF, 0x88, 0x00, 0x00, 0x00, 0x00, 0xC0, 0xFF, 0x88, 0x00, 0x00, 0x00, 0x00, 0xC0, 0xFF, 0x88,
  0x00, 0x00, 0x00, 0x00, 0xC0, 0xFF, 0x88, 0x00, 0x80, 0xFF, 0xFF, 0xFF, 0xFF, 0x88, 0x00, 0x80,
  0xFF, 0xFF, 0xFF, 0xFF, 0x88, 0x00, 0x00, 0x00, 0x00, 0x00, 0x15, 0xF7, 0xFF, 0x3D, 0x00, 0x00,
  0x00, 0x00, 0x00, 0x00, 0x00, 0x00, 0x80, 0xFF, 0xFF, 0xB0, 0x00, 0x00, 0x00, 0x00, 0x00, 0x00,
  0x00, 0x08, 0xEA, 0xE1, 0xBC, 0xFD, 0x25, 0x00, 0x00, 0x00, 0x00, 0x00, 0x00, 0x66, 0xFF, 0x81,
  0x56, 0xFF, 0x96, 0x00, 0x00, 0x00, 0x00, 0x00, 0x01, 0xD7, 0xFE, 0x21, 0x06, 0xEA, 0xF6, 0x13,
  0x00, 0x00, 0x00, 0x00, 0x4C, 0xFF, 0xBE, 0x00, 0x00, 0x8D, 0xFF, 0x7D, 0x00, 0x00, 0x00, 0x00,
  0xBE, 0xFF, 0x5C, 0x00, 0x00, 0x28, 0xFF, 0xE8, 0x07, 0x00, 0x00, 0x31, 0xFF, 0xF1, 0x0A, 0x00,
  0x00, 0x00, 0xC4, 0xFF, 0x63, 0x00, 0x00, 0xA4, 0xFF, 0x99, 0x00, 0x00, 0x00, 0x00, 0x5F, 0xFF,
  0xD5, 0x01, 0x1B, 0xFA, 0xFF, 0x38, 0x00, 0x00, 0x00, 0x00, 0x0A, 0xF0, 0xFF, 0x4A, 0x00, 0x00,
  0x00, 0x00, 0x00, 0x00, 0x00, 0x00, 0x00, 0x00, 0x00, 0x00, 0x00, 0x00, 0x00, 0x00, 0x00, 0x00,
  0x00, 0x00, 0x00, 0x00, 0x00, 0x00, 0x00, 0x00, 0x00, 0x00, 0x00, 0x00, 0x00, 0x00, 0x00, 0x00,
  0x00, 0x00, 0x00, 0x00, 0x00, 0x00, 0x00, 0x00, 0x00, 0x00, 0x00, 0x00, 0x00, 0x00, 0x00, 0x00,
  0x00, 0x00, 0x00, 0x00, 0x00, 0x00, 0x00, 0x00, 0x00, 0x00, 0x00, 0x00, 0x00, 0x00, 0x00, 0x00,
  0x00, 0x00, 0x00, 0x00, 0x00, 0x00, 0x00, 0x00, 0x00, 0x00, 0x00, 0x00, 0x00, 0x00, 0x00, 0x00,
  0x00, 0x00, 0x00, 0x00, 0x00, 0x00, 0x00, 0x00, 0x00, 0x00, 0x00, 0x00, 0x00, 0x00, 0x00, 0x00,
  0x00, 0x00, 0x00, 0x00, 0x00, 0x00, 0x00, 0x00, 0x00, 0x00, 0x00, 0x00, 0x00, 0x00, 0x00, 0x00,
  0x00, 0x00, 0x00, 0x00, 0x00, 0x00, 0x00, 0x00, 0x00, 0x00, 0x00, 0x00, 0x00, 0x00, 0x00, 0x00,
  0x00, 0x00, 0x00, 0x00, 0x00, 0x00, 0x00, 0x00, 0x00, 0x00, 0x00, 0x00, 0x00, 0x00, 0x00, 0x00,
  0x00, 0x00, 0x00, 0x00, 0x00, 0x00, 0x00, 0x00, 0x00, 0x00, 0x64, 0xFF, 0xFF, 0xFF, 0xFF, 0xFF,
  0xFF, 0xFF, 0xFF, 0xFF, 0xFF, 0xFF, 0xFF, 0xFF, 0xFF, 0xC0, 0x64, 0xFF, 0xFF, 0xFF, 0xFF, 0xFF,
  0xFF, 0xFF, 0xFF, 0xFF, 0xFF, 0xFF, 0xFF, 0xFF, 0xFF, 0xC0, 0x00, 0x83, 0xFF, 0xFF, 0x66, 0x00,
  0x00, 0x00, 0x00, 0x00, 0x03, 0xC3, 0xFF, 0xD3, 0x00, 0x00, 0x00, 0x00, 0x00, 0x00, 0x1D, 0xED,
  0xFF, 0x42, 0x00, 0x00, 0x00, 0x00, 0x00, 0x00, 0x4F, 0xFF, 0xB0, 0x00, 0x00, 0x00, 0x00, 0x00,
  0x00, 0x00, 0x00, 0x00, 0x00, 0x00, 0x00, 0x00, 0x00, 0x00, 0x00, 0x00, 0x00, 0x00, 0x00, 0x00,
  0x00, 0x00, 0x00, 0x00, 0x00, 0x00, 0x00, 0x00, 0x00, 0x00, 0x00, 0x00, 0x00, 0x00, 0x00, 0x00,
  0x00, 0x00, 0x00, 0x00, 0x00, 0x00, 0x00, 0x00, 0x00, 0x00, 0x00, 0x00, 0x00, 0x00, 0x00, 0x00,
  0x00, 0x00, 0x00, 0x00, 0x00, 0x00, 0x00, 0x00, 0x00, 0x00, 0x00, 0x00, 0x00, 0x00, 0x00, 0x00,
  0x00, 0x00, 0x00, 0x00, 0x00, 0x00, 0x00, 0x00, 0x00, 0x00, 0x00, 0x00, 0x00, 0x00, 0x00, 0x00,
  0x00, 0x00, 0x00, 0x00, 0x00, 0x00, 0x00, 0x00, 0x00, 0x00, 0x00, 0x00, 0x00, 0x00, 0x00, 0x00,
  0x00, 0x00, 0x00, 0x00, 0x00, 0x00, 0x00, 0x00, 0x00, 0x00, 0x00, 0x00, 0x00, 0x00, 0x00, 0x00,
  0x00, 0x00, 0x00, 0x00, 0x00, 0x00, 0x00, 0x00, 0x00, 0x00, 0x00, 0x00, 0x00, 0x00, 0x00, 0x00,
  0x00, 0x00, 0x00, 0x00, 0x00, 0x00, 0x00, 0x00, 0x23, 0x8E, 0xCF, 0xEF, 0xFB, 0xED, 0xC4, 0x73,
  0x0A, 0x00, 0x00, 0x00, 0x00, 0x5C, 0xFA, 0xFF, 0xFF, 0xFF, 0xFF, 0xFF, 0xFF, 0xFF, 0xCA, 0x06,
  0x00, 0x00, 0x22, 0xF8, 0xFF, 0xA5, 0x2F, 0x0C, 0x0D, 0x31, 0xA6, 0xFF, 0xFF, 0x60, 0x00, 0x00,
  0x83, 0xFF, 0xCE, 0x01, 0x00, 0x00, 0x00, 0x00, 0x02, 0xD9, 0xFF, 0x92, 0x00, 0x00, 0x00, 0x00,
  0x00, 0x00, 0x00, 0x00, 0x00, 0x00, 0x00, 0xB0, 0xFF, 0x9D, 0x00, 0x00, 0x00, 0x00, 0x00, 0x00,
  0x17, 0x3C, 0x5F, 0x8A, 0xC2, 0xFB, 0xFF, 0xA0, 0x00, 0x00, 0x00, 0x16, 0x86, 0xE8, 0xFF, 0xFF,
  0xFF, 0xFF, 0xFF, 0xFF, 0xFF, 0xA0, 0x00, 0x00, 0x23, 0xE7, 0xFF, 0xFF, 0xFA, 0xD4, 0xAD, 0x7F,
  0x42, 0xB1, 0xFF, 0xA0, 0x00, 0x00, 0xB2, 0xFF, 0xF2, 0x5D, 0x08, 0x00, 0x00, 0x00, 0x00, 0xBA,
  0xFF, 0xA0, 0x00, 0x03, 0xFA, 0xFF, 0x7A, 0x00, 0x00, 0x00, 0x00, 0x00, 0x03, 0xE9, 0xFF, 0xA3,
  0x00, 0x06, 0xFF, 0xFF, 0x80, 0x00, 0x00, 0x00, 0x00, 0x00, 0x82, 0xFF, 0xFF, 0xA9, 0x00, 0x00,
  0xCB, 0xFF, 0xF3, 0x5C, 0x12, 0x0B, 0x39, 0xA8, 0xFF, 0xFF, 0xFF, 0xB7, 0x00, 0x00, 0x3D, 0xF9,
  0xFF, 0xFF, 0xFF, 0xFF, 0xFF, 0xFF, 0xC0, 0x83, 0xFF, 0xDE, 0x00, 0x00, 0x00, 0x31, 0xAC, 0xEA,
  0xFB, 0xEA, 0xB5, 0x54, 0x01, 0x30, 0xFF, 0xFF, 0x2B, 0x00, 0x4C, 0xFF, 0xFC, 0x00, 0x00, 0x00,
  0x00, 0x00, 0x00, 0x00, 0x00, 0x00, 0x00, 0x00, 0x4C, 0xFF, 0xFC, 0x00, 0x00, 0x00, 0x00, 0x00,
  0x00, 0x00, 0x00, 0x00, 0x00, 0x00, 0x4C, 0xFF, 0xFC, 0x00, 0x00, 0x00, 0x00, 0x00, 0x00, 0x00,
  0x00, 0x00, 0x00, 0x00, 0x4C, 0xFF, 0xFC, 0x00, 0x00, 0x00, 0x00, 0x00, 0x00, 0x00, 0x00, 0x00,
  0x00, 0x00, 0x4C, 0xFF, 0xFC, 0x00, 0x00, 0x00, 0x00, 0x00, 0x00, 0x00, 0x00, 0x00, 0x00, 0x00,
  0x4C, 0xFF, 0xFC, 0x01, 0x66, 0xD1, 0xF7, 0xE9, 0xAC, 0x39, 0x00, 0x00, 0x00, 0x00, 0x4C, 0xFF,
  0xFC, 0x9C, 0xFF, 0xFF, 0xFF, 0xFF, 0xFF, 0xFE, 0x72, 0x00, 0x00, 0x00, 0x4C, 0xFF, 0xFF, 0xFF,
  0xB6, 0x2E, 0x07, 0x30, 0xBC, 0xFF, 0xFE, 0x3F, 0x00, 0x00, 0x4C, 0xFF, 0xFF, 0xBA, 0x03, 0x00,
  0x00, 0x00, 0x05, 0xC9, 0xFF, 0xBF, 0x00, 0x00, 0x4C, 0xFF, 0xFF, 0x32, 0x00, 0x00, 0x00, 0x00,
  0x00, 0x4E, 0xFF, 0xFF, 0x15, 0x00, 0x4C, 0xFF, 0xEC, 0x00, 0x00, 0x00, 0x00, 0x00, 0x00, 0x10,
  0xFF, 0xFF, 0x48, 0x00, 0x4C, 0xFF, 0xD1, 0x00, 0x00, 0x00, 0x00, 0x00, 0x00, 0x00, 0xF7, 0xFF,
  0x5D, 0x00, 0x4C, 0xFF, 0xD1, 0x00, 0x00, 0x00, 0x00, 0x00, 0x00, 0x00, 0xF8, 0xFF, 0x57, 0x00,
  0x4C, 0xFF, 0xE6, 0x00, 0x00, 0x00, 0x00, 0x00, 0x00, 0x14, 0xFF, 0xFF, 0x3F, 0x00, 0x4C, 0xFF,
  0xFF, 0x1F, 0x00, 0x00, 0x00, 0x00, 0x00, 0x57, 0xFF, 0xFC, 0x0C, 0x00, 0x4C, 0xFF, 0xFF, 0xA0,
  0x00, 0x00, 0x00, 0x00, 0x0A, 0xD5, 0xFF, 0xAD, 0x00, 0x00, 0x4C, 0xFF, 0xFE, 0xFF, 0x9C, 0x24,
  0x07, 0x39, 0xC9, 0xFF, 0xF5, 0x29, 0x00, 0x00, 0x4C, 0xFF, 0xD4, 0xA9, 0xFF, 0xFF, 0xFF, 0xFF,
  0xFF, 0xF6, 0x4C, 0x00, 0x00, 0x00, 0x4C, 0xFF, 0xD4, 0x02, 0x75, 0xD9, 0xF9, 0xE5, 0x9F, 0x23,
  0x00, 0x00, 0x00, 0x00, 0x00, 0x00, 0x08, 0x68, 0xC4, 0xEB, 0xF8, 0xD6, 0x80, 0x0B, 0x00, 0x00,
  0x00, 0x00, 0x1D, 0xCE, 0xFF, 0xFF, 0xFF, 0xFF, 0xFF, 0xFF, 0xD2, 0x12, 0x00, 0x00, 0x02, 0xC6,
  0xFF, 0xF2, 0x6A, 0x17, 0x0E, 0x54, 0xEA, 0xFF, 0xAB, 0x00, 0x00, 0x55, 0xFF, 0xFE, 0x3F, 0x00,
  0x00, 0x00, 0x00, 0x44, 0xFF, 0xFF, 0x24, 0x00, 0xA6, 0xFF, 0xBA, 0x00, 0x00, 0x00, 0x00, 0x00,
  0x00, 0xD6, 0xFF, 0x6E, 0x00, 0xD9, 0xFF, 0x7B, 0x00, 0x00, 0x00, 0x00, 0x00, 0x00, 0x00, 0x00,
  0x00, 0x00, 0xF0, 0xFF, 0x62, 0x00, 0x00, 0x00, 0x00, 0x00, 0x00, 0x00, 0x00, 0x00, 0x00, 0xF4,
  0xFF, 0x62, 0x00, 0x00, 0x00, 0x00, 0x00, 0x00, 0x00, 0x00, 0x00, 0x00, 0xE1, 0xFF, 0x7A, 0x00,
  0x00, 0x00, 0x00, 0x00, 0x00, 0x00, 0x00, 0x00, 0x00, 0xAF, 0xFF, 0xB6, 0x00, 0x00, 0x00, 0x00,
  0x00, 0x00, 0xA3, 0xFF, 0xA5, 0x00, 0x5B, 0xFF, 0xFC, 0x35, 0x00, 0x00, 0x00, 0x00, 0x1C, 0xF0,
  0xFF, 0x57, 0x00, 0x05, 0xCE, 0xFF, 0xEC, 0x5F, 0x11, 0x0E, 0x48, 0xD5, 0xFF, 0xD2, 0x05, 0x00,
  0x00, 0x1F, 0xD7, 0xFF, 0xFF, 0xFF, 0xFF, 0xFF, 0xFF, 0xE0, 0x22, 0x00, 0x00, 0x00, 0x00, 0x0A,
  0x75, 0xCA, 0xF2, 0xF9, 0xD7, 0x84, 0x10, 0x00, 0x00, 0x00, 0x00, 0x00, 0x00, 0x00, 0x00, 0x00,
  0x00, 0x00, 0x00, 0xB0, 0xFF, 0x94, 0x00, 0x00, 0x00, 0x00, 0x00, 0x00, 0x00, 0x00, 0x00, 0x00,
  0x00, 0xB0, 0xFF, 0x94, 0x00, 0x00, 0x00, 0x00, 0x00, 0x00, 0x00, 0x00, 0x00, 0x00, 0x00, 0xB0,
  0xFF, 0x94, 0x00, 0x00, 0x00, 0x00, 0x00, 0x00, 0x00, 0x00, 0x00, 0x00, 0x00, 0xB0, 0xFF, 0x94,
  0x00, 0x00, 0x00, 0x00, 0x00, 0x00, 0x00, 0x00, 0x00, 0x00, 0x00, 0xB0, 0xFF, 0x94, 0x00, 0x00,
  0x00, 0x00, 0x1A, 0x8C, 0xD9, 0xF7, 0xE1, 0x8C, 0x0E, 0xB0, 0xFF, 0x94, 0x00, 0x00, 0x00, 0x34,
  0xE9, 0xFF, 0xFF, 0xFF, 0xFF, 0xFF, 0xD7, 0xC2, 0xFF, 0x94, 0x00, 0x00, 0x0A, 0xE3, 0xFF, 0xDD,
  0x4A, 0x09, 0x19, 0x7F, 0xFD, 0xFF, 0xFF, 0x94, 0x00, 0x00, 0x74, 0xFF, 0xF2, 0x1E, 0x00, 0x00,
  0x00, 0x00, 0x70, 0xFF, 0xFF, 0x94, 0x00, 0x00, 0xC4, 0xFF, 0x96, 0x00, 0x00, 0x00, 0x00, 0x00,
  0x03, 0xE6, 0xFF, 0x94, 0x00, 0x00, 0xF9, 0xFF, 0x5A, 0x00, 0x00, 0x00, 0x00, 0x00, 0x00, 0xA7,
  0xFF, 0x94, 0x00, 0x11, 0xFF, 0xFF, 0x42, 0x00, 0x00, 0x00, 0x00, 0x00, 0x00, 0x8A, 0xFF, 0x94,
  0x00, 0x10, 0xFF, 0xFF, 0x42, 0x00, 0x00, 0x00, 0x00, 0x00, 0x00, 0x85, 0xFF, 0x94, 0x00, 0x00,
  0xF7, 0xFF, 0x5D, 0x00, 0x00, 0x00, 0x00, 0x00, 0x00, 0x9C, 0xFF, 0x94, 0x00, 0x00, 0xC0, 0xFF,
  0xA0, 0x00, 0x00, 0x00, 0x00, 0x00, 0x00, 0xD8, 0xFF, 0x94, 0x00, 0x00, 0x68, 0xFF, 0xF8, 0x2F,
  0x00, 0x00, 0x00, 0x00, 0x58, 0xFF, 0xFF, 0x94, 0x00, 0x00, 0x04, 0xD1, 0xFF, 0xEA, 0x59, 0x0B,
  0x13, 0x6F, 0xF8, 0xFE, 0xFF, 0x94, 0x00, 0x00, 0x00, 0x21, 0xDA, 0xFF, 0xFF, 0xFF, 0xFF, 0xFF,
  0xE1, 0x9D, 0xFF, 0x94, 0x00, 0x00, 0x00, 0x00, 0x10, 0x7C, 0xD4, 0xF6, 0xE8, 0x9D, 0x17, 0x88,
  0xFF, 0x94, 0x00, 0x00, 0x00, 0x00, 0x04, 0x67, 0xC2, 0xEE, 0xF8, 0xDB, 0x91, 0x19, 0x00, 0x00,
  0x00, 0x00, 0x00, 0x14, 0xC8, 0xFF, 0xFF, 0xFF, 0xFF, 0xFF, 0xFF, 0xF0, 0x3D, 0x00, 0x00, 0x00,
  0x02, 0xC0, 0xFF, 0xF8, 0x75, 0x19, 0x08, 0x39, 0xC4, 0xFF, 0xEF, 0x1D, 0x00, 0x00, 0x55, 0xFF,
  0xFF, 0x5B, 0x00, 0x00, 0x00, 0x00, 0x08, 0xD1, 0xFF, 0x9E, 0x00, 0x00, 0xB2, 0xFF, 0xC9, 0x00,
  0x00, 0x00, 0x00, 0x00, 0x00, 0x5A, 0xFF, 0xF7, 0x06, 0x00, 0xEA, 0xFF, 0x8B, 0x00, 0x00, 0x00,
  0x00, 0x00, 0x00, 0x20, 0xFF, 0xFF, 0x36, 0x03, 0xFE, 0xFF, 0xFF, 0xFF, 0xFF, 0xFF, 0xFF, 0xFF,
  0xFF, 0xFF, 0xFF, 0xFF, 0x50, 0x05, 0xFF, 0xFF, 0xFF, 0xFF, 0xFF, 0xFF, 0xFF, 0xFF, 0xFF, 0xFF,
  0xFF, 0xFF, 0x5E, 0x00, 0xF1, 0xFF, 0x6B, 0x00, 0x00, 0x00, 0x00, 0x00, 0x00, 0x00, 0x00, 0x00,
  0x00, 0x00, 0xBD, 0xFF, 0xA9, 0x00, 0x00, 0x00, 0x00, 0x00, 0x00, 0x00, 0x00, 0x00, 0x00, 0x00,
  0x64, 0xFF, 0xFD, 0x3E, 0x00, 0x00, 0x00, 0x00, 0x00, 0x67, 0xFF, 0xF8, 0x1A, 0x00, 0x06, 0xCE,
  0xFF, 0xF0, 0x6C, 0x19, 0x05, 0x23, 0x81, 0xFB, 0xFF, 0x93, 0x00, 0x00, 0x00, 0x1D, 0xD2, 0xFF,
  0xFF, 0xFF, 0xFF, 0xFF, 0xFF, 0xFF, 0xAC, 0x05, 0x00, 0x00, 0x00, 0x00, 0x07, 0x6C, 0xC2, 0xEE,
  0xFC, 0xEB, 0xB9, 0x5A, 0x01, 0x00, 0x00, 0x00, 0x00, 0x00, 0x54, 0xCA, 0xF3, 0xF2, 0xD7, 0x0B,
  0x00, 0x00, 0x4A, 0xFF, 0xFF, 0xFF, 0xFF, 0xE4, 0x00, 0x00, 0x00, 0xA4, 0xFF, 0xDF, 0x2A, 0x06,
  0x0F, 0x00, 0x00, 0x00, 0xB8, 0xFF, 0x93, 0x00, 0x00, 0x00, 0x00, 0x00, 0x00, 0xBC, 0xFF, 0x88,
  0x00, 0x00, 0x00, 0x00, 0xC4, 0xFF, 0xFF, 0xFF, 0xFF, 0xFF, 0xFF, 0x28, 0x00, 0xC4, 0xFF, 0xFF,
  0xFF, 0xFF, 0xFF, 0xFF, 0x28, 0x00, 0x00, 0x00, 0xBC, 0xFF, 0x88, 0x00, 0x00, 0x00, 0x00, 0x00,
  0x00, 0xBC, 0xFF, 0x88, 0x00, 0x00, 0x00, 0x00, 0x00, 0x00, 0xBC, 0xFF, 0x88, 0x00, 0x00, 0x00,
  0x00, 0x00, 0x00, 0xBC, 0xFF, 0x88, 0x00, 0x00, 0x00, 0x00, 0x00, 0x00, 0xBC, 0xFF, 0x88, 0x00,
  0x00, 0x00, 0x00, 0x00, 0x00, 0xBC, 0xFF, 0x88, 0x00, 0x00, 0x00, 0x00, 0x00, 0x00, 0xBC, 0xFF,
  0x88, 0x00, 0x00, 0x00, 0x00, 0x00, 0x00, 0xBC, 0xFF, 0x88, 0x00, 0x00, 0x00, 0x00, 0x00, 0x00,
  0xBC, 0xFF, 0x88, 0x00, 0x00, 0x00, 0x00, 0x00, 0x00, 0xBC, 0xFF, 0x88, 0x00, 0x00, 0x00, 0x00,
  0x00, 0x00, 0xBC, 0xFF, 0x88, 0x00, 0x00, 0x00, 0x00, 0x00, 0x00, 0xBC, 0xFF, 0x88, 0x00, 0x00,
  0x00, 0x00, 0x00, 0x00, 0x00, 0x17, 0x88, 0xD6, 0xF6, 0xE7, 0x9F, 0x1E, 0x64, 0xFF, 0xB8, 0x00,
  0x00, 0x00, 0x2C, 0xE6, 0xFF, 0xFF, 0xFF, 0xFF, 0xFF, 0xEF, 0x95, 0xFF, 0xB8, 0x00, 0x00, 0x08,
  0xDE, 0xFF, 0xE2, 0x50, 0x0A, 0x17, 0x78, 0xFA, 0xFF, 0xFF, 0xB8, 0x00, 0x00, 0x72, 0xFF, 0xF3,
  0x22, 0x00, 0x00, 0x00, 0x00, 0x5E, 0xFF, 0xFF, 0xB8, 0x00, 0x00, 0xC7, 0xFF, 0x90, 0x00, 0x00,
  0x00, 0x00, 0x00, 0x00, 0xD1, 0xFF, 0xB8, 0x00, 0x04, 0xFD, 0xFF, 0x4F, 0x00, 0x00, 0x00, 0x00,
  0x00, 0x00, 0x8C, 0xFF, 0xB8, 0x00, 0x1B, 0xFF, 0xFF, 0x35, 0x00, 0x00, 0x00, 0x00, 0x00, 0x00,
  0x6F, 0xFF, 0xB8, 0x00, 0x20, 0xFF, 0xFF, 0x37, 0x00, 0x00, 0x00, 0x00, 0x00, 0x00, 0x70, 0xFF,
  0xB8, 0x00, 0x0B, 0xFE, 0xFF, 0x51, 0x00, 0x00, 0x00, 0x00, 0x00, 0x00, 0x89, 0xFF, 0xB8, 0x00,
  0x00, 0xD2, 0xFF, 0x8F, 0x00, 0x00, 0x00, 0x00, 0x00, 0x00, 0xC9, 0xFF, 0xB8, 0x00, 0x00, 0x76,
  0xFF, 0xF0, 0x1E, 0x00, 0x00, 0x00, 0x00, 0x4B, 0xFF, 0xFF, 0xB8, 0x00, 0x00, 0x0C, 0xE2, 0xFF,
  0xDE, 0x4D, 0x0A, 0x12, 0x6B, 0xF5, 0xFF, 0xFF, 0xB7, 0x00, 0x00, 0x00, 0x32, 0xEF, 0xFF, 0xFF,
  0xFF, 0xFF, 0xFF, 0xD8, 0xB2, 0xFF, 0xB1, 0x00, 0x00, 0x00, 0x00, 0x1B, 0x96, 0xE0, 0xF9, 0xE4,
  0x91, 0x0F, 0xA3, 0xFF, 0xA4, 0x00, 0x00, 0x00, 0x00, 0x00, 0x00, 0x00, 0x00, 0x00, 0x00, 0x00,
  0xBF, 0xFF, 0x86, 0x00, 0x00, 0xAA, 0xFF, 0xAE, 0x00, 0x00, 0x00, 0x00, 0x00, 0x2A, 0xFD, 0xFF,
  0x4D, 0x00, 0x00, 0x70, 0xFF, 0xFF, 0x87, 0x23, 0x07, 0x17, 0x5A, 0xE3, 0xFF, 0xCF, 0x05, 0x00,
  0x00, 0x08, 0xC3, 0xFF, 0xFF, 0xFF, 0xFF, 0xFF, 0xFF, 0xFF, 0xD8, 0x25, 0x00, 0x00, 0x00, 0x00,
  0x04, 0x56, 0xB9, 0xDF, 0xF8, 0xE9, 0xC6, 0x70, 0x0C, 0x00, 0x00, 0x00, 0x00, 0x48, 0xFF, 0xFF,
  0x00, 0x00, 0x00, 0x00, 0x00, 0x00, 0x00, 0x00, 0x00, 0x00, 0x00, 0x48, 0xFF, 0xFF, 0x00, 0x00,
  0x00, 0x00, 0x00, 0x00, 0x00, 0x00, 0x00, 0x00, 0x00, 0x48, 0xFF, 0xFF, 0x00, 0x00, 0x00, 0x00,
  0x00, 0x00, 0x00, 0x00, 0x00, 0x00, 0x00, 0x48, 0xFF, 0xFF, 0x00, 0x00, 0x00, 0x00, 0x00, 0x00,
  0x00, 0x00, 0x00, 0x00, 0x00, 0x48, 0xFF, 0xFF, 0x00, 0x00, 0x00, 0x00, 0x00, 0x00, 0x00, 0x00,
  0x00, 0x00, 0x00, 0x48, 0xFF, 0xFF, 0x00, 0x54, 0xC0, 0xF1, 0xF3, 0xCC, 0x6B, 0x02, 0x00, 0x00,
  0x00, 0x48, 0xFF, 0xFF, 0x97, 0xFF, 0xFF, 0xFF, 0xFF, 0xFF, 0xFF, 0xAC, 0x00, 0x00, 0x00, 0x48,
  0xFF, 0xFF, 0xFF, 0xAD, 0x31, 0x09, 0x2B, 0xB6, 0xFF, 0xFF, 0x44, 0x00, 0x00, 0x48, 0xFF, 0xFF,
  0xAE, 0x00, 0x00, 0x00, 0x00, 0x0C, 0xEA, 0xFF, 0x8B, 0x00, 0x00, 0x48, 0xFF, 0xFF, 0x3D, 0x00,
  0x00, 0x00, 0x00, 0x00, 0xB3, 0xFF, 0xA5, 0x00, 0x00, 0x48, 0xFF, 0xFF, 0x10, 0x00, 0x00, 0x00,
  0x00, 0x00, 0x99, 0xFF, 0xB3, 0x00, 0x00, 0x48, 0xFF, 0xFF, 0x02, 0x00, 0x00, 0x00, 0x00, 0x00,
  0x98, 0xFF, 0xB4, 0x00, 0x00, 0x48, 0xFF, 0xFF, 0x00, 0x00, 0x00, 0x00, 0x00, 0x00, 0x98, 0xFF,
  0xB4, 0x00, 0x00, 0x48, 0xFF, 0xFF, 0x00, 0x00, 0x00, 0x00, 0x00, 0x00, 0x98, 0xFF, 0xB4, 0x00,
  0x00, 0x48, 0xFF, 0xFF, 0x00, 0x00, 0x00, 0x00, 0x00, 0x00, 0x98, 0xFF, 0xB4, 0x00, 0x00, 0x48,
  0xFF, 0xFF, 0x00, 0x00, 0x00, 0x00, 0x00, 0x00, 0x98, 0xFF, 0xB4, 0x00, 0x00, 0x48, 0xFF, 0xFF,
  0x00, 0x00, 0x00, 0x00, 0x00, 0x00, 0x98, 0xFF, 0xB4, 0x00, 0x00, 0x48, 0xFF, 0xFF, 0x00, 0x00,
  0x00, 0x00, 0x00, 0x00, 0x98, 0xFF, 0xB4, 0x00, 0x00, 0x48, 0xFF, 0xFF, 0x00, 0x00, 0x00, 0x00,
  0x00, 0x00, 0x98, 0xFF, 0xB4, 0x00, 0x00, 0x44, 0xFF, 0xFF, 0x04, 0x00, 0x00, 0x44, 0xFF, 0xFF,
  0x04, 0x00, 0x00, 0x00, 0x00, 0x00, 0x00, 0x00, 0x00, 0x00, 0x00, 0x00, 0x00, 0x00, 0x00, 0x00,
  0x00, 0x00, 0x00, 0x00, 0x00, 0x44, 0xFF, 0xFF, 0x04, 0x00, 0x00, 0x44, 0xFF, 0xFF, 0x04, 0x00,
  0x00, 0x44, 0xFF, 0xFF, 0x04, 0x00, 0x00, 0x44, 0xFF, 0xFF, 0x04, 0x00, 0x00, 0x44, 0xFF, 0xFF,
  0x04, 0x00, 0x00, 0x44, 0xFF, 0xFF, 0x04, 0x00, 0x00, 0x44, 0xFF, 0xFF, 0x04, 0x00, 0x00, 0x44,
  0xFF, 0xFF, 0x04, 0x00, 0x00, 0x44, 0xFF, 0xFF, 0x04, 0x00, 0x00, 0x44, 0xFF, 0xFF, 0x04, 0x00,
  0x00, 0x44, 0xFF, 0xFF, 0x04, 0x00, 0x00, 0x44, 0xFF, 0xFF, 0x04, 0x00, 0x00, 0x44, 0xFF, 0xFF,
  0x04, 0x00, 0x00, 0x44, 0xFF, 0xFF, 0x04, 0x00, 0x00, 0x00, 0x00, 0x4C, 0xFF, 0xFC, 0x00, 0x00,
  0x00, 0x00, 0x00, 0x4C, 0xFF, 0xFC, 0x00, 0x00, 0x00, 0x00, 0x00, 0x00, 0x00, 0x00, 0x00, 0x00,
  0x00, 0x00, 0x00, 0x00, 0x00, 0x00, 0x00, 0x00, 0x00, 0x00, 0x00, 0x00, 0x00, 0x00, 0x00, 0x00,
  0x00, 0x00, 0x00, 0x4C, 0xFF, 0xFC, 0x00, 0x00, 0x00, 0x00, 0x00, 0x4C, 0xFF, 0xFC, 0x00, 0x00,
  0x00, 0x00, 0x00, 0x4C, 0xFF, 0xFC, 0x00, 0x00, 0x00, 0x00, 0x00, 0x4C, 0xFF, 0xFC, 0x00, 0x00,
  0x00, 0x00, 0x00, 0x4C, 0xFF, 0xFC, 0x00, 0x00, 0x00, 0x00, 0x00, 0x4C, 0xFF, 0xFC, 0x00, 0x00,
  0x00, 0x00, 0x00, 0x4C, 0xFF, 0xFC, 0x00, 0x00, 0x00, 0x00, 0x00, 0x4C, 0xFF, 0xFC, 0x00, 0x00,
  0x00, 0x00, 0x00, 0x4C, 0xFF, 0xFC, 0x00, 0x00, 0x00, 0x00, 0x00, 0x4C, 0xFF, 0xFC, 0x00, 0x00,
  0x00, 0x00, 0x00, 0x4C, 0xFF, 0xFC, 0x00, 0x00, 0x00, 0x00, 0x00, 0x4C, 0xFF, 0xFC, 0x00, 0x00,
  0x00, 0x00, 0x00, 0x4C, 0xFF, 0xFC, 0x00, 0x00, 0x00, 0x00, 0x00, 0x4C, 0xFF, 0xFC, 0x00, 0x00,
  0x00, 0x00, 0x00, 0x4E, 0xFF, 0xF9, 0x00, 0x00, 0x00, 0x00, 0x00, 0x5D, 0xFF, 0xEB, 0x00, 0x00,
  0x00, 0x13, 0x0C, 0xB0, 0xFF, 0xC7, 0x00, 0x00, 0x00, 0xE9, 0xFF, 0xFF, 0xFF, 0x70, 0x00, 0x00,
  0x15, 0xDC, 0xF8, 0xE4, 0x81, 0x01, 0x00, 0x00, 0x00, 0x44, 0xFF, 0xFF, 0x04, 0x00, 0x00, 0x00,
  0x00, 0x00, 0x00, 0x00, 0x00, 0x00, 0x44, 0xFF, 0xFF, 0x04, 0x00, 0x00, 0x00, 0x00, 0x00, 0x00,
  0x00, 0x00, 0x00, 0x44, 0xFF, 0xFF, 0x04, 0x00, 0x00, 0x00, 0x00, 0x00, 0x00, 0x00, 0x00, 0x00,
  0x44, 0xFF, 0xFF, 0x04, 0x00, 0x00, 0x00, 0x00, 0x00, 0x00, 0x00, 0x00, 0x00, 0x44, 0xFF, 0xFF,
  0x04, 0x00, 0x00, 0x00, 0x00, 0x00, 0x00, 0x00, 0x00, 0x00, 0x44, 0xFF, 0xFF, 0x04, 0x00, 0x00,
  0x00, 0x29, 0xE9, 0xFF, 0xCE, 0x11, 0x00, 0x44, 0xFF, 0xFF, 0x04, 0x00, 0x00, 0x27, 0xE7, 0xFF,
  0xD0, 0x13, 0x00, 0x00, 0x44, 0xFF, 0xFF, 0x04, 0x00, 0x26, 0xE6, 0xFF, 0xD1, 0x13, 0x00, 0x00,
  0x00, 0x44, 0xFF, 0xFF, 0x04, 0x24, 0xE5, 0xFF, 0xD3, 0x14, 0x00, 0x00, 0x00, 0x00, 0x44, 0xFF,
  0xFF, 0x27, 0xE3, 0xFF, 0xD4, 0x15, 0x00, 0x00, 0x00, 0x00, 0x00, 0x44, 0xFF, 0xFF, 0xE4, 0xFF,
  0xFF, 0x71, 0x00, 0x00, 0x00, 0x00, 0x00, 0x00, 0x44, 0xFF, 0xFF, 0xFF, 0xFC, 0xFF, 0xF1, 0x1C,
  0x00, 0x00, 0x00, 0x00, 0x00, 0x44, 0xFF, 0xFF, 0xDD, 0x31, 0xEA, 0xFF, 0xB3, 0x00, 0x00, 0x00,
  0x00, 0x00, 0x44, 0xFF, 0xFF, 0x1E, 0x00, 0x5D, 0xFF, 0xFF, 0x59, 0x00, 0x00, 0x00, 0x00, 0x44,
  0xFF, 0xFF, 0x04, 0x00, 0x00, 0xBC, 0xFF, 0xEA, 0x13, 0x00, 0x00, 0x00, 0x44, 0xFF, 0xFF, 0x04,
  0x00, 0x00, 0x24, 0xF7, 0xFF, 0xA4, 0x00, 0x00, 0x00, 0x44, 0xFF, 0xFF, 0x04, 0x00, 0x00, 0x00,
  0x7D, 0xFF, 0xFF, 0x49, 0x00, 0x00, 0x44, 0xFF, 0xFF, 0x04, 0x00, 0x00, 0x00, 0x06, 0xD6, 0xFF,
  0xE1, 0x0D, 0x00, 0x44, 0xFF, 0xFF, 0x04, 0x00, 0x00, 0x00, 0x00, 0x3D, 0xFE, 0xFF, 0x95, 0x00,
  0x58, 0xFF, 0xF4, 0x00, 0x00, 0x00, 0x58, 0xFF, 0xF4, 0x00, 0x00, 0x00, 0x58, 0xFF, 0xF4, 0x00,
  0x00, 0x00, 0x58, 0xFF, 0xF4, 0x00, 0x00, 0x00, 0x58, 0xFF, 0xF4, 0x00, 0x00, 0x00, 0x58, 0xFF,
  0xF4, 0x00, 0x00, 0x00, 0x58, 0xFF, 0xF4, 0x00, 0x00, 0x00, 0x58, 0xFF, 0xF4, 0x00, 0x00, 0x00,
  0x58, 0xFF, 0xF4, 0x00, 0x00, 0x00, 0x58, 0xFF, 0xF4, 0x00, 0x00, 0x00, 0x58, 0xFF, 0xF4, 0x00,
  0x00, 0x00, 0x58, 0xFF, 0xF4, 0x00, 0x00, 0x00, 0x58, 0xFF, 0xF4, 0x00, 0x00, 0x00, 0x58, 0xFF,
  0xF4, 0x00, 0x00, 0x00, 0x58, 0xFF, 0xF4, 0x00, 0x00, 0x00, 0x58, 0xFF, 0xF4, 0x00, 0x00, 0x00,
  0x58, 0xFF, 0xF4, 0x00, 0x00, 0x00, 0x58, 0xFF, 0xF4, 0x00, 0x00, 0x00, 0x58, 0xFF, 0xF4, 0x00,
  0x00, 0x00, 0x48, 0xFF, 0xC4, 0x00, 0x5F, 0xCA, 0xF4, 0xEC, 0xB3, 0x32, 0x00, 0x00, 0x5C, 0xC8,
  0xF4, 0xF1, 0xB9, 0x37, 0x00, 0x00, 0x00, 0x00, 0x48, 0xFF, 0xC4, 0x9D, 0xFF, 0xFF, 0xFF, 0xFF,
  0xFF, 0xF4, 0x2D, 0x95, 0xFF, 0xFF, 0xFF, 0xFF, 0xFF, 0xF9, 0x31, 0x00, 0x00, 0x00, 0x48, 0xFF,
  0xFA, 0xFF, 0x9A, 0x24, 0x0C, 0x4F, 0xF2, 0xFF, 0xE5, 0xFF, 0x98, 0x26, 0x0A, 0x52, 0xF1, 0xFF,
  0xAA, 0x00, 0x00, 0x00, 0x48, 0xFF, 0xFF, 0xA8, 0x00, 0x00, 0x00, 0x00, 0x8A, 0xFF, 0xFF, 0x97,
  0x00, 0x00, 0x00, 0x00, 0x82, 0xFF, 0xE4, 0x00, 0x00, 0x00, 0x48, 0xFF, 0xFF, 0x40, 0x00, 0x00,
  0x00, 0x00, 0x58, 0xFF, 0xFF, 0x31, 0x00, 0x00, 0x00, 0x00, 0x57, 0xFF, 0xF8, 0x00, 0x00, 0x00,
  0x48, 0xFF, 0xFF, 0x14, 0x00, 0x00, 0x00, 0x00, 0x48, 0xFF, 0xFF, 0x0B, 0x00, 0x00, 0x00, 0x00,
  0x4C, 0xFF, 0xFC, 0x00, 0x00, 0x00, 0x48, 0xFF, 0xFF, 0x05, 0x00, 0x00, 0x00, 0x00, 0x48, 0xFF,
  0xFF, 0x04, 0x00, 0x00, 0x00, 0x00, 0x4C, 0xFF, 0xFC, 0x00, 0x00, 0x00, 0x48, 0xFF, 0xFF, 0x00,
  0x00, 0x00, 0x00, 0x00, 0x48, 0xFF, 0xFF, 0x04, 0x00, 0x00, 0x00, 0x00, 0x4C, 0xFF, 0xFC, 0x00,
  0x00, 0x00, 0x48, 0xFF, 0xFF, 0x00, 0x00, 0x00, 0x00, 0x00, 0x48, 0xFF, 0xFF, 0x04, 0x00, 0x00,
  0x00, 0x00, 0x4C, 0xFF, 0xFC, 0x00, 0x00, 0x00, 0x48, 0xFF, 0xFF, 0x00, 0x00, 0x00, 0x00, 0x00,
  0x48, 0xFF, 0xFF, 0x04, 0x00, 0x00, 0x00, 0x00, 0x4C, 0xFF, 0xFC, 0x00, 0x00, 0x00, 0x48, 0xFF,
  0xFF, 0x00, 0x00, 0x00, 0x00, 0x00, 0x48, 0xFF, 0xFF, 0x04, 0x00, 0x00, 0x00, 0x00, 0x4C, 0xFF,
  0xFC, 0x00, 0x00, 0x00, 0x48, 0xFF, 0xFF, 0x00, 0x00, 0x00, 0x00, 0x00, 0x48, 0xFF, 0xFF, 0x04,
  0x00, 0x00, 0x00, 0x00, 0x4C, 0xFF, 0xFC, 0x00, 0x00, 0x00, 0x48, 0xFF, 0xFF, 0x00, 0x00, 0x00,
  0x00, 0x00, 0x48, 0xFF, 0xFF, 0x04, 0x00, 0x00, 0x00, 0x00, 0x4C, 0xFF, 0xFC, 0x00, 0x00, 0x00,
  0x48, 0xFF, 0xFF, 0x00, 0x00, 0x00, 0x00, 0x00, 0x48, 0xFF, 0xFF, 0x04, 0x00, 0x00, 0x00, 0x00,
  0x4C, 0xFF, 0xFC, 0x00, 0x00, 0x00, 0x48, 0xFF, 0xC4, 0x05, 0x71, 0xCC, 0xF2, 0xF4, 0xCB, 0x6B,
  0x04, 0x00, 0x00, 0x00, 0x48, 0xFF, 0xCF, 0xC4, 0xFF, 0xFF, 0xFF, 0xFF, 0xFF, 0xFF, 0xAF, 0x00,
  0x00, 0x00, 0x48, 0xFF, 0xFF, 0xFF, 0xAF, 0x33, 0x0A, 0x29, 0xB3, 0xFF, 0xFF, 0x46, 0x00, 0x00,
  0x48, 0xFF, 0xFF, 0xA9, 0x00, 0x00, 0x00, 0x00, 0x08, 0xE8, 0xFF, 0x8D, 0x00, 0x00, 0x48, 0xFF,
  0xFF, 0x3C, 0x00, 0x00, 0x00, 0x00, 0x00, 0xB0, 0xFF, 0xA4, 0x00, 0x00, 0x48, 0xFF, 0xFF, 0x0F,
  0x00, 0x00, 0x00, 0x00, 0x00, 0x9F, 0xFF, 0xAA, 0x00, 0x00, 0x48, 0xFF, 0xFF, 0x01, 0x00, 0x00,
  0x00, 0x00, 0x00, 0x9C, 0xFF, 0xAC, 0x00, 0x00, 0x48, 0xFF, 0xFF, 0x00, 0x00, 0x00, 0x00, 0x00,
  0x00, 0x9C, 0xFF, 0xAC, 0x00, 0x00, 0x48, 0xFF, 0xFF, 0x00, 0x00, 0x00, 0x00, 0x00, 0x00, 0x9C,
  0xFF, 0xAC, 0x00, 0x00, 0x48, 0xFF, 0xFF, 0x00, 0x00, 0x00, 0x00, 0x00, 0x00, 0x9C, 0xFF, 0xAC,
  0x00, 0x00, 0x48, 0xFF, 0xFF, 0x00, 0x00, 0x00, 0x00, 0x00, 0x00, 0x9C, 0xFF, 0xAC, 0x00, 0x00,
  0x48, 0xFF, 0xFF, 0x00, 0x00, 0x00, 0x00, 0x00, 0x00, 0x9C, 0xFF, 0xAC, 0x00, 0x00, 0x48, 0xFF,
  0xFF, 0x00, 0x00, 0x00, 0x00, 0x00, 0x00, 0x9C, 0xFF, 0xAC, 0x00, 0x00, 0x48, 0xFF, 0xFF, 0x00,
  0x00, 0x00, 0x00, 0x00, 0x00, 0x9C, 0xFF, 0xAC, 0x00, 0x00, 0x00, 0x00, 0x0B, 0x74, 0xC8, 0xF2,
  0xF8, 0xDD, 0x98, 0x25, 0x00, 0x00, 0x00, 0x00, 0x00, 0x27, 0xDC, 0xFF, 0xFF, 0xFF, 0xFF, 0xFF,
  0xFF, 0xF9, 0x60, 0x00, 0x00, 0x00, 0x0D, 0xDF, 0xFF, 0xEE, 0x66, 0x14, 0x08, 0x3F, 0xC9, 0xFF,
  0xFD, 0x45, 0x00, 0x00, 0x7A, 0xFF, 0xF9, 0x34, 0x00, 0x00, 0x00, 0x00, 0x08, 0xCD, 0xFF, 0xD3,
  0x01, 0x00, 0xD0, 0xFF, 0xA0, 0x00, 0x00, 0x00, 0x00, 0x00, 0x00, 0x46, 0xFF, 0xFF, 0x2F, 0x07,
  0xFE, 0xFF, 0x5B, 0x00, 0x00, 0x00, 0x00, 0x00, 0x00, 0x06, 0xF9, 0xFF, 0x64, 0x1B, 0xFF, 0xFF,
  0x3F, 0x00, 0x00, 0x00, 0x00, 0x00, 0x00, 0x00, 0xE3, 0xFF, 0x79, 0x1C, 0xFF, 0xFF, 0x3F, 0x00,
  0x00, 0x00, 0x00, 0x00, 0x00, 0x00, 0xE5, 0xFF, 0x78, 0x08, 0xFD, 0xFF, 0x5B, 0x00, 0x00, 0x00,
  0x00, 0x00, 0x00, 0x07, 0xFA, 0xFF, 0x63, 0x00, 0xD1, 0xFF, 0xA1, 0x00, 0x00, 0x00, 0x00, 0x00,
  0x00, 0x47, 0xFF, 0xFF, 0x34, 0x00, 0x7A, 0xFF, 0xFA, 0x34, 0x00, 0x00, 0x00, 0x00, 0x07, 0xCB,
  0xFF, 0xDD, 0x02, 0x00, 0x0E, 0xDD, 0xFF, 0xEE, 0x66, 0x14, 0x08, 0x3E, 0xC7, 0xFF, 0xFE, 0x45,
  0x00, 0x00, 0x00, 0x28, 0xDE, 0xFF, 0xFF, 0xFF, 0xFF, 0xFF, 0xFF, 0xF6, 0x60, 0x00, 0x00, 0x00,
  0x00, 0x00, 0x0C, 0x77, 0xCB, 0xF2, 0xF5, 0xD7, 0x8E, 0x24, 0x00, 0x00, 0x00, 0x00, 0x48, 0xFF,
  0xCC, 0x00, 0x6A, 0xD3, 0xF7, 0xE3, 0xAD, 0x38, 0x00, 0x00, 0x00, 0x00, 0x48, 0xFF, 0xCC, 0x97,
  0xFF, 0xFF, 0xFF, 0xFF, 0xFF, 0xFD, 0x6C, 0x00, 0x00, 0x00, 0x48, 0xFF, 0xF9, 0xFF, 0xBF, 0x31,
  0x07, 0x31, 0xBF, 0xFF, 0xFF, 0x3C, 0x00, 0x00, 0x48, 0xFF, 0xFF, 0xC5, 0x06, 0x00, 0x00, 0x00,
  0x06, 0xCA, 0xFF, 0xC4, 0x00, 0x00, 0x48, 0xFF, 0xFF, 0x3B, 0x00, 0x00, 0x00, 0x00, 0x00, 0x4C,
  0xFF, 0xFE, 0x17, 0x00, 0x48, 0xFF, 0xF0, 0x01, 0x00, 0x00, 0x00, 0x00, 0x00, 0x0D, 0xFE, 0xFF,
  0x4A, 0x00, 0x48, 0xFF, 0xD1, 0x00, 0x00, 0x00, 0x00, 0x00, 0x00, 0x00, 0xF2, 0xFF, 0x61, 0x00,
  0x48, 0xFF, 0xCD, 0x00, 0x00, 0x00, 0x00, 0x00, 0x00, 0x00, 0xF4, 0xFF, 0x5D, 0x00, 0x48, 0xFF,
  0xE4, 0x00, 0x00, 0x00, 0x00, 0x00, 0x00, 0x10, 0xFF, 0xFF, 0x44, 0x00, 0x48, 0xFF, 0xFF, 0x21,
  0x00, 0x00, 0x00, 0x00, 0x00, 0x52, 0xFF, 0xF9, 0x0E, 0x00, 0x48, 0xFF, 0xFF, 0xA0, 0x00, 0x00,
  0x00, 0x00, 0x08, 0xCF, 0xFF, 0xAE, 0x00, 0x00, 0x48, 0xFF, 0xFF, 0xFF, 0x9F, 0x24, 0x06, 0x36,
  0xC4, 0xFF, 0xF8, 0x25, 0x00, 0x00, 0x48, 0xFF, 0xFF, 0xB1, 0xFF, 0xFF, 0xFF, 0xFF, 0xFF, 0xF3,
  0x4C, 0x00, 0x00, 0x00, 0x48, 0xFF, 0xFF, 0x03, 0x74, 0xD8, 0xF8, 0xDD, 0x95, 0x22, 0x00, 0x00,
  0x00, 0x00, 0x48, 0xFF, 0xFF, 0x00, 0x00, 0x00, 0x00, 0x00, 0x00, 0x00, 0x00, 0x00, 0x00, 0x00,
  0x48, 0xFF, 0xFF, 0x00, 0x00, 0x00, 0x00, 0x00, 0x00, 0x00, 0x00, 0x00, 0x00, 0x00, 0x48, 0xFF,
  0xFF, 0x00, 0x00, 0x00, 0x00, 0x00, 0x00, 0x00, 0x00, 0x00, 0x00, 0x00, 0x48, 0xFF, 0xFF, 0x00,
  0x00, 0x00, 0x00, 0x00, 0x00, 0x00, 0x00, 0x00, 0x00, 0x00, 0x48, 0xFF, 0xFF, 0x00, 0x00, 0x00,
  0x00, 0x00, 0x00, 0x00, 0x00, 0x00, 0x00, 0x00, 0x00, 0x00, 0x1A, 0x8A, 0xD9, 0xF7, 0xE1, 0x8D,
  0x0D, 0x78, 0xFF, 0x98, 0x00, 0x00, 0x00, 0x33, 0xE8, 0xFF, 0xFF, 0xFF, 0xFF, 0xFF, 0xD4, 0x86,
  0xFF, 0x98, 0x00, 0x00, 0x09, 0xDF, 0xFF, 0xE4, 0x50, 0x0A, 0x1B, 0x86, 0xFE, 0xF7, 0xFF, 0x98,
  0x00, 0x00, 0x70, 0xFF, 0xF7, 0x28, 0x00, 0x00, 0x00, 0x00, 0x78, 0xFF, 0xFF, 0x98, 0x00, 0x00,
  0xC2, 0xFF, 0xA0, 0x00, 0x00, 0x00, 0x00, 0x00, 0x04, 0xE6, 0xFF, 0x98, 0x00, 0x00, 0xF4, 0xFF,
  0x62, 0x00, 0x00, 0x00, 0x00, 0x00, 0x00, 0xA2, 0xFF, 0x98, 0x00, 0x0A, 0xFF, 0xFF, 0x4A, 0x00,
  0x00, 0x00, 0x00, 0x00, 0x00, 0x82, 0xFF, 0x98, 0x00, 0x09, 0xFF, 0xFF, 0x4A, 0x00, 0x00, 0x00,
  0x00, 0x00, 0x00, 0x7D, 0xFF, 0x98, 0x00, 0x00, 0xF1, 0xFF, 0x66, 0x00, 0x00, 0x00, 0x00, 0x00,
  0x00, 0x94, 0xFF, 0x98, 0x00, 0x00, 0xB8, 0xFF, 0xAA, 0x00, 0x00, 0x00, 0x00, 0x00, 0x00, 0xD1,
  0xFF, 0x98, 0x00, 0x00, 0x5A, 0xFF, 0xFB, 0x37, 0x00, 0x00, 0x00, 0x00, 0x53, 0xFF, 0xFF, 0x98,
  0x00, 0x00, 0x03, 0xC3, 0xFF, 0xEE, 0x5F, 0x0E, 0x11, 0x6C, 0xF7, 0xFF, 0xFF, 0x98, 0x00, 0x00,
  0x00, 0x17, 0xCF, 0xFF, 0xFF, 0xFF, 0xFF, 0xFF, 0xE4, 0xCA, 0xFF, 0x98, 0x00, 0x00, 0x00, 0x00,
  0x08, 0x77, 0xD3, 0xF7, 0xE8, 0x9A, 0x17, 0xB0, 0xFF, 0x98, 0x00, 0x00, 0x00, 0x00, 0x00, 0x00,
  0x00, 0x00, 0x00, 0x00, 0x00, 0xB0, 0xFF, 0x98, 0x00, 0x00, 0x00, 0x00, 0x00, 0x00, 0x00, 0x00,
  0x00, 0x00, 0x00, 0xB0, 0xFF, 0x98, 0x00, 0x00, 0x00, 0x00, 0x00, 0x00, 0x00, 0x00, 0x00, 0x00,
  0x00, 0xB0, 0xFF, 0x98, 0x00, 0x00, 0x00, 0x00, 0x00, 0x00, 0x00, 0x00, 0x00, 0x00, 0x00, 0xB0,
  0xFF, 0x98, 0x00, 0x00, 0x00, 0x00, 0x00, 0x00, 0x00, 0x00, 0x00, 0x00, 0x00, 0xB0, 0xFF, 0x98,
  0x00, 0x00, 0x50, 0xFF, 0xC0, 0x1D, 0xB9, 0xF7, 0xEB, 0xA9, 0x00, 0x00, 0x50, 0xFF, 0xCB, 0xD7,
  0xFF, 0xFF, 0xFF, 0x9E, 0x00, 0x00, 0x50, 0xFF, 0xFF, 0xF6, 0x55, 0x0B, 0x36, 0x2B, 0x00, 0x00,
  0x50, 0xFF, 0xFF, 0x7F, 0x00, 0x00, 0x00, 0x00, 0x00, 0x00, 0x50, 0xFF, 0xFF, 0x34, 0x00, 0x00,
  0x00, 0x00, 0x00, 0x00, 0x50, 0xFF, 0xFF, 0x0B, 0x00, 0x00, 0x00, 0x00, 0x00, 0x00, 0x50, 0xFF,
  0xFA, 0x00, 0x00, 0x00, 0x00, 0x00, 0x00, 0x00, 0x50, 0xFF, 0xF8, 0x00, 0x00, 0x00, 0x00, 0x00,
  0x00, 0x00, 0x50, 0xFF, 0xF8, 0x00, 0x00, 0x00, 0x00, 0x00, 0x00, 0x00, 0x50, 0xFF, 0xF8, 0x00,
  0x00, 0x00, 0x00, 0x00, 0x00, 0x00, 0x50, 0xFF, 0xF8, 0x00, 0x00, 0x00, 0x00, 0x00, 0x00, 0x00,
  0x50, 0xFF, 0xF8, 0x00, 0x00, 0x00, 0x00, 0x00, 0x00, 0x00, 0x50, 0xFF, 0xF8, 0x00, 0x00, 0x00,
  0x00, 0x00, 0x00, 0x00, 0x50, 0xFF, 0xF8, 0x00, 0x00, 0x00, 0x00, 0x00, 0x00, 0x00, 0x00, 0x0A,
  0x76, 0xC9, 0xF4, 0xF9, 0xE8, 0xBA, 0x67, 0x05, 0x00, 0x00, 0x00, 0x0B, 0xCE, 0xFF, 0xFF, 0xFF,
  0xFF, 0xFF, 0xFF, 0xFF, 0xBE, 0x03, 0x00, 0x00, 0x81, 0xFF, 0xE8, 0x51, 0x14, 0x04, 0x16, 0x5C,
  0xF5, 0xFF, 0x51, 0x00, 0x00, 0xC3, 0xFF, 0x75, 0x00, 0x00, 0x00, 0x00, 0x00, 0x00, 0x00, 0x00,
  0x00, 0x00, 0xBB, 0xFF, 0xC7, 0x18, 0x00, 0x00, 0x00, 0x00, 0x00, 0x00, 0x00, 0x00, 0x00, 0x64,
  0xFF, 0xFF, 0xFB, 0xC3, 0x7F, 0x39, 0x02, 0x00, 0x00, 0x00, 0x00, 0x00, 0x00, 0x8C, 0xFD, 0xFF,
  0xFF, 0xFF, 0xFF, 0xEB, 0x96, 0x20, 0x00, 0x00, 0x00, 0x00, 0x00, 0x25, 0x7D, 0xC9, 0xFD, 0xFF,
  0xFF, 0xFF, 0xF4, 0x38, 0x00, 0x00, 0x00, 0x00, 0x00, 0x00, 0x00, 0x11, 0x50, 0xA1, 0xFD, 0xFF,
  0xC4, 0x00, 0x00, 0x00, 0x00, 0x00, 0x00, 0x00, 0x00, 0x00, 0x00, 0x82, 0xFF, 0xF5, 0x00, 0x0F,
  0xF7, 0xFF, 0x47, 0x00, 0x00, 0x00, 0x00, 0x00, 0x7F, 0xFF, 0xE0, 0x00, 0x00, 0xA6, 0xFF, 0xEB,
  0x61, 0x1A, 0x06, 0x1A, 0x6A, 0xF7, 0xFF, 0x83, 0x00, 0x00, 0x11, 0xD5, 0xFF, 0xFF, 0xFF, 0xFF,
  0xFF, 0xFF, 0xFF, 0xBA, 0x07, 0x00, 0x00, 0x00, 0x0F, 0x7C, 0xCA, 0xF0, 0xFB, 0xEA, 0xBB, 0x5F,
  0x01, 0x00, 0x00, 0x00, 0x00, 0x00, 0x2D, 0x3C, 0x00, 0x00, 0x00, 0x00, 0x00, 0x83, 0xFB, 0x68,
  0x00, 0x00, 0x00, 0x00, 0x00, 0xDC, 0xFF, 0x68, 0x00, 0x00, 0x00, 0x00, 0x00, 0xDC, 0xFF, 0x68,
  0x00, 0x00, 0x00, 0x00, 0x00, 0xDC, 0xFF, 0x68, 0x00, 0x00, 0x00, 0x8C, 0xFF, 0xFF, 0xFF, 0xFF,
  0xFF, 0xB4, 0x00, 0x8C, 0xFF, 0xFF, 0xFF, 0xFF, 0xFF, 0xB4, 0x00, 0x00, 0x00, 0xDC, 0xFF, 0x68,
  0x00, 0x00, 0x00, 0x00, 0x00, 0xDC, 0xFF, 0x68, 0x00, 0x00, 0x00, 0x00, 0x00, 0xDC, 0xFF, 0x68,
  0x00, 0x00, 0x00, 0x00, 0x00, 0xDC, 0xFF, 0x68, 0x00, 0x00, 0x00, 0x00, 0x00, 0xDC, 0xFF, 0x68,
  0x00, 0x00, 0x00, 0x00, 0x00, 0xDC, 0xFF, 0x68, 0x00, 0x00, 0x00, 0x00, 0x00, 0xDC, 0xFF, 0x68,
  0x00, 0x00, 0x00, 0x00, 0x00, 0xDC, 0xFF, 0x68, 0x00, 0x00, 0x00, 0x00, 0x00, 0xD9, 0xFF, 0x6B,
  0x00, 0x00, 0x00, 0x00, 0x00, 0xC9, 0xFF, 0xAC, 0x0F, 0x18, 0x00, 0x00, 0x00, 0x90, 0xFF, 0xFF,
  0xFF, 0xD1, 0x00, 0x00, 0x00, 0x0D, 0x9F, 0xEC, 0xF8, 0xD6, 0x00, 0x00, 0x58, 0xFF, 0xF4, 0x00,
  0x00, 0x00, 0x00, 0x00, 0x00, 0xB0, 0xFF, 0x98, 0x00, 0x00, 0x58, 0xFF, 0xF4, 0x00, 0x00, 0x00,
  0x00, 0x00, 0x00, 0xB0, 0xFF, 0x98, 0x00, 0x00, 0x58, 0xFF, 0xF4, 0x00, 0x00, 0x00, 0x00, 0x00,
  0x00, 0xB0, 0xFF, 0x98, 0x00, 0x00, 0x58, 0xFF, 0xF4, 0x00, 0x00, 0x00, 0x00, 0x00, 0x00, 0xB0,
  0xFF, 0x98, 0x00, 0x00, 0x58, 0xFF, 0xF4, 0x00, 0x00, 0x00, 0x00, 0x00, 0x00, 0xB0, 0xFF, 0x98,
  0x00, 0x00, 0x58, 0xFF, 0xF4, 0x00, 0x00, 0x00, 0x00, 0x00, 0x00, 0xB0, 0xFF, 0x98, 0x00, 0x00,
  0x58, 0xFF, 0xF4, 0x00, 0x00, 0x00, 0x00, 0x00, 0x00, 0xB0, 0xFF, 0x98, 0x00, 0x00, 0x58, 0xFF,
  0xF4, 0x00, 0x00, 0x00, 0x00, 0x00, 0x00, 0xB3, 0xFF, 0x98, 0x00, 0x00, 0x57, 0xFF, 0xF6, 0x00,
  0x00, 0x00, 0x00, 0x00, 0x00, 0xC2, 0xFF, 0x98, 0x00, 0x00, 0x50, 0xFF, 0xFF, 0x06, 0x00, 0x00,
  0x00, 0x00, 0x01, 0xED, 0xFF, 0x98, 0x00, 0x00, 0x35, 0xFF, 0xFF, 0x49, 0x00, 0x00, 0x00, 0x00,
  0x5E, 0xFF, 0xFF, 0x98, 0x00, 0x00, 0x04, 0xEA, 0xFF, 0xE4, 0x47, 0x0A, 0x1C, 0x7C, 0xFA, 0xF4,
  0xFF, 0x98, 0x00, 0x00, 0x00, 0x5A, 0xFE, 0xFF, 0xFF, 0xFF, 0xFF, 0xFF, 0xC7, 0x7F, 0xFF, 0x98,
  0x00, 0x00, 0x00, 0x00, 0x3D, 0xB1, 0xEC, 0xF7, 0xD5, 0x79, 0x06, 0x74, 0xFF, 0x98, 0x00, 0x7E,
  0xFF, 0xE8, 0x03, 0x00, 0x00, 0x00, 0x00, 0x00, 0x00, 0xD5, 0xFF, 0x84, 0x21, 0xFE, 0xFF, 0x44,
  0x00, 0x00, 0x00, 0x00, 0x00, 0x2F, 0xFF, 0xFF, 0x27, 0x00, 0xC2, 0xFF, 0x9C, 0x00, 0x00, 0x00,
  0x00, 0x00, 0x89, 0xFF, 0xCA, 0x00, 0x00, 0x64, 0xFF, 0xEE, 0x06, 0x00, 0x00, 0x00, 0x01, 0xE1,
  0xFF, 0x6C, 0x00, 0x00, 0x0F, 0xF7, 0xFF, 0x4D, 0x00, 0x00, 0x00, 0x3D, 0xFF, 0xFA, 0x14, 0x00,
  0x00, 0x00, 0xA9, 0xFF, 0xA5, 0x00, 0x00, 0x00, 0x97, 0xFF, 0xB1, 0x00, 0x00, 0x00, 0x00, 0x4B,
  0xFF, 0xF4, 0x0A, 0x00, 0x04, 0xEB, 0xFF, 0x54, 0x00, 0x00, 0x00, 0x00, 0x04, 0xE9, 0xFF, 0x56,
  0x00, 0x4A, 0xFF, 0xEF, 0x07, 0x00, 0x00, 0x00, 0x00, 0x00, 0x90, 0xFF, 0xAC, 0x00, 0xA3, 0xFF,
  0x99, 0x00, 0x00, 0x00, 0x00, 0x00, 0x00, 0x32, 0xFF, 0xF3, 0x0F, 0xF2, 0xFF, 0x3C, 0x00, 0x00,
  0x00, 0x00, 0x00, 0x00, 0x00, 0xD4, 0xFF, 0x94, 0xFF, 0xDD, 0x00, 0x00, 0x00, 0x00, 0x00, 0x00,
  0x00, 0x00, 0x77, 0xFF, 0xFC, 0xFF, 0x81, 0x00, 0x00, 0x00, 0x00, 0x00, 0x00, 0x00, 0x00, 0x1B,
  0xFD, 0xFF, 0xFF, 0x24, 0x00, 0x00, 0x00, 0x00, 0x00, 0x00, 0x00, 0x00, 0x00, 0xBB, 0xFF, 0xC6,
  0x00, 0x00, 0x00, 0x00, 0x00, 0xC7, 0xFF, 0x90, 0x00, 0x00, 0x00, 0x00, 0x00, 0xE5, 0xFF, 0xB2,
  0x00, 0x00, 0x00, 0x00, 0x00, 0xC8, 0xFF, 0x6C, 0x7B, 0xFF, 0xD3, 0x00, 0x00, 0x00, 0x00, 0x27,
  0xFF, 0xFF, 0xEE, 0x01, 0x00, 0x00, 0x00, 0x12, 0xFD, 0xFF, 0x20, 0x30, 0xFF, 0xFE, 0x16, 0x00,
  0x00, 0x00, 0x68, 0xFF, 0xFF, 0xFF, 0x2E, 0x00, 0x00, 0x00, 0x57, 0xFF, 0xD2, 0x00, 0x00, 0xE3,
  0xFF, 0x57, 0x00, 0x00, 0x00, 0xAA, 0xFF, 0xDD, 0xFF, 0x6C, 0x00, 0x00, 0x00, 0x9E, 0xFF, 0x85,
  0x00, 0x00, 0x99, 0xFF, 0x9A, 0x00, 0x00, 0x01, 0xEA, 0xF6, 0x76, 0xFF, 0xAA, 0x00, 0x00, 0x00,
  0xE4, 0xFF, 0x38, 0x00, 0x00, 0x4D, 0xFF, 0xDC, 0x00, 0x00, 0x2D, 0xFF, 0xBD, 0x3C, 0xFF, 0xE7,
  0x00, 0x00, 0x2D, 0xFF, 0xE9, 0x02, 0x00, 0x00, 0x0A, 0xF7, 0xFF, 0x1E, 0x00, 0x6F, 0xFF, 0x7C,
  0x07, 0xF7, 0xFF, 0x26, 0x00, 0x74, 0xFF, 0x9E, 0x00, 0x00, 0x00, 0x00, 0xB7, 0xFF, 0x61, 0x00,
  0xB1, 0xFF, 0x3B, 0x00, 0xBC, 0xFF, 0x64, 0x00, 0xBB, 0xFF, 0x50, 0x00, 0x00, 0x00, 0x00, 0x6B,
  0xFF, 0xA5, 0x02, 0xEF, 0xF5, 0x05, 0x00, 0x78, 0xFF, 0xA4, 0x0C, 0xF8, 0xF8, 0x0B, 0x00, 0x00,
  0x00, 0x00, 0x20, 0xFF, 0xEC, 0x37, 0xFF, 0xBA, 0x00, 0x00, 0x34, 0xFF, 0xE8, 0x56, 0xFF, 0xB6,
  0x00, 0x00, 0x00, 0x00, 0x00, 0x00, 0xD4, 0xFF, 0xAE, 0xFF, 0x79, 0x00, 0x00, 0x02, 0xEE, 0xFF,
  0xD0, 0xFF, 0x69, 0x00, 0x00, 0x00, 0x00, 0x00, 0x00, 0x89, 0xFF, 0xFF, 0xFF, 0x39, 0x00, 0x00,
  0x00, 0xAD, 0xFF, 0xFF, 0xFF, 0x1D, 0x00, 0x00, 0x00, 0x00, 0x00, 0x00, 0x3D, 0xFF, 0xFF, 0xF3,
  0x04, 0x00, 0x00, 0x00, 0x6A, 0xFF, 0xFF, 0xCF, 0x00, 0x00, 0x00, 0x00, 0x00, 0x00, 0x00, 0x03,
  0xEE, 0xFF, 0xB8, 0x00, 0x00, 0x00, 0x00, 0x26, 0xFF, 0xFF, 0x82, 0x00, 0x00, 0x00, 0x00, 0x24,
  0xF5, 0xFF, 0xB6, 0x00, 0x00, 0x00, 0x00, 0x00, 0x99, 0xFF, 0xF6, 0x26, 0x00, 0x6D, 0xFF, 0xFF,
  0x4F, 0x00, 0x00, 0x00, 0x3B, 0xFE, 0xFF, 0x6E, 0x00, 0x00, 0x01, 0xBF, 0xFF, 0xDE, 0x08, 0x00,
  0x06, 0xD5, 0xFF, 0xBF, 0x01, 0x00, 0x00, 0x00, 0x21, 0xF3, 0xFF, 0x81, 0x00, 0x82, 0xFF, 0xF2,
  0x1F, 0x00, 0x00, 0x00, 0x00, 0x00, 0x67, 0xFF, 0xFA, 0x83, 0xFE, 0xFF, 0x64, 0x00, 0x00, 0x00,
  0x00, 0x00, 0x00, 0x00, 0xBA, 0xFF, 0xFF, 0xFF, 0xB6, 0x00, 0x00, 0x00, 0x00, 0x00, 0x00, 0x00,
  0x00, 0x1D, 0xFA, 0xFF, 0xFC, 0x1C, 0x00, 0x00, 0x00, 0x00, 0x00, 0x00, 0x00, 0x00, 0x60, 0xFF,
  0xFF, 0xFF, 0x73, 0x00, 0x00, 0x00, 0x00, 0x00, 0x00, 0x00, 0x1E, 0xF1, 0xFF, 0xF7, 0xFF, 0xF7,
  0x27, 0x00, 0x00, 0x00, 0x00, 0x00, 0x01, 0xBC, 0xFF, 0xEB, 0x2D, 0xEA, 0xFF, 0xC7, 0x03, 0x00,
  0x00, 0x00, 0x00, 0x6D, 0xFF, 0xFF, 0x54, 0x00, 0x54, 0xFF, 0xFF, 0x76, 0x00, 0x00, 0x00, 0x25,
  0xF5, 0xFF, 0xA6, 0x00, 0x00, 0x00, 0xAA, 0xFF, 0xF8, 0x29, 0x00, 0x03, 0xC6, 0xFF, 0xE6, 0x12,
  0x00, 0x00, 0x00, 0x15, 0xEA, 0xFF, 0xCA, 0x03, 0x79, 0xFF, 0xFF, 0x4B, 0x00, 0x00, 0x00, 0x00,
  0x00, 0x55, 0xFF, 0xFF, 0x7A, 0x65, 0xFF, 0xFA, 0x13, 0x00, 0x00, 0x00, 0x00, 0x00, 0x00, 0xB1,
  0xFF, 0x95, 0x0E, 0xF6, 0xFF, 0x6A, 0x00, 0x00, 0x00, 0x00, 0x00, 0x0F, 0xF8, 0xFF, 0x3A, 0x00,
  0xA6, 0xFF, 0xC7, 0x00, 0x00, 0x00, 0x00, 0x00, 0x61, 0xFF, 0xDD, 0x00, 0x00, 0x46, 0xFF, 0xFF,
  0x25, 0x00, 0x00, 0x00, 0x00, 0xB9, 0xFF, 0x82, 0x00, 0x00, 0x02, 0xE4, 0xFF, 0x81, 0x00, 0x00,
  0x00, 0x15, 0xFB, 0xFF, 0x26, 0x00, 0x00, 0x00, 0x88, 0xFF, 0xDD, 0x00, 0x00, 0x00, 0x6A, 0xFF,
  0xCA, 0x00, 0x00, 0x00, 0x00, 0x28, 0xFF, 0xFF, 0x3B, 0x00, 0x00, 0xC2, 0xFF, 0x6E, 0x00, 0x00,
  0x00, 0x00, 0x00, 0xC9, 0xFF, 0x98, 0x00, 0x1B, 0xFE, 0xFB, 0x16, 0x00, 0x00, 0x00, 0x00, 0x00,
  0x6A, 0xFF, 0xE9, 0x02, 0x73, 0xFF, 0xB6, 0x00, 0x00, 0x00, 0x00, 0x00, 0x00, 0x11, 0xF8, 0xFF,
  0x3D, 0xD0, 0xFF, 0x5A, 0x00, 0x00, 0x00, 0x00, 0x00, 0x00, 0x00, 0xAB, 0xFF, 0xBE, 0xFF, 0xF3,
  0x0A, 0x00, 0x00, 0x00, 0x00, 0x00, 0x00, 0x00, 0x4C, 0xFF, 0xFF, 0xFF, 0xA2, 0x00, 0x00, 0x00,
  0x00, 0x00, 0x00, 0x00, 0x00, 0x04, 0xE8, 0xFF, 0xFF, 0x46, 0x00, 0x00, 0x00, 0x00, 0x00, 0x00,
  0x00, 0x00, 0x00, 0x94, 0xFF, 0xE7, 0x03, 0x00, 0x00, 0x00, 0x00, 0x00, 0x00, 0x00, 0x00, 0x00,
  0xBF, 0xFF, 0x89, 0x00, 0x00, 0x00, 0x00, 0x00, 0x00, 0x00, 0x00, 0x00, 0x23, 0xFE, 0xFC, 0x20,
  0x00, 0x00, 0x00, 0x00, 0x00, 0x00, 0x18, 0x09, 0x23, 0xCC, 0xFF, 0xA3, 0x00, 0x00, 0x00, 0x00,
  0x00, 0x00, 0x00, 0x8D, 0xFF, 0xFF, 0xFF, 0xE9, 0x19, 0x00, 0x00, 0x00, 0x00, 0x00, 0x00, 0x00,
  0x57, 0xE7, 0xF3, 0xB7, 0x25, 0x00, 0x00, 0x00, 0x00, 0x00, 0x00, 0x00, 0x00, 0xFC, 0xFF, 0xFF,
  0xFF, 0xFF, 0xFF, 0xFF, 0xFF, 0xFF, 0xFF, 0xFF, 0x08, 0x00, 0xFC, 0xFF, 0xFF, 0xFF, 0xFF, 0xFF,
  0xFF, 0xFF, 0xFF, 0xFF, 0xF8, 0x05, 0x00, 0x00, 0x00, 0x00, 0x00, 0x00, 0x00, 0x00, 0x56, 0xFE,
  0xFF, 0x5E, 0x00, 0x00, 0x00, 0x00, 0x00, 0x00, 0x00, 0x00, 0x37, 0xF7, 0xFF, 0x89, 0x00, 0x00,
  0x00, 0x00, 0x00, 0x00, 0x00, 0x00, 0x1E, 0xE8, 0xFF, 0xB2, 0x02, 0x00, 0x00, 0x00, 0x00, 0x00,
  0x00, 0x00, 0x0D, 0xD2, 0xFF, 0xD2, 0x0D, 0x00, 0x00, 0x00, 0x00, 0x00, 0x00, 0x00, 0x03, 0xB5,
  0xFF, 0xEA, 0x20, 0x00, 0x00, 0x00, 0x00, 0x00, 0x00, 0x00, 0x00, 0x93, 0xFF, 0xF9, 0x3D, 0x00,
  0x00, 0x00, 0x00, 0x00, 0x00, 0x00, 0x00, 0x6C, 0xFF, 0xFF, 0x62, 0x00, 0x00, 0x00, 0x00, 0x00,
  0x00, 0x00, 0x00, 0x48, 0xFC, 0xFF, 0x8D, 0x00, 0x00, 0x00, 0x00, 0x00, 0x00, 0x00, 0x00, 0x2C,
  0xF1, 0xFF, 0xB2, 0x02, 0x00, 0x00, 0x00, 0x00, 0x00, 0x00, 0x00, 0x17, 0xE0, 0xFF, 0xC1, 0x09,
  0x00, 0x00, 0x00, 0x00, 0x00, 0x00, 0x00, 0x00, 0x7A, 0xFF, 0xFF, 0xFF, 0xFF, 0xFF, 0xFF, 0xFF,
  0xFF, 0xFF, 0xFF, 0xFF, 0x70, 0x7C, 0xFF, 0xFF, 0xFF, 0xFF, 0xFF, 0xFF, 0xFF, 0xFF, 0xFF, 0xFF,
  0xFF, 0x70, 0x00, 0x00, 0x00, 0x00, 0x2F, 0xB9, 0xF5, 0xFF, 0x14, 0x00, 0x00, 0x00, 0x13, 0xED,
  0xFF, 0xFF, 0xFF, 0x14, 0x00, 0x00, 0x00, 0x67, 0xFF, 0xE0, 0x32, 0x06, 0x00, 0x00, 0x00, 0x00,
  0x93, 0xFF, 0x92, 0x00, 0x00, 0x00, 0x00, 0x00, 0x00, 0xA1, 0xFF, 0x80, 0x00, 0x00, 0x00, 0x00,
  0x00, 0x00, 0xA6, 0xFF, 0x7E, 0x00, 0x00, 0x00, 0x00, 0x00, 0x00, 0xA9, 0xFF, 0x7A, 0x00, 0x00,
  0x00, 0x00, 0x00, 0x00, 0xB0, 0xFF, 0x72, 0x00, 0x00, 0x00, 0x00, 0x00, 0x00, 0xC4, 0xFF, 0x5E,
  0x00, 0x00, 0x00, 0x00, 0x00, 0x0E, 0xF4, 0xFF, 0x22, 0x00, 0x00, 0x00, 0x01, 0x27, 0xB8, 0xFF,
  0xAD, 0x00, 0x00, 0x00, 0x00, 0x48, 0xFF, 0xFE, 0x9D, 0x0A, 0x00, 0x00, 0x00, 0x00, 0x48, 0xFF,
  0xFD, 0x99, 0x0A, 0x00, 0x00, 0x00, 0x00, 0x01, 0x29, 0xBB, 0xFF, 0xA5, 0x00, 0x00, 0x00, 0x00,
  0x00, 0x00, 0x0F, 0xF5, 0xFF, 0x23, 0x00, 0x00, 0x00, 0x00, 0x00, 0x00, 0xC5, 0xFF, 0x5B, 0x00,
  0x00, 0x00, 0x00, 0x00, 0x00, 0xB0, 0xFF, 0x74, 0x00, 0x00, 0x00, 0x00, 0x00, 0x00, 0xAA, 0xFF,
  0x7E, 0x00, 0x00, 0x00, 0x00, 0x00, 0x00, 0xA7, 0xFF, 0x80, 0x00, 0x00, 0x00, 0x00, 0x00, 0x00,
  0x9F, 0xFF, 0x82, 0x00, 0x00, 0x00, 0x00, 0x00, 0x00, 0x90, 0xFF, 0x92, 0x00, 0x00, 0x00, 0x00,
  0x00, 0x00, 0x68, 0xFF, 0xE3, 0x2B, 0x04, 0x00, 0x00, 0x00, 0x00, 0x14, 0xEE, 0xFF, 0xFF, 0xFF,
  0x14, 0x00, 0x00, 0x00, 0x00, 0x30, 0xBD, 0xF3, 0xFF, 0x14, 0x00, 0x00, 0x9C, 0xFF, 0x60, 0x00,
  0x00, 0x00, 0x00, 0x9C, 0xFF, 0x60, 0x00, 0x00, 0x00, 0x00, 0x9C, 0xFF, 0x60, 0x00, 0x00, 0x00,
  0x00, 0x9C, 0xFF, 0x60, 0x00, 0x00, 0x00, 0x00, 0x9C, 0xFF, 0x60, 0x00, 0x00, 0x00, 0x00, 0x9C,
  0xFF, 0x60, 0x00, 0x00, 0x00, 0x00, 0x9C, 0xFF, 0x60, 0x00, 0x00, 0x00, 0x00, 0x9C, 0xFF, 0x60,
  0x00, 0x00, 0x00, 0x00, 0x9C, 0xFF, 0x60, 0x00, 0x00, 0x00, 0x00, 0x9C, 0xFF, 0x60, 0x00, 0x00,
  0x00, 0x00, 0x9C, 0xFF, 0x60, 0x00, 0x00, 0x00, 0x00, 0x9C, 0xFF, 0x60, 0x00, 0x00, 0x00, 0x00,
  0x9C, 0xFF, 0x60, 0x00, 0x00, 0x00, 0x00, 0x9C, 0xFF, 0x60, 0x00, 0x00, 0x00, 0x00, 0x9C, 0xFF,
  0x60, 0x00, 0x00, 0x00, 0x00, 0x9C, 0xFF, 0x60, 0x00, 0x00, 0x00, 0x00, 0x9C, 0xFF, 0x60, 0x00,
  0x00, 0x00, 0x00, 0x9C, 0xFF, 0x60, 0x00, 0x00, 0x00, 0x00, 0x9C, 0xFF, 0x60, 0x00, 0x00, 0x00,
  0x00, 0x9C, 0xFF, 0x60, 0x00, 0x00, 0x00, 0x00, 0x9C, 0xFF, 0x60, 0x00, 0x00, 0x00, 0x00, 0x9C,
  0xFF, 0x60, 0x00, 0x00, 0x00, 0x00, 0x9C, 0xFF, 0x60, 0x00, 0x00, 0x00, 0x00, 0x9C, 0xFF, 0x60,
  0x00, 0x00, 0x68, 0xFC, 0xE9, 0x99, 0x0B, 0x00, 0x00, 0x00, 0x00, 0x68, 0xFF, 0xFF, 0xFF, 0xAC,
  0x00, 0x00, 0x00, 0x00, 0x00, 0x0B, 0x5F, 0xFF, 0xFE, 0x15, 0x00, 0x00, 0x00, 0x00, 0x00, 0x00,
  0xE9, 0xFF, 0x3A, 0x00, 0x00, 0x00, 0x00, 0x00, 0x00, 0xD8, 0xFF, 0x49, 0x00, 0x00, 0x00, 0x00,
  0x00, 0x00, 0xD5, 0xFF, 0x4E, 0x00, 0x00, 0x00, 0x00, 0x00, 0x00, 0xD2, 0xFF, 0x51, 0x00, 0x00,
  0x00, 0x00, 0x00, 0x00, 0xCA, 0xFF, 0x5A, 0x00, 0x00, 0x00, 0x00, 0x00, 0x00, 0xB1, 0xFF, 0x6F,
  0x00, 0x00, 0x00, 0x00, 0x00, 0x00, 0x7B, 0xFF, 0xAF, 0x00, 0x00, 0x00, 0x00, 0x00, 0x00, 0x16,
  0xE4, 0xFF, 0x7B, 0x13, 0x00, 0x00, 0x00, 0x00, 0x00, 0x28, 0xC8, 0xFF, 0xF4, 0x00, 0x00, 0x00,
  0x00, 0x00, 0x2F, 0xCF, 0xFF, 0xF4, 0x00, 0x00, 0x00, 0x00, 0x13, 0xEC, 0xFF, 0x7C, 0x13, 0x00,
  0x00, 0x00, 0x00, 0x77, 0xFF, 0xB0, 0x00, 0x00, 0x00, 0x00, 0x00, 0x00, 0xB3, 0xFF, 0x6F, 0x00,
  0x00, 0x00, 0x00, 0x00, 0x00, 0xC9, 0xFF, 0x59, 0x00, 0x00, 0x00, 0x00, 0x00, 0x00, 0xD0, 0xFF,
  0x51, 0x00, 0x00, 0x00, 0x00, 0x00, 0x00, 0xD3, 0xFF, 0x4E, 0x00, 0x00, 0x00, 0x00, 0x00, 0x00,
  0xD5, 0xFF, 0x4B, 0x00, 0x00, 0x00, 0x00, 0x00, 0x00, 0xE7, 0xFF, 0x3E, 0x00, 0x00, 0x00, 0x00,
  0x0D, 0x62, 0xFF, 0xFE, 0x15, 0x00, 0x00, 0x00, 0x68, 0xFF, 0xFF, 0xFF, 0xA3, 0x00, 0x00, 0x00,
  0x00, 0x68, 0xFD, 0xEB, 0x8F, 0x0B, 0x00, 0x00, 0x00, 0x00, 0x00, 0x00, 0x5B, 0xCF, 0xF8, 0xE6,
  0xA1, 0x3B, 0x00, 0x00, 0x00, 0x00, 0x00, 0x62, 0x16, 0x00, 0x79, 0xFF, 0xFF, 0xFF, 0xFF, 0xFF,
  0xFF, 0xC2, 0x4D, 0x0C, 0x22, 0x96, 0xFF, 0x18, 0x00, 0xE4, 0xB2, 0x2C, 0x0A, 0x37, 0x9D, 0xF8,
  0xFF, 0xFF, 0xFF, 0xFF, 0xFF, 0xA3, 0x01, 0x00, 0x7D, 0x01, 0x00, 0x00, 0x00, 0x00, 0x1B, 0x8B,
  0xD9, 0xF7, 0xDD, 0x75, 0x02, 0x00, 0x00, 0x00, 0x00, 0x00, 0x00, 0x00, 0x00, 0x00, 0x00, 0x00,
  0x00, 0x00, 0x00, 0x00, 0x00, 0x00, 0x00, 0x00, 0x00, 0x00, 0x00, 0x00, 0x00, 0x00, 0x00, 0x00,
  0x00, 0x00, 0x00, 0x00, 0x00, 0x00, 0x00, 0x00, 0x00, 0x00, 0x00, 0x00, 0x00, 0x00, 0x00, 0x00,
  0x00, 0x00, 0x00, 0x00, 0x00, 0x00, 0x00, 0x00, 0x00, 0x00, 0x00, 0x00, 0x00, 0x00, 0x00, 0x00,
  0x00, 0x00, 0x00, 0x00, 0x00, 0x00, 0x00, 0x00, 0x00, 0x00, 0x00, 0x00, 0x00, 0x00, 0x00, 0x00,
  0x00, 0x00, 0x00, 0x00, 0x00, 0x00, 0x00, 0x00, 0x00, 0x00, 0x00, 0x00, 0x00, 0x00, 0x00, 0x00,
  0x00, 0x00, 0x00, 0x00, 0x00, 0x00, 0x00, 0x00, 0x00, 0x00, 0x00, 0x00, 0x00, 0x00, 0x00,
};
